status,parameter_provenance,n_air,n_glass,n_water,camera_to_inner_interface_m,glass_thickness_m,field_band,disparity_band,correspondence_count,z_left_camera_median,z_left_camera_mean,ray_gap_median,relative_to_custom_pinhole_median,relative_to_custom_pinhole_p95
hypothetical_sensitivity_only,hypothetical_grid_not_measured,1.0,1.47,1.33,0.005,0.003,central,far_disparity,39,3.012813773474518,3.052373692938601,0.002257973004728931,0.2865181838123183,0.29029684702723824
hypothetical_sensitivity_only,hypothetical_grid_not_measured,1.0,1.47,1.33,0.005,0.003,central,mid_disparity,104,2.847390179356047,2.847629479391718,0.0016841747277543595,0.28712972543540305,0.29171287553038244
hypothetical_sensitivity_only,hypothetical_grid_not_measured,1.0,1.47,1.33,0.005,0.003,central,near_disparity,96,2.734551235623472,2.742865507550358,0.0017214421627884525,0.2901577484769915,0.29594913692255864
hypothetical_sensitivity_only,hypothetical_grid_not_measured,1.0,1.47,1.33,0.005,0.003,mid_fov,far_disparity,415,3.033840445468485,3.1137118834296196,0.0014780382503768925,0.29939103130690503,0.32043417665101265
hypothetical_sensitivity_only,hypothetical_grid_not_measured,1.0,1.47,1.33,0.005,0.003,mid_fov,mid_disparity,335,2.8564643379309285,2.8561966625636006,0.0016897535473486772,0.2992649342086524,0.32147138630027583
hypothetical_sensitivity_only,hypothetical_grid_not_measured,1.0,1.47,1.33,0.005,0.003,mid_fov,near_disparity,429,2.7478361932028847,2.7503626695098746,0.001908923486826599,0.3044940020428435,0.32502326822605426
hypothetical_sensitivity_only,hypothetical_grid_not_measured,1.0,1.47,1.33,0.005,0.003,near_edge,far_disparity,339,3.112945673566462,3.230367105284654,0.0016145947200534336,0.3334397767767756,0.3894777417899567
hypothetical_sensitivity_only,hypothetical_grid_not_measured,1.0,1.47,1.33,0.005,0.003,near_edge,mid_disparity,353,2.8784007128149325,2.8774455055394075,0.0011473382082965932,0.3184507155812246,0.3422790671377228
hypothetical_sensitivity_only,hypothetical_grid_not_measured,1.0,1.47,1.33,0.005,0.003,near_edge,near_disparity,268,2.772187499886835,2.7713905147269706,0.0036774614131632874,0.3216452824816878,0.43625568751236393
hypothetical_sensitivity_only,hypothetical_grid_not_measured,1.0,1.47,1.33,0.005,0.005,central,far_disparity,39,3.012977498342902,3.0525377553348996,0.0022579709161188845,0.28658812894180774,0.29037029330495695
hypothetical_sensitivity_only,hypothetical_grid_not_measured,1.0,1.47,1.33,0.005,0.005,central,mid_disparity,104,2.84755700924607,2.84779518619592,0.0016841817767432828,0.28720489755428313,0.2917896009898144
hypothetical_sensitivity_only,hypothetical_grid_not_measured,1.0,1.47,1.33,0.005,0.005,central,near_disparity,96,2.7347197800757534,2.743032569568399,0.0017214195051735344,0.2902374888490098,0.29603073870985186
hypothetical_sensitivity_only,hypothetical_grid_not_measured,1.0,1.47,1.33,0.005,0.005,mid_fov,far_disparity,415,3.034013500738615,3.1138819555192554,0.0014780500609431345,0.2994648362097132,0.320514554745829
hypothetical_sensitivity_only,hypothetical_grid_not_measured,1.0,1.47,1.33,0.005,0.005,mid_fov,mid_disparity,335,2.8566377019050457,2.8563681441361357,0.0016897959300381717,0.29934323672917174,0.32155302596584506
hypothetical_sensitivity_only,hypothetical_grid_not_measured,1.0,1.47,1.33,0.005,0.005,mid_fov,near_disparity,429,2.7480156037443146,2.750535445457823,0.001908975603935689,0.3045763002149271,0.32511123893451643
hypothetical_sensitivity_only,hypothetical_grid_not_measured,1.0,1.47,1.33,0.005,0.005,near_edge,far_disparity,339,3.1131348135467043,3.2305481525742725,0.0016147845795810867,0.3335214802895008,0.38955886711362503
hypothetical_sensitivity_only,hypothetical_grid_not_measured,1.0,1.47,1.33,0.005,0.005,near_edge,mid_disparity,353,2.8785745616224965,2.8776227889872934,0.0011470234239791058,0.3185317686074476,0.34236328870344795
hypothetical_sensitivity_only,hypothetical_grid_not_measured,1.0,1.47,1.33,0.005,0.005,near_edge,near_disparity,268,2.772363135745029,2.7715705913865993,0.0036776140740079613,0.3217290325549147,0.436362908685639
hypothetical_sensitivity_only,hypothetical_grid_not_measured,1.0,1.47,1.33,0.005,0.008,central,far_disparity,39,3.0132230856454774,3.0527838489293484,0.002257967783203815,0.28669304663604067,0.2904804627215357
hypothetical_sensitivity_only,hypothetical_grid_not_measured,1.0,1.47,1.33,0.005,0.008,central,mid_disparity,104,2.8478072540811024,2.8480437464022237,0.0016841923502266642,0.2873176557326035,0.291904689178962
hypothetical_sensitivity_only,hypothetical_grid_not_measured,1.0,1.47,1.33,0.005,0.008,central,near_disparity,96,2.7349725967541745,2.7432831625954606,0.001721385518751165,0.29035709940703736,0.29615314139079163
hypothetical_sensitivity_only,hypothetical_grid_not_measured,1.0,1.47,1.33,0.005,0.008,mid_fov,far_disparity,415,3.03427308364381,3.1141370636537102,0.0014780677767924817,0.2995755435639258,0.3206351218880533
hypothetical_sensitivity_only,hypothetical_grid_not_measured,1.0,1.47,1.33,0.005,0.008,mid_fov,mid_disparity,335,2.8568977478662214,2.8566253664949395,0.0016898595040725228,0.29946069050994906,0.3216754854641989
hypothetical_sensitivity_only,hypothetical_grid_not_measured,1.0,1.47,1.33,0.005,0.008,mid_fov,near_disparity,429,2.748284719556458,2.7507946093797453,0.0019090537795993954,0.3046997474730522,0.3252431949972101
hypothetical_sensitivity_only,hypothetical_grid_not_measured,1.0,1.47,1.33,0.005,0.008,near_edge,far_disparity,339,3.113418523517068,3.2308197235086986,0.0016150693688725306,0.33364403555858857,0.38968055509912797
hypothetical_sensitivity_only,hypothetical_grid_not_measured,1.0,1.47,1.33,0.005,0.008,near_edge,mid_disparity,353,2.878835334833844,2.8778887141591225,0.0011465512475027477,0.3186533481467815,0.34248962105203595
hypothetical_sensitivity_only,hypothetical_grid_not_measured,1.0,1.47,1.33,0.005,0.008,near_edge,near_disparity,268,2.7726265895323183,2.771840706376043,0.003677843065274894,0.3218546576647555,0.43652374044555287
hypothetical_sensitivity_only,hypothetical_grid_not_measured,1.0,1.47,1.33,0.005,0.01,central,far_disparity,39,3.013386810513861,3.052947911325648,0.002257965694593769,0.2867629917655301,0.29055390899925515
hypothetical_sensitivity_only,hypothetical_grid_not_measured,1.0,1.47,1.33,0.005,0.01,central,mid_disparity,104,2.847974083971124,2.848209453206427,0.0016841993992155859,0.28739282785148335,0.291981414638394
hypothetical_sensitivity_only,hypothetical_grid_not_measured,1.0,1.47,1.33,0.005,0.01,central,near_disparity,96,2.735141141206456,2.743450224613501,0.001721362861136247,0.2904368397790561,0.2962347431780853
hypothetical_sensitivity_only,hypothetical_grid_not_measured,1.0,1.47,1.33,0.005,0.01,mid_fov,far_disparity,415,3.0344461389139408,3.114307135743347,0.001478079587358723,0.29964934846673397,0.3207154999828698
hypothetical_sensitivity_only,hypothetical_grid_not_measured,1.0,1.47,1.33,0.005,0.01,mid_fov,mid_disparity,335,2.857071111840339,2.856796848067474,0.0016899018867620884,0.2995389930304677,0.3217571251297684
hypothetical_sensitivity_only,hypothetical_grid_not_measured,1.0,1.47,1.33,0.005,0.01,mid_fov,near_disparity,429,2.7484641300978865,2.7509673853276944,0.001909105896708601,0.3047820456451362,0.3253311657056724
hypothetical_sensitivity_only,hypothetical_grid_not_measured,1.0,1.47,1.33,0.005,0.01,near_edge,far_disparity,339,3.1136076634973113,3.231000770798317,0.0016152592284001475,0.3337257390713142,0.3897616804227967
hypothetical_sensitivity_only,hypothetical_grid_not_measured,1.0,1.47,1.33,0.005,0.01,near_edge,mid_disparity,353,2.8790091836414082,2.878065997607009,0.0011462364631852201,0.31873440117300444,0.34257384261776125
hypothetical_sensitivity_only,hypothetical_grid_not_measured,1.0,1.47,1.33,0.005,0.01,near_edge,near_disparity,268,2.772802225390512,2.7720207830356713,0.003677995726119549,0.321938407737983,0.43663096161882897
hypothetical_sensitivity_only,hypothetical_grid_not_measured,1.0,1.47,1.33,0.01,0.003,central,far_disparity,39,3.0113902502063343,3.0509437032367477,0.002257995200410047,0.28591046144573684,0.2896512660011865
hypothetical_sensitivity_only,hypothetical_grid_not_measured,1.0,1.47,1.33,0.01,0.003,central,mid_disparity,104,2.845930215589333,2.846187010674773,0.0016841052339029742,0.286475976874912,0.2910380244296636
hypothetical_sensitivity_only,hypothetical_grid_not_measured,1.0,1.47,1.33,0.01,0.003,central,near_disparity,96,2.733072622273614,2.741408228597057,0.0017217035075604201,0.28946629026118786,0.29522847103315514
hypothetical_sensitivity_only,hypothetical_grid_not_measured,1.0,1.47,1.33,0.01,0.003,mid_fov,far_disparity,415,3.032270319469254,3.112183556090759,0.0014776453802998624,0.29873008694629566,0.3196913997844173
hypothetical_sensitivity_only,hypothetical_grid_not_measured,1.0,1.47,1.33,0.01,0.003,mid_fov,mid_disparity,335,2.8549019274050362,2.8546624947673975,0.001689209472491888,0.2985690248639641,0.3207164531018325
hypothetical_sensitivity_only,hypothetical_grid_not_measured,1.0,1.47,1.33,0.01,0.003,mid_fov,near_disparity,429,2.746181854097564,2.7488145183554766,0.0019081960561019636,0.30376017873070715,0.3242090602254267
hypothetical_sensitivity_only,hypothetical_grid_not_measured,1.0,1.47,1.33,0.01,0.003,near_edge,far_disparity,339,3.1110883660218445,3.228637976527961,0.0016087466473530612,0.3326692059939509,0.3886455862110236
hypothetical_sensitivity_only,hypothetical_grid_not_measured,1.0,1.47,1.33,0.01,0.003,near_edge,mid_disparity,353,2.8768252287131646,2.8758118886964037,0.0011505979520754334,0.3177059632922923,0.3414748206083071
hypothetical_sensitivity_only,hypothetical_grid_not_measured,1.0,1.47,1.33,0.01,0.003,near_edge,near_disparity,268,2.7705882231795753,2.7697048956778425,0.0036744638273967928,0.32088759330358707,0.43515999959569146
hypothetical_sensitivity_only,hypothetical_grid_not_measured,1.0,1.47,1.33,0.01,0.005,central,far_disparity,39,3.0115539750747176,3.0511077656330476,0.0022579931117999975,0.2859804065752247,0.28972471227890584
hypothetical_sensitivity_only,hypothetical_grid_not_measured,1.0,1.47,1.33,0.01,0.005,central,mid_disparity,104,2.846097045479354,2.846352717478976,0.0016841122828918959,0.2865511489937922,0.2911147498890952
hypothetical_sensitivity_only,hypothetical_grid_not_measured,1.0,1.47,1.33,0.01,0.005,central,near_disparity,96,2.7332411667258945,2.741575290615098,0.0017216808499455104,0.289545405823611,0.2953100728204486
hypothetical_sensitivity_only,hypothetical_grid_not_measured,1.0,1.47,1.33,0.01,0.005,mid_fov,far_disparity,415,3.032443374739384,3.112353628180396,0.0014776571908661177,0.29880389184910405,0.31977177787923394
hypothetical_sensitivity_only,hypothetical_grid_not_measured,1.0,1.47,1.33,0.01,0.005,mid_fov,mid_disparity,335,2.855075291379154,2.8548339763399335,0.0016892518551814618,0.2986473273844825,0.3207980927674017
hypothetical_sensitivity_only,hypothetical_grid_not_measured,1.0,1.47,1.33,0.01,0.005,mid_fov,near_disparity,429,2.7463612646389937,2.748987294303425,0.001908248173211138,0.30383838224230497,0.32429703093388934
hypothetical_sensitivity_only,hypothetical_grid_not_measured,1.0,1.47,1.33,0.01,0.005,near_edge,far_disparity,339,3.111277506002087,3.228819023817579,0.0016091522224379604,0.3327509095066761,0.3887267115346924
hypothetical_sensitivity_only,hypothetical_grid_not_measured,1.0,1.47,1.33,0.01,0.005,near_edge,mid_disparity,353,2.87699907752073,2.87598917214429,0.0011502772004266149,0.3177870163185148,0.34155904217403193
hypothetical_sensitivity_only,hypothetical_grid_not_measured,1.0,1.47,1.33,0.01,0.005,near_edge,near_disparity,268,2.7707638590377694,2.7698849723374708,0.003674616488241523,0.32096775375666386,0.435267220768967
hypothetical_sensitivity_only,hypothetical_grid_not_measured,1.0,1.47,1.33,0.01,0.008,central,far_disparity,39,3.011799562377295,3.051353859227495,0.0022579899788849277,0.2860853242694583,0.2898348816954847
hypothetical_sensitivity_only,hypothetical_grid_not_measured,1.0,1.47,1.33,0.01,0.008,central,mid_disparity,104,2.8463472903143874,2.84660127768528,0.0016841228563752749,0.2866639071721123,0.2912298380782427
hypothetical_sensitivity_only,hypothetical_grid_not_measured,1.0,1.47,1.33,0.01,0.008,central,near_disparity,96,2.7334939834043164,2.7418258836421594,0.0017216468635231346,0.2896640791672458,0.29543247550138857
hypothetical_sensitivity_only,hypothetical_grid_not_measured,1.0,1.47,1.33,0.01,0.008,mid_fov,far_disparity,415,3.032702957644579,3.1126087363148507,0.00147767490671548,0.29891459920331664,0.31989234502145886
hypothetical_sensitivity_only,hypothetical_grid_not_measured,1.0,1.47,1.33,0.01,0.008,mid_fov,mid_disparity,335,2.855335337340329,2.855091198698736,0.0016893154292157413,0.29876478116526006,0.32092055226575533
hypothetical_sensitivity_only,hypothetical_grid_not_measured,1.0,1.47,1.33,0.01,0.008,mid_fov,near_disparity,429,2.746630380451138,2.749246458225348,0.001908326348874819,0.30396182950043005,0.32442898699658285
hypothetical_sensitivity_only,hypothetical_grid_not_measured,1.0,1.47,1.33,0.01,0.008,near_edge,far_disparity,339,3.1115612159724506,3.2290905947520065,0.0016097605850649832,0.33287346477576407,0.38884839952019495
hypothetical_sensitivity_only,hypothetical_grid_not_measured,1.0,1.47,1.33,0.01,0.008,near_edge,mid_disparity,353,2.8772598507320755,2.8762550973161187,0.0011497960729534317,0.3179085958578487,0.34168537452261993
hypothetical_sensitivity_only,hypothetical_grid_not_measured,1.0,1.47,1.33,0.01,0.008,near_edge,near_disparity,268,2.7710273128250593,2.770155087326914,0.003674845479508612,0.321089424626686,0.43542805252888106
hypothetical_sensitivity_only,hypothetical_grid_not_measured,1.0,1.47,1.33,0.01,0.01,central,far_disparity,39,3.0119632872456776,3.0515179216237946,0.0022579878902748746,0.2861552693989471,0.28990832797320426
hypothetical_sensitivity_only,hypothetical_grid_not_measured,1.0,1.47,1.33,0.01,0.01,central,mid_disparity,104,2.846514120204409,2.846766984489482,0.0016841299053641896,0.2867390792909923,0.29130656353767476
hypothetical_sensitivity_only,hypothetical_grid_not_measured,1.0,1.47,1.33,0.01,0.01,central,near_disparity,96,2.733662527856597,2.7419929456602006,0.001721624205908216,0.2897431947296687,0.295514077288682
hypothetical_sensitivity_only,hypothetical_grid_not_measured,1.0,1.47,1.33,0.01,0.01,mid_fov,far_disparity,415,3.0328760129147097,3.112778808404486,0.0014776867172816932,0.2989884041061244,0.3199727231162745
hypothetical_sensitivity_only,hypothetical_grid_not_measured,1.0,1.47,1.33,0.01,0.01,mid_fov,mid_disparity,335,2.855508701314447,2.8552626802712715,0.0016893578119052718,0.29884308368577917,0.3210021919313245
hypothetical_sensitivity_only,hypothetical_grid_not_measured,1.0,1.47,1.33,0.01,0.01,mid_fov,near_disparity,429,2.7468097909925655,2.7494192341732964,0.001908378465983991,0.3040441276725141,0.3245169577050452
hypothetical_sensitivity_only,hypothetical_grid_not_measured,1.0,1.47,1.33,0.01,0.01,near_edge,far_disparity,339,3.111750355952693,3.229271642041625,0.0016101661601497417,0.33295516828848903,0.3889295248438634
hypothetical_sensitivity_only,hypothetical_grid_not_measured,1.0,1.47,1.33,0.01,0.01,near_edge,mid_disparity,353,2.8774336995396395,2.8764323807640046,0.0011494753213046303,0.3179896488840708,0.341769596088345
hypothetical_sensitivity_only,hypothetical_grid_not_measured,1.0,1.47,1.33,0.01,0.01,near_edge,near_disparity,268,2.7712029486832526,2.770335163986543,0.00367499814035318,0.321173174699913,0.43553527370215683
hypothetical_sensitivity_only,hypothetical_grid_not_measured,1.0,1.47,1.33,0.02,0.003,central,far_disparity,39,3.0085432036699675,3.048083723833042,0.002258039591772266,0.2846950167125708,0.2883601039490842
hypothetical_sensitivity_only,hypothetical_grid_not_measured,1.0,1.47,1.33,0.02,0.003,central,mid_disparity,104,2.8430102880559045,2.843302073240884,0.0016839662462002007,0.28516847975393,0.2896883222282249
hypothetical_sensitivity_only,hypothetical_grid_not_measured,1.0,1.47,1.33,0.02,0.003,central,near_disparity,96,2.7301153955738964,2.738493670690456,0.001722226197104377,0.28808819009308695,0.2937871392543489
hypothetical_sensitivity_only,hypothetical_grid_not_measured,1.0,1.47,1.33,0.02,0.003,mid_fov,far_disparity,415,3.029130067470791,3.109126901413039,0.0014780999365178985,0.2974081982250778,0.3182058460512276
hypothetical_sensitivity_only,hypothetical_grid_not_measured,1.0,1.47,1.33,0.02,0.003,mid_fov,mid_disparity,335,2.8517771063532513,2.8515941591749923,0.0016881213227783688,0.2971772061745863,0.31920658670494484
hypothetical_sensitivity_only,hypothetical_grid_not_measured,1.0,1.47,1.33,0.02,0.003,mid_fov,near_disparity,429,2.742926083738052,2.7457182160466815,0.0019067411946527785,0.30233622373993785,0.3225806442241718
hypothetical_sensitivity_only,hypothetical_grid_not_measured,1.0,1.47,1.33,0.02,0.003,near_edge,far_disparity,339,3.107373750932609,3.225179719014577,0.001598566179866329,0.33112806442830234,0.38698127505315666
hypothetical_sensitivity_only,hypothetical_grid_not_measured,1.0,1.47,1.33,0.02,0.003,near_edge,mid_disparity,353,2.8735190803887103,2.8725446550103966,0.0011461401070165435,0.3162164587144267,0.33986632754947477
hypothetical_sensitivity_only,hypothetical_grid_not_measured,1.0,1.47,1.33,0.02,0.003,near_edge,near_disparity,268,2.767387298842185,2.7663336575795854,0.0036684686558641506,0.3194352009207405,0.4329686237623473
hypothetical_sensitivity_only,hypothetical_grid_not_measured,1.0,1.47,1.33,0.02,0.005,central,far_disparity,39,3.008706928538351,3.0482477862293402,0.002258037503162226,0.28476496184206,0.2884335502268037
hypothetical_sensitivity_only,hypothetical_grid_not_measured,1.0,1.47,1.33,0.02,0.005,central,mid_disparity,104,2.843177117945926,2.8434677800450863,0.0016839732951891128,0.2852436518728102,0.2897650476876565
hypothetical_sensitivity_only,hypothetical_grid_not_measured,1.0,1.47,1.33,0.02,0.005,central,near_disparity,96,2.730283940026177,2.7386607327084964,0.0017222035394894543,0.2881673056555105,0.2938687410416419
hypothetical_sensitivity_only,hypothetical_grid_not_measured,1.0,1.47,1.33,0.02,0.005,mid_fov,far_disparity,415,3.029303122740921,3.109296973502676,0.0014778615475940303,0.29748200312788575,0.3182862241460438
hypothetical_sensitivity_only,hypothetical_grid_not_measured,1.0,1.47,1.33,0.02,0.005,mid_fov,mid_disparity,335,2.8519504703273686,2.851765640747528,0.0016881637054678275,0.297255508695105,0.319288226370514
hypothetical_sensitivity_only,hypothetical_grid_not_measured,1.0,1.47,1.33,0.02,0.005,mid_fov,near_disparity,429,2.7430963083743376,2.7458909919946297,0.0019067933117619244,0.30241911693081525,0.3226686149326338
hypothetical_sensitivity_only,hypothetical_grid_not_measured,1.0,1.47,1.33,0.02,0.005,near_edge,far_disparity,339,3.1075628909128508,3.225360766304194,0.0015989857939655288,0.3312097679410275,0.3870624003768256
hypothetical_sensitivity_only,hypothetical_grid_not_measured,1.0,1.47,1.33,0.02,0.005,near_edge,mid_disparity,353,2.8736979645055647,2.8727219384582825,0.001146367550262095,0.31629751174064924,0.33995054911519995
hypothetical_sensitivity_only,hypothetical_grid_not_measured,1.0,1.47,1.33,0.02,0.005,near_edge,near_disparity,268,2.767565305623249,2.766513734239214,0.003668621316708822,0.3195153613738172,0.4330758449356228
hypothetical_sensitivity_only,hypothetical_grid_not_measured,1.0,1.47,1.33,0.02,0.008,central,far_disparity,39,3.0089525158409263,3.04849387982379,0.0022580343702471523,0.2848698795362927,0.2885437196433823
hypothetical_sensitivity_only,hypothetical_grid_not_measured,1.0,1.47,1.33,0.02,0.008,central,mid_disparity,104,2.8434273627809588,2.8437163402513903,0.001683983868672495,0.28535641005113044,0.2898801358768043
hypothetical_sensitivity_only,hypothetical_grid_not_measured,1.0,1.47,1.33,0.02,0.008,central,near_disparity,96,2.7305367567045984,2.7389113257355575,0.001722169553067085,0.2882859789991449,0.2939911437225821
hypothetical_sensitivity_only,hypothetical_grid_not_measured,1.0,1.47,1.33,0.02,0.008,mid_fov,far_disparity,415,3.0295627056461165,3.1095520816371303,0.0014775039642083501,0.2975927104820979,0.3184067912882687
hypothetical_sensitivity_only,hypothetical_grid_not_measured,1.0,1.47,1.33,0.02,0.008,mid_fov,mid_disparity,335,2.852210516288544,2.8520228631063302,0.0016882272795021866,0.29737296247588274,0.31941068586886745
hypothetical_sensitivity_only,hypothetical_grid_not_measured,1.0,1.47,1.33,0.02,0.008,mid_fov,near_disparity,429,2.743351645328767,2.746150155916552,0.0019068714874256867,0.3025434567171321,0.32280057099532733
hypothetical_sensitivity_only,hypothetical_grid_not_measured,1.0,1.47,1.33,0.02,0.008,near_edge,far_disparity,339,3.1078466008832137,3.2256323372386215,0.001599615215114197,0.3313323232101153,0.3871840883623285
hypothetical_sensitivity_only,hypothetical_grid_not_measured,1.0,1.47,1.33,0.02,0.008,near_edge,mid_disparity,353,2.873966290680848,2.8729878636301116,0.0011467087151304431,0.3164190912799829,0.34007688146378817
hypothetical_sensitivity_only,hypothetical_grid_not_measured,1.0,1.47,1.33,0.02,0.008,near_edge,near_disparity,268,2.7678287594105404,2.7667838492286574,0.003668850307975751,0.3196356020534328,0.4332366766955365
hypothetical_sensitivity_only,hypothetical_grid_not_measured,1.0,1.47,1.33,0.02,0.01,central,far_disparity,39,3.009116240709309,3.048657942220088,0.0022580322816371087,0.28493982466578194,0.28861716592110187
hypothetical_sensitivity_only,hypothetical_grid_not_measured,1.0,1.47,1.33,0.02,0.01,central,mid_disparity,104,2.843594192670981,2.843882047055592,0.0016839909176614158,0.2854315821700103,0.2899568613362359
hypothetical_sensitivity_only,hypothetical_grid_not_measured,1.0,1.47,1.33,0.02,0.01,central,near_disparity,96,2.7307053011568794,2.7390783877535987,0.0017221468954521672,0.2883650945615681,0.29407274550987533
hypothetical_sensitivity_only,hypothetical_grid_not_measured,1.0,1.47,1.33,0.02,0.01,mid_fov,far_disparity,415,3.029735760916248,3.1097221537267656,0.001477265575284429,0.29766651538490607,0.31848716938308486
hypothetical_sensitivity_only,hypothetical_grid_not_measured,1.0,1.47,1.33,0.02,0.01,mid_fov,mid_disparity,335,2.852383880262661,2.852194344678866,0.001688269662191673,0.29745126499640095,0.31949232553443674
hypothetical_sensitivity_only,hypothetical_grid_not_measured,1.0,1.47,1.33,0.02,0.01,mid_fov,near_disparity,429,2.743521869965053,2.746322931864501,0.0019069236045348072,0.30262634990800996,0.32288854170379006
hypothetical_sensitivity_only,hypothetical_grid_not_measured,1.0,1.47,1.33,0.02,0.01,near_edge,far_disparity,339,3.108035740863457,3.2258133845282395,0.0016000348292132633,0.33141402672284026,0.3872652136859968
hypothetical_sensitivity_only,hypothetical_grid_not_measured,1.0,1.47,1.33,0.02,0.01,near_edge,mid_disparity,353,2.874145174797704,2.8731651470779975,0.0011469361583759038,0.31650014430620543,0.34016110302951313
hypothetical_sensitivity_only,hypothetical_grid_not_measured,1.0,1.47,1.33,0.02,0.01,near_edge,near_disparity,268,2.768004395268733,2.766963925888286,0.003669002968820522,0.3197157625065091,0.4333438978688126
hypothetical_sensitivity_only,hypothetical_grid_not_measured,1.0,1.47,1.33,0.03,0.003,central,far_disparity,39,3.005696157133599,3.0452237444293355,0.0022580839831345006,0.2834795719794063,0.287068941896982
hypothetical_sensitivity_only,hypothetical_grid_not_measured,1.0,1.47,1.33,0.03,0.003,central,mid_disparity,104,2.8400903605224763,2.840417135806994,0.0016838272584974124,0.2838609826329481,0.2883386200267864
hypothetical_sensitivity_only,hypothetical_grid_not_measured,1.0,1.47,1.33,0.03,0.003,central,near_disparity,96,2.7271581688741784,2.7355791127838542,0.0017227488866483295,0.2867023361103588,0.2923458074755422
hypothetical_sensitivity_only,hypothetical_grid_not_measured,1.0,1.47,1.33,0.03,0.003,mid_fov,far_disparity,415,3.0259898154723293,3.1060702467353196,0.0014851375665652837,0.29608630950385906,0.3167202923180376
hypothetical_sensitivity_only,hypothetical_grid_not_measured,1.0,1.47,1.33,0.03,0.003,mid_fov,mid_disparity,335,2.848652285301467,2.848525823582586,0.001684723379193785,0.29578538748520833,0.31769672030805673
hypothetical_sensitivity_only,hypothetical_grid_not_measured,1.0,1.47,1.33,0.03,0.003,mid_fov,near_disparity,429,2.7399151220197693,2.742621913737886,0.0019052863332035888,0.300849603800583,0.3209522282229168
hypothetical_sensitivity_only,hypothetical_grid_not_measured,1.0,1.47,1.33,0.03,0.003,near_edge,far_disparity,339,3.1036591358433716,3.2217214615011915,0.0015985162137928835,0.3295869228626531,0.38531696389529074
hypothetical_sensitivity_only,hypothetical_grid_not_measured,1.0,1.47,1.33,0.03,0.003,near_edge,mid_disparity,353,2.869968705109529,2.8692774213243895,0.0011385293486838055,0.31473260325632113,0.33825783449064306
hypothetical_sensitivity_only,hypothetical_grid_not_measured,1.0,1.47,1.33,0.03,0.003,near_edge,near_disparity,268,2.7640817269504234,2.762962419481328,0.003662996067660725,0.3179828085378942,0.43077724792900257
hypothetical_sensitivity_only,hypothetical_grid_not_measured,1.0,1.47,1.33,0.03,0.005,central,far_disparity,39,3.0058598820019826,3.045387806825635,0.0022580818945244514,0.2835495171088953,0.28714238817470134
hypothetical_sensitivity_only,hypothetical_grid_not_measured,1.0,1.47,1.33,0.03,0.005,central,mid_disparity,104,2.840257190412498,2.840582842611197,0.0016838343074863388,0.28393615475182876,0.28841534548621783
hypothetical_sensitivity_only,hypothetical_grid_not_measured,1.0,1.47,1.33,0.03,0.005,central,near_disparity,96,2.727326713326459,2.735746174801895,0.001722726229033405,0.28678246850899614,0.29242740926283584
hypothetical_sensitivity_only,hypothetical_grid_not_measured,1.0,1.47,1.33,0.03,0.005,mid_fov,far_disparity,415,3.026162870742459,3.1062403188249554,0.0014848991776414758,0.29616011440666723,0.3168006704128539
hypothetical_sensitivity_only,hypothetical_grid_not_measured,1.0,1.47,1.33,0.03,0.005,mid_fov,mid_disparity,335,2.8488256492755832,2.848697305155122,0.0016848956383489397,0.2958636900057272,0.31777835997362647
hypothetical_sensitivity_only,hypothetical_grid_not_measured,1.0,1.47,1.33,0.03,0.005,mid_fov,near_disparity,429,2.740085346656056,2.742794689685834,0.0019053384503127369,0.3009324969914611,0.32104019893137914
hypothetical_sensitivity_only,hypothetical_grid_not_measured,1.0,1.47,1.33,0.03,0.005,near_edge,far_disparity,339,3.1038482758236143,3.221902508790809,0.0015986569345053472,0.3296686263753783,0.3853980892189594
hypothetical_sensitivity_only,hypothetical_grid_not_measured,1.0,1.47,1.33,0.03,0.005,near_edge,mid_disparity,353,2.870152998264305,2.869454704772276,0.0011387567919294963,0.3148133960066286,0.33834205605636847
hypothetical_sensitivity_only,hypothetical_grid_not_measured,1.0,1.47,1.33,0.03,0.005,near_edge,near_disparity,268,2.7642600392617473,2.7631424961409574,0.0036631255630388947,0.3180629689909711,0.4308844691022786
hypothetical_sensitivity_only,hypothetical_grid_not_measured,1.0,1.47,1.33,0.03,0.008,central,far_disparity,39,3.006105469304559,3.0456339004200834,0.0022580787616093773,0.283654434803128,0.28725255759128
hypothetical_sensitivity_only,hypothetical_grid_not_measured,1.0,1.47,1.33,0.03,0.008,central,mid_disparity,104,2.8405074352475306,2.8408314028175004,0.0016838448809697172,0.28404891293014844,0.2885304336753653
hypothetical_sensitivity_only,hypothetical_grid_not_measured,1.0,1.47,1.33,0.03,0.008,central,near_disparity,96,2.7275795300048804,2.7359967678289565,0.0017226922426110212,0.286902667106952,0.29254981194377555
hypothetical_sensitivity_only,hypothetical_grid_not_measured,1.0,1.47,1.33,0.03,0.008,mid_fov,far_disparity,415,3.0264224536476547,3.10649542695941,0.00148454159425574,0.2962708217608794,0.3169212375550782
hypothetical_sensitivity_only,hypothetical_grid_not_measured,1.0,1.47,1.33,0.03,0.008,mid_fov,mid_disparity,335,2.8490856952367603,2.8489545275139245,0.0016851540270815212,0.2959811437865052,0.31790081947198007
hypothetical_sensitivity_only,hypothetical_grid_not_measured,1.0,1.47,1.33,0.03,0.008,mid_fov,near_disparity,429,2.7403406836104853,2.743053853607757,0.0019054166259764433,0.3010568367777777,0.32117215499407253
hypothetical_sensitivity_only,hypothetical_grid_not_measured,1.0,1.47,1.33,0.03,0.008,near_edge,far_disparity,339,3.1041319857939786,3.222174079725236,0.0015988211614707199,0.32979118164446586,0.38551977720446196
hypothetical_sensitivity_only,hypothetical_grid_not_measured,1.0,1.47,1.33,0.03,0.008,near_edge,mid_disparity,353,2.870429437996469,2.869720629944104,0.0011390979567977258,0.31493458513208905,0.33846838840495597
hypothetical_sensitivity_only,hypothetical_grid_not_measured,1.0,1.47,1.33,0.03,0.008,near_edge,near_disparity,268,2.764527507728734,2.7634126111304007,0.0036633198061062954,0.31818320967058633,0.4310453008621924
hypothetical_sensitivity_only,hypothetical_grid_not_measured,1.0,1.47,1.33,0.03,0.01,central,far_disparity,39,3.0062691941729422,3.045797962816383,0.002258076672999328,0.28372437993261723,0.28732600386899976
hypothetical_sensitivity_only,hypothetical_grid_not_measured,1.0,1.47,1.33,0.03,0.01,central,mid_disparity,104,2.8406742651375523,2.8409971096217035,0.0016838519299586362,0.28412408504902853,0.2886071591347973
hypothetical_sensitivity_only,hypothetical_grid_not_measured,1.0,1.47,1.33,0.03,0.01,central,near_disparity,96,2.7277480744571623,2.7361638298469977,0.0017226695849961253,0.28698279950558947,0.29263141373106893
hypothetical_sensitivity_only,hypothetical_grid_not_measured,1.0,1.47,1.33,0.03,0.01,mid_fov,far_disparity,415,3.0265955089177856,3.106665499049046,0.00148430320533194,0.296344626663688,0.3170016156498949
hypothetical_sensitivity_only,hypothetical_grid_not_measured,1.0,1.47,1.33,0.03,0.01,mid_fov,mid_disparity,335,2.8492590592108775,2.8491260090864605,0.0016853262862366644,0.29605944630702363,0.3179824591375489
hypothetical_sensitivity_only,hypothetical_grid_not_measured,1.0,1.47,1.33,0.03,0.01,mid_fov,near_disparity,429,2.7405109082467707,2.743226629555706,0.0019054687430856178,0.3011397299686558,0.32126012570253504
hypothetical_sensitivity_only,hypothetical_grid_not_measured,1.0,1.47,1.33,0.03,0.01,near_edge,far_disparity,339,3.104321125774221,3.2223551270148536,0.0015989306461144945,0.32987288515719104,0.3856009025281307
hypothetical_sensitivity_only,hypothetical_grid_not_measured,1.0,1.47,1.33,0.03,0.01,near_edge,mid_disparity,353,2.8706137311512436,2.86989791339199,0.001139325400043276,0.31501537788239653,0.3385526099706814
hypothetical_sensitivity_only,hypothetical_grid_not_measured,1.0,1.47,1.33,0.03,0.01,near_edge,near_disparity,268,2.764705820040058,2.763592687790029,0.003663449301484562,0.3182633701236631,0.4311525220354683
hypothetical_sensitivity_only,hypothetical_grid_not_measured,1.0,1.5,1.33,0.005,0.003,central,far_disparity,39,3.0128603954305904,3.052420384661004,0.0022579724405026374,0.28653810442877803,0.29031770919061817
hypothetical_sensitivity_only,hypothetical_grid_not_measured,1.0,1.5,1.33,0.005,0.003,central,mid_disparity,104,2.8474376149934493,2.8476766530239086,0.0016841766729995856,0.2871511301264772,0.29173466581282115
hypothetical_sensitivity_only,hypothetical_grid_not_measured,1.0,1.5,1.33,0.005,0.003,central,near_disparity,96,2.7345991314198557,2.7429130444187813,0.001721436194447774,0.2901804322157777,0.2959722904677656
hypothetical_sensitivity_only,hypothetical_grid_not_measured,1.0,1.5,1.33,0.005,0.003,mid_fov,far_disparity,415,3.0338892476170045,3.113759951998047,0.0014780394741923226,0.29941190646425553,0.3204567495503115
hypothetical_sensitivity_only,hypothetical_grid_not_measured,1.0,1.5,1.33,0.005,0.003,mid_fov,mid_disparity,335,2.8565133000274514,2.8562451785585408,0.001689764303511082,0.2992871208430381,0.3214943096513191
hypothetical_sensitivity_only,hypothetical_grid_not_measured,1.0,1.5,1.33,0.005,0.003,mid_fov,near_disparity,429,2.7478866000040822,2.7504115340089172,0.0019089362750302024,0.30451727319166144,0.32504796276767867
hypothetical_sensitivity_only,hypothetical_grid_not_measured,1.0,1.5,1.33,0.005,0.003,near_edge,far_disparity,339,3.1129980819180174,3.2304176034517442,0.0016146377430648067,0.3334626243025083,0.38950000007091573
hypothetical_sensitivity_only,hypothetical_grid_not_measured,1.0,1.5,1.33,0.005,0.003,near_edge,mid_disparity,353,2.8784497583376485,2.8774953369656386,0.0011472642097558748,0.3184735124763829,0.3423025548817722
hypothetical_sensitivity_only,hypothetical_grid_not_measured,1.0,1.5,1.33,0.005,0.003,near_edge,near_disparity,268,2.772236995354337,2.7714409758751053,0.003677493386789497,0.32166886544235496,0.43628514997415874
hypothetical_sensitivity_only,hypothetical_grid_not_measured,1.0,1.5,1.33,0.005,0.005,central,far_disparity,39,3.0130552016030228,3.0526155748722403,0.0022579699757417277,0.2866213299692393,0.29040506357725826
hypothetical_sensitivity_only,hypothetical_grid_not_measured,1.0,1.5,1.33,0.005,0.005,central,mid_disparity,104,2.84763606864174,2.84787380891624,0.0016841850188186599,0.28724057203941133,0.29182591812721176
hypothetical_sensitivity_only,hypothetical_grid_not_measured,1.0,1.5,1.33,0.005,0.005,central,near_disparity,96,2.734799606403062,2.7431117976824386,0.0017214095579390727,0.29027529508031746,0.2960693279518613
hypothetical_sensitivity_only,hypothetical_grid_not_measured,1.0,1.5,1.33,0.005,0.005,mid_fov,far_disparity,415,3.0340948376528125,3.1139620697999697,0.001478052100635474,0.2994996281386304,0.32055217624466087
hypothetical_sensitivity_only,hypothetical_grid_not_measured,1.0,1.5,1.33,0.005,0.005,mid_fov,mid_disparity,335,2.85671930539924,2.8564490041277026,0.0016898138569755108,0.2993802144531468,0.3215912315509182
hypothetical_sensitivity_only,hypothetical_grid_not_measured,1.0,1.5,1.33,0.005,0.005,mid_fov,near_disparity,429,2.7480996150796364,2.7506168862895612,0.0019089969176083737,0.30461508546295235,0.32515239650389083
hypothetical_sensitivity_only,hypothetical_grid_not_measured,1.0,1.5,1.33,0.005,0.005,near_edge,far_disparity,339,3.1132221607993102,3.2306323161860893,0.001614856284599977,0.33355955949905614,0.38959596424855314
hypothetical_sensitivity_only,hypothetical_grid_not_measured,1.0,1.5,1.33,0.005,0.005,near_edge,mid_disparity,353,2.8786563041603443,2.8777058413643464,0.0011469000930778158,0.3185697634327129,0.34240243494353106
hypothetical_sensitivity_only,hypothetical_grid_not_measured,1.0,1.5,1.33,0.005,0.005,near_edge,near_disparity,268,2.772445628190865,2.771654693300157,0.0036776673633850693,0.32176833748935774,0.43641201278863356
hypothetical_sensitivity_only,hypothetical_grid_not_measured,1.0,1.5,1.33,0.005,0.008,central,far_disparity,39,3.0133474108616713,3.0529083601890945,0.002257966278600355,0.2867461682799324,0.29053609515721746
hypothetical_sensitivity_only,hypothetical_grid_not_measured,1.0,1.5,1.33,0.005,0.008,central,mid_disparity,104,2.847933749114175,2.848169542754736,0.0016841975375472737,0.28737473490881305,0.2919627965987982
hypothetical_sensitivity_only,hypothetical_grid_not_measured,1.0,1.5,1.33,0.005,0.008,central,near_disparity,96,2.7351003188778704,2.743409927577925,0.001721369603176034,0.29041758937712636,0.2962148841780053
hypothetical_sensitivity_only,hypothetical_grid_not_measured,1.0,1.5,1.33,0.005,0.008,mid_fov,far_disparity,415,3.0344032227065254,3.1142652465028533,0.0014780710403002797,0.2996312106501926,0.3206953162861846
hypothetical_sensitivity_only,hypothetical_grid_not_measured,1.0,1.5,1.33,0.005,0.008,mid_fov,mid_disparity,335,2.857028313456923,2.8567547424814466,0.0016898881871722387,0.29951985486830934,0.3217366144003173
hypothetical_sensitivity_only,hypothetical_grid_not_measured,1.0,1.5,1.33,0.005,0.008,mid_fov,near_disparity,429,2.748419137692968,2.7509249147105264,0.0019090878814756807,0.30476180386988916,0.32530904710820857
hypothetical_sensitivity_only,hypothetical_grid_not_measured,1.0,1.5,1.33,0.005,0.008,near_edge,far_disparity,339,3.1135582791212495,3.230954385287607,0.0016151840969026814,0.3337049622938779,0.3897399105150098
hypothetical_sensitivity_only,hypothetical_grid_not_measured,1.0,1.5,1.33,0.005,0.008,near_edge,mid_disparity,353,2.8789661228943886,2.878021597962407,0.001146353918060702,0.3187141398672091,0.3425522550361695
hypothetical_sensitivity_only,hypothetical_grid_not_measured,1.0,1.5,1.33,0.005,0.008,near_edge,near_disparity,268,2.772758577445658,2.771975269437736,0.00367792832827834,0.3219175455598615,0.43660230701034575
hypothetical_sensitivity_only,hypothetical_grid_not_measured,1.0,1.5,1.33,0.005,0.01,central,far_disparity,39,3.0135422170341033,3.0531035504003308,0.002257963813839442,0.28682939382039363,0.29062344954385755
hypothetical_sensitivity_only,hypothetical_grid_not_measured,1.0,1.5,1.33,0.005,0.01,central,mid_disparity,104,2.848132202762465,2.8483666986470673,0.001684205883366356,0.2874641768217471,0.29205404891318865
hypothetical_sensitivity_only,hypothetical_grid_not_measured,1.0,1.5,1.33,0.005,0.01,central,near_disparity,96,2.7353007938610774,2.743608680841582,0.0017213429666673222,0.2905124522416662,0.2963119216621014
hypothetical_sensitivity_only,hypothetical_grid_not_measured,1.0,1.5,1.33,0.005,0.01,mid_fov,far_disparity,415,3.0346088127423334,3.114467364304776,0.001478083666743491,0.2997189323245675,0.3207907429805337
hypothetical_sensitivity_only,hypothetical_grid_not_measured,1.0,1.5,1.33,0.005,0.01,mid_fov,mid_disparity,335,2.857234318828711,2.856958568050609,0.0016899377406368221,0.299612948478418,0.32183353629991696
hypothetical_sensitivity_only,hypothetical_grid_not_measured,1.0,1.5,1.33,0.005,0.01,mid_fov,near_disparity,429,2.748632152768523,2.75113026699117,0.00190914852405391,0.30485961614118007,0.32541348084442095
hypothetical_sensitivity_only,hypothetical_grid_not_measured,1.0,1.5,1.33,0.005,0.01,near_edge,far_disparity,339,3.113782358002542,3.231169098021952,0.0016154026384380714,0.333801897490426,0.3898358746926477
hypothetical_sensitivity_only,hypothetical_grid_not_measured,1.0,1.5,1.33,0.005,0.01,near_edge,mid_disparity,353,2.8791726687170844,2.878232102361115,0.0011459898013826853,0.3188103908235391,0.34265213509792913
hypothetical_sensitivity_only,hypothetical_grid_not_measured,1.0,1.5,1.33,0.005,0.01,near_edge,near_disparity,268,2.7729672102821867,2.772188986862789,0.003678102304873875,0.3220170176068644,0.4367291698248207
hypothetical_sensitivity_only,hypothetical_grid_not_measured,1.0,1.5,1.33,0.01,0.003,central,far_disparity,39,3.011436872162406,3.0509903949591504,0.0022579946361837478,0.28593038206219523,0.28967212816456733
hypothetical_sensitivity_only,hypothetical_grid_not_measured,1.0,1.5,1.33,0.01,0.003,central,mid_disparity,104,2.845977651226735,2.8462341843069643,0.0016841071791482015,0.2864973815659865,0.29105981471210207
hypothetical_sensitivity_only,hypothetical_grid_not_measured,1.0,1.5,1.33,0.01,0.003,central,near_disparity,96,2.733120518069997,2.741455765465481,0.0017216975392197425,0.2894888102783536,0.2952516245783618
hypothetical_sensitivity_only,hypothetical_grid_not_measured,1.0,1.5,1.33,0.01,0.003,mid_fov,far_disparity,415,3.032319121617773,3.1122316246591866,0.0014776466041152487,0.2987509621036457,0.31971397268371676
hypothetical_sensitivity_only,hypothetical_grid_not_measured,1.0,1.5,1.33,0.01,0.003,mid_fov,mid_disparity,335,2.854950889501558,2.854711010762338,0.0016892202286543086,0.29859121149834933,0.3207393764528749
hypothetical_sensitivity_only,hypothetical_grid_not_measured,1.0,1.5,1.33,0.01,0.003,mid_fov,near_disparity,429,2.7462322608987604,2.7488633828545193,0.0019082088443055653,0.3037820021175939,0.3242337547670511
hypothetical_sensitivity_only,hypothetical_grid_not_measured,1.0,1.5,1.33,0.01,0.003,near_edge,far_disparity,339,3.1111407743734,3.2286884746950513,0.0016088407213088601,0.3326920535196838,0.38866784449198194
hypothetical_sensitivity_only,hypothetical_grid_not_measured,1.0,1.5,1.33,0.01,0.003,near_edge,mid_disparity,353,2.8768742742358784,2.8758617201226353,0.0011505215744404002,0.31772876018744967,0.3414983083523562
hypothetical_sensitivity_only,hypothetical_grid_not_measured,1.0,1.5,1.33,0.01,0.003,near_edge,near_disparity,268,2.770637718647078,2.7697553568259767,0.003674495801023214,0.3209102097698763,0.4351894620574869
hypothetical_sensitivity_only,hypothetical_grid_not_measured,1.0,1.5,1.33,0.01,0.005,central,far_disparity,39,3.0116316783348394,3.051185585170387,0.002257992171422837,0.2860136076026567,0.289759482551207
hypothetical_sensitivity_only,hypothetical_grid_not_measured,1.0,1.5,1.33,0.01,0.005,central,mid_disparity,104,2.8461761048750254,2.846431340199296,0.001684115524967274,0.2865868234789206,0.29115106702649246
hypothetical_sensitivity_only,hypothetical_grid_not_measured,1.0,1.5,1.33,0.01,0.005,central,near_disparity,96,2.733320993053203,2.7416545187291383,0.0017216709027110476,0.289582939185551,0.2953486620624582
hypothetical_sensitivity_only,hypothetical_grid_not_measured,1.0,1.5,1.33,0.01,0.005,mid_fov,far_disparity,415,3.032524711653582,3.1124337424611093,0.00147765923055846,0.29883868377802125,0.31980939937806585
hypothetical_sensitivity_only,hypothetical_grid_not_measured,1.0,1.5,1.33,0.01,0.005,mid_fov,mid_disparity,335,2.855156894873347,2.8549148363315,0.0016892697821187929,0.2986843051084578,0.3208362983524746
hypothetical_sensitivity_only,hypothetical_grid_not_measured,1.0,1.5,1.33,0.01,0.005,mid_fov,near_disparity,429,2.746445275974316,2.7490687351351633,0.0019082694868838238,0.30387716749033045,0.32433818850326357
hypothetical_sensitivity_only,hypothetical_grid_not_measured,1.0,1.5,1.33,0.01,0.005,near_edge,far_disparity,339,3.111364853254692,3.2289031874293967,0.0016093090123640646,0.3327889887162312,0.3887638086696203
hypothetical_sensitivity_only,hypothetical_grid_not_measured,1.0,1.5,1.33,0.01,0.005,near_edge,mid_disparity,353,2.877080820058575,2.8760722245213426,0.0011501499043682,0.31782501114378037,0.341598188414115
hypothetical_sensitivity_only,hypothetical_grid_not_measured,1.0,1.5,1.33,0.01,0.005,near_edge,near_disparity,268,2.7708463514836064,2.7699690742510295,0.003674669777618761,0.3210054478671459,0.43531632487196154
hypothetical_sensitivity_only,hypothetical_grid_not_measured,1.0,1.5,1.33,0.01,0.008,central,far_disparity,39,3.011923887593487,3.0514783704872412,0.0022579884742814733,0.28613844591334936,0.2898905141311668
hypothetical_sensitivity_only,hypothetical_grid_not_measured,1.0,1.5,1.33,0.01,0.008,central,mid_disparity,104,2.8464737853474604,2.8467270740377915,0.0016841280436958835,0.2867209863483219,0.2912879454980787
hypothetical_sensitivity_only,hypothetical_grid_not_measured,1.0,1.5,1.33,0.01,0.008,central,near_disparity,96,2.733621705528012,2.7419526486246237,0.0017216309479479949,0.28972413254634655,0.29549421828860223
hypothetical_sensitivity_only,hypothetical_grid_not_measured,1.0,1.5,1.33,0.01,0.008,mid_fov,far_disparity,415,3.0328330967072943,3.112736919163993,0.0014776781702232507,0.29897026628958323,0.31995253941958934
hypothetical_sensitivity_only,hypothetical_grid_not_measured,1.0,1.5,1.33,0.01,0.008,mid_fov,mid_disparity,335,2.85546590293103,2.855220574685244,0.0016893441123154852,0.2988239455236208,0.32098168120187354
hypothetical_sensitivity_only,hypothetical_grid_not_measured,1.0,1.5,1.33,0.01,0.008,mid_fov,near_disparity,429,2.7467647985876473,2.7493767635561284,0.0019083604507511276,0.3040238858972666,0.3244948391075816
hypothetical_sensitivity_only,hypothetical_grid_not_measured,1.0,1.5,1.33,0.01,0.008,near_edge,far_disparity,339,3.1117009715766315,3.2292252565309143,0.0016100114489466992,0.33293439151105275,0.3889077549360767
hypothetical_sensitivity_only,hypothetical_grid_not_measured,1.0,1.5,1.33,0.01,0.008,near_edge,mid_disparity,353,2.8773906387926194,2.8763879811194037,0.0011495923992599982,0.31796938757827586,0.3417480085067538
hypothetical_sensitivity_only,hypothetical_grid_not_measured,1.0,1.5,1.33,0.01,0.008,near_edge,near_disparity,268,2.7711593007383994,2.7702896503886083,0.0036749307425121237,0.321152312521792,0.43550661909367383
hypothetical_sensitivity_only,hypothetical_grid_not_measured,1.0,1.5,1.33,0.01,0.01,central,far_disparity,39,3.0121186937659203,3.051673560698479,0.002257986009520561,0.2862216714538113,0.28997786851780605
hypothetical_sensitivity_only,hypothetical_grid_not_measured,1.0,1.5,1.33,0.01,0.01,central,mid_disparity,104,2.8466722389957515,2.846924229930122,0.0016841363895149608,0.28681042826125636,0.2913791978124694
hypothetical_sensitivity_only,hypothetical_grid_not_measured,1.0,1.5,1.33,0.01,0.01,central,near_disparity,96,2.7338221805112175,2.742151401888281,0.0017216043114392844,0.2898182614535435,0.2955912557726987
hypothetical_sensitivity_only,hypothetical_grid_not_measured,1.0,1.5,1.33,0.01,0.01,mid_fov,far_disparity,415,3.0330386867431027,3.112939036965916,0.0014776907966664306,0.2990579879639583,0.3200479661139384
hypothetical_sensitivity_only,hypothetical_grid_not_measured,1.0,1.5,1.33,0.01,0.01,mid_fov,mid_disparity,335,2.8556719083028184,2.8554244002544054,0.0016893936657799773,0.29891703913372925,0.3210786031014725
hypothetical_sensitivity_only,hypothetical_grid_not_measured,1.0,1.5,1.33,0.01,0.01,mid_fov,near_disparity,429,2.746977813663202,2.7495821158367724,0.0019084210933293013,0.30412169816855794,0.3245992728437936
hypothetical_sensitivity_only,hypothetical_grid_not_measured,1.0,1.5,1.33,0.01,0.01,near_edge,far_disparity,339,3.1119250504579252,3.2294399692652593,0.0016104797400019026,0.3330313267076008,0.3890037191137145
hypothetical_sensitivity_only,hypothetical_grid_not_measured,1.0,1.5,1.33,0.01,0.01,near_edge,mid_disparity,353,2.8775971846153148,2.8765984855181106,0.0011492207291876801,0.3180656385346061,0.34184788856851295
hypothetical_sensitivity_only,hypothetical_grid_not_measured,1.0,1.5,1.33,0.01,0.01,near_edge,near_disparity,268,2.7713679335749273,2.7705033678136606,0.003675104719107601,0.321251784568795,0.43563348190814866
hypothetical_sensitivity_only,hypothetical_grid_not_measured,1.0,1.5,1.33,0.02,0.003,central,far_disparity,39,3.0085898256260393,3.048130415555444,0.0022580390275459715,0.2847149373290305,0.28838096611246516
hypothetical_sensitivity_only,hypothetical_grid_not_measured,1.0,1.5,1.33,0.02,0.003,central,mid_disparity,104,2.8430577236933074,2.843349246873075,0.0016839681914454186,0.2851898844450046,0.28971011251066303
hypothetical_sensitivity_only,hypothetical_grid_not_measured,1.0,1.5,1.33,0.02,0.003,central,near_disparity,96,2.73016329137028,2.7385412075588795,0.0017222202287636946,0.28811071011025313,0.29381029279955556
hypothetical_sensitivity_only,hypothetical_grid_not_measured,1.0,1.5,1.33,0.02,0.003,mid_fov,far_disparity,415,3.0291788696193107,3.109174969981467,0.0014780424011931544,0.29742907338242763,0.3182284189505269
hypothetical_sensitivity_only,hypothetical_grid_not_measured,1.0,1.5,1.33,0.02,0.003,mid_fov,mid_disparity,335,2.851826068449773,2.851642675169932,0.0016881320789406905,0.297199392808972,0.3192295100559871
hypothetical_sensitivity_only,hypothetical_grid_not_measured,1.0,1.5,1.33,0.02,0.003,mid_fov,near_disparity,429,2.7429743671852354,2.745767080545724,0.0019067539828564327,0.3023596620695328,0.3226053387657966
hypothetical_sensitivity_only,hypothetical_grid_not_measured,1.0,1.5,1.33,0.02,0.003,near_edge,far_disparity,339,3.107426159284164,3.225230217181666,0.0015986635473165568,0.331150911954035,0.3870035333341153
hypothetical_sensitivity_only,hypothetical_grid_not_measured,1.0,1.5,1.33,0.02,0.003,near_edge,mid_disparity,353,2.8735692895949825,2.872594486436628,0.0011461921714309969,0.3162392556095839,0.3398898152935242
hypothetical_sensitivity_only,hypothetical_grid_not_measured,1.0,1.5,1.33,0.02,0.003,near_edge,near_disparity,268,2.767437359827922,2.7663841187277196,0.0036685006294903074,0.3194578173870303,0.43299808622414254
hypothetical_sensitivity_only,hypothetical_grid_not_measured,1.0,1.5,1.33,0.02,0.005,central,far_disparity,39,3.0087846317984708,3.048325605766681,0.0022580365627850618,0.28479816286949244,0.2884683204991046
hypothetical_sensitivity_only,hypothetical_grid_not_measured,1.0,1.5,1.33,0.02,0.005,central,mid_disparity,104,2.8432561773415976,2.843546402765406,0.0016839765372644935,0.28527932635793896,0.28980136482505353
hypothetical_sensitivity_only,hypothetical_grid_not_measured,1.0,1.5,1.33,0.02,0.005,central,near_disparity,96,2.7303637663534857,2.7387399608225365,0.001722193592254999,0.2882048390174501,0.29390733028365157
hypothetical_sensitivity_only,hypothetical_grid_not_measured,1.0,1.5,1.33,0.02,0.005,mid_fov,far_disparity,415,3.029384459655119,3.1093770877833897,0.0014777656553863641,0.29751679505680295,0.31832384564487637
hypothetical_sensitivity_only,hypothetical_grid_not_measured,1.0,1.5,1.33,0.02,0.005,mid_fov,mid_disparity,335,2.8520320738215625,2.8518465007390943,0.0016881816324051946,0.29729248641908024,0.3193264319555871
hypothetical_sensitivity_only,hypothetical_grid_not_measured,1.0,1.5,1.33,0.02,0.005,mid_fov,near_disparity,429,2.74317678078631,2.745972432826368,0.001906814625434637,0.3024581808134741,0.3227097725020082
hypothetical_sensitivity_only,hypothetical_grid_not_measured,1.0,1.5,1.33,0.02,0.005,near_edge,far_disparity,339,3.1076502381654563,3.225444929916011,0.001599148073049412,0.3312478471505824,0.38709949751175343
hypothetical_sensitivity_only,hypothetical_grid_not_measured,1.0,1.5,1.33,0.02,0.005,near_edge,mid_disparity,353,2.8737816465160178,2.872804990835335,0.0011464543242863617,0.31633550656591414,0.3399896953552837
hypothetical_sensitivity_only,hypothetical_grid_not_measured,1.0,1.5,1.33,0.02,0.005,near_edge,near_disparity,268,2.767647798069087,2.766597836152772,0.0036686746060859334,0.3195530554842997,0.4331249490386169
hypothetical_sensitivity_only,hypothetical_grid_not_measured,1.0,1.5,1.33,0.02,0.008,central,far_disparity,39,3.009076841057119,3.0486183910835365,0.0022580328656436896,0.28492300118018465,0.28859935207906423
hypothetical_sensitivity_only,hypothetical_grid_not_measured,1.0,1.5,1.33,0.02,0.008,central,mid_disparity,104,2.843553857814033,2.843842136603902,0.0016839890559931126,0.2854134892273401,0.28993824329663986
hypothetical_sensitivity_only,hypothetical_grid_not_measured,1.0,1.5,1.33,0.02,0.008,central,near_disparity,96,2.7306644788282943,2.7390380907180223,0.0017221536374919532,0.2883460323782461,0.2940528865097958
hypothetical_sensitivity_only,hypothetical_grid_not_measured,1.0,1.5,1.33,0.02,0.008,mid_fov,far_disparity,415,3.029692844708832,3.1096802644862733,0.001477350536676042,0.2976483775683654,0.31846698568639975
hypothetical_sensitivity_only,hypothetical_grid_not_measured,1.0,1.5,1.33,0.02,0.008,mid_fov,mid_disparity,335,2.8523410818792456,2.852152239092838,0.001688255962601931,0.297432126834243,0.3194718148049861
hypothetical_sensitivity_only,hypothetical_grid_not_measured,1.0,1.5,1.33,0.02,0.008,mid_fov,near_disparity,429,2.7434804011879224,2.7462804612473333,0.0019069055893019124,0.302605958929387,0.3228664231063265
hypothetical_sensitivity_only,hypothetical_grid_not_measured,1.0,1.5,1.33,0.02,0.008,near_edge,far_disparity,339,3.107986356487395,3.225766999017529,0.0015998748616487515,0.331393249945404,0.38724344377821035
hypothetical_sensitivity_only,hypothetical_grid_not_measured,1.0,1.5,1.33,0.02,0.008,near_edge,mid_disparity,353,2.874100181897572,2.8731207474333966,0.0011468475535691843,0.31647988300041074,0.34013951544792187
hypothetical_sensitivity_only,hypothetical_grid_not_measured,1.0,1.5,1.33,0.02,0.008,near_edge,near_disparity,268,2.76796074732388,2.7669184122903507,0.0036689355709792993,0.3196959126302038,0.4333152432603294
hypothetical_sensitivity_only,hypothetical_grid_not_measured,1.0,1.5,1.33,0.02,0.01,central,far_disparity,39,3.0092716472295518,3.048813581294772,0.00225803040088278,0.2850062267206461,0.2886867064657041
hypothetical_sensitivity_only,hypothetical_grid_not_measured,1.0,1.5,1.33,0.02,0.01,central,mid_disparity,104,2.843752311462323,2.844039292496233,0.0016839974018121836,0.28550293114027425,0.29002949561103053
hypothetical_sensitivity_only,hypothetical_grid_not_measured,1.0,1.5,1.33,0.02,0.01,central,near_disparity,96,2.7308649538115,2.739236843981679,0.0017221270009832434,0.28844016128544314,0.29414992399389167
hypothetical_sensitivity_only,hypothetical_grid_not_measured,1.0,1.5,1.33,0.02,0.01,mid_fov,far_disparity,415,3.029898434744641,3.1098823822881956,0.0014770737908692646,0.29773609924274025,0.3185624123807481
hypothetical_sensitivity_only,hypothetical_grid_not_measured,1.0,1.5,1.33,0.02,0.01,mid_fov,mid_disparity,335,2.8525470872510343,2.852356064662,0.0016883055160664146,0.29752522044435126,0.31956873670458513
hypothetical_sensitivity_only,hypothetical_grid_not_measured,1.0,1.5,1.33,0.02,0.01,mid_fov,near_disparity,429,2.743682814788997,2.7464858135279764,0.0019069662318800594,0.3027044776733283,0.3229708568425382
hypothetical_sensitivity_only,hypothetical_grid_not_measured,1.0,1.5,1.33,0.02,0.01,near_edge,far_disparity,339,3.1082104353686875,3.2259817117518743,0.0016003593873815647,0.33149018514195205,0.3873394079558479
hypothetical_sensitivity_only,hypothetical_grid_not_measured,1.0,1.5,1.33,0.02,0.01,near_edge,mid_disparity,353,2.874312538818608,2.8733312518321035,0.0011471097064245017,0.31657613395674056,0.34023939550968113
hypothetical_sensitivity_only,hypothetical_grid_not_measured,1.0,1.5,1.33,0.02,0.01,near_edge,near_disparity,268,2.768169380160408,2.7671321297154035,0.003669109547574788,0.31979115072747344,0.43344210607480466
hypothetical_sensitivity_only,hypothetical_grid_not_measured,1.0,1.5,1.33,0.03,0.003,central,far_disparity,39,3.0057427790896716,3.045270436151738,0.0022580834189082043,0.2834994925958654,0.28708980406036255
hypothetical_sensitivity_only,hypothetical_grid_not_measured,1.0,1.5,1.33,0.03,0.003,central,mid_disparity,104,2.8401377961598784,2.840464309439186,0.0016838292037426438,0.2838823873240227,0.2883604103092241
hypothetical_sensitivity_only,hypothetical_grid_not_measured,1.0,1.5,1.33,0.03,0.003,central,near_disparity,96,2.727206064670562,2.735626649652277,0.0017227429183076526,0.2867251357493803,0.29236896102074905
hypothetical_sensitivity_only,hypothetical_grid_not_measured,1.0,1.5,1.33,0.03,0.003,mid_fov,far_disparity,415,3.0260386176208485,3.106118315303747,0.001485080031240689,0.2961071846612091,0.31674286521733663
hypothetical_sensitivity_only,hypothetical_grid_not_measured,1.0,1.5,1.33,0.03,0.003,mid_fov,mid_disparity,335,2.8487012473979894,2.8485743395775263,0.001684764579636824,0.29580757411959424,0.3177196436590996
hypothetical_sensitivity_only,hypothetical_grid_not_measured,1.0,1.5,1.33,0.03,0.003,mid_fov,near_disparity,429,2.739963405466953,2.742670778236929,0.001905299121407219,0.3008730421301786,0.32097692276454104
hypothetical_sensitivity_only,hypothetical_grid_not_measured,1.0,1.5,1.33,0.03,0.003,near_edge,far_disparity,339,3.1037115441949283,3.221771959668281,0.001598559236804255,0.32960977038838557,0.38533922217624905
hypothetical_sensitivity_only,hypothetical_grid_not_measured,1.0,1.5,1.33,0.03,0.003,near_edge,mid_disparity,353,2.8700201334897066,2.8693272527506206,0.001138581413098415,0.3147553307363613,0.3382813222346924
hypothetical_sensitivity_only,hypothetical_grid_not_measured,1.0,1.5,1.33,0.03,0.003,near_edge,near_disparity,268,2.7641317879361598,2.7630128806294625,0.003663022843443491,0.31800542500418383,0.4308067103907976
hypothetical_sensitivity_only,hypothetical_grid_not_measured,1.0,1.5,1.33,0.03,0.005,central,far_disparity,39,3.0059375852621044,3.045465626362975,0.002258080954147291,0.28358271813632707,0.2871771584470025
hypothetical_sensitivity_only,hypothetical_grid_not_measured,1.0,1.5,1.33,0.03,0.005,central,mid_disparity,104,2.8403362498081686,2.840661465331517,0.0016838375495617198,0.28397182923695696,0.28845166262361527
hypothetical_sensitivity_only,hypothetical_grid_not_measured,1.0,1.5,1.33,0.03,0.005,central,near_disparity,96,2.727406539653768,2.7358254029159355,0.00172271628179895,0.2868204679073588,0.29246599850484517
hypothetical_sensitivity_only,hypothetical_grid_not_measured,1.0,1.5,1.33,0.03,0.005,mid_fov,far_disparity,415,3.0262442076566574,3.1063204331056693,0.0014848032854337123,0.29619490633558443,0.3168382919116859
hypothetical_sensitivity_only,hypothetical_grid_not_measured,1.0,1.5,1.33,0.03,0.005,mid_fov,mid_disparity,335,2.848907252769777,2.8487781651466886,0.001684964305753847,0.2959006677297029,0.3178165655586989
hypothetical_sensitivity_only,hypothetical_grid_not_measured,1.0,1.5,1.33,0.03,0.005,mid_fov,near_disparity,429,2.7401658190680274,2.7428761305175726,0.0019053597639854497,0.3009715608741206,0.3210813565007532
hypothetical_sensitivity_only,hypothetical_grid_not_measured,1.0,1.5,1.33,0.03,0.005,near_edge,far_disparity,339,3.1039356230762203,3.2219866724026267,0.001598697980253337,0.32970670558493387,0.385435186353887
hypothetical_sensitivity_only,hypothetical_grid_not_measured,1.0,1.5,1.33,0.03,0.005,near_edge,mid_disparity,353,2.870238712231272,2.8695377571493283,0.0011388435659537336,0.31485127514003386,0.3383812022964514
hypothetical_sensitivity_only,hypothetical_grid_not_measured,1.0,1.5,1.33,0.03,0.005,near_edge,near_disparity,268,2.7643434742379784,2.7632265980545156,0.003663170189343776,0.31810066310145335,0.4309335732052731
hypothetical_sensitivity_only,hypothetical_grid_not_measured,1.0,1.5,1.33,0.03,0.008,central,far_disparity,39,3.006229794520753,3.045758411679829,0.002258077257005924,0.2837075564470195,0.2873081900269619
hypothetical_sensitivity_only,hypothetical_grid_not_measured,1.0,1.5,1.33,0.03,0.008,central,mid_disparity,104,2.840633930280603,2.840957199170013,0.0016838500682903243,0.28410599210635823,0.2885885410952012
hypothetical_sensitivity_only,hypothetical_grid_not_measured,1.0,1.5,1.33,0.03,0.008,central,near_disparity,96,2.7277072521285763,2.7361235328114204,0.0017226763270359032,0.28696346614432655,0.29261155473098915
hypothetical_sensitivity_only,hypothetical_grid_not_measured,1.0,1.5,1.33,0.03,0.008,mid_fov,far_disparity,415,3.0265525927103702,3.1066236098085533,0.0014843881667235817,0.29632648884714663,0.31698143195320927
hypothetical_sensitivity_only,hypothetical_grid_not_measured,1.0,1.5,1.33,0.03,0.008,mid_fov,mid_disparity,335,2.8492162608274603,2.8490839035004316,0.00168526389492951,0.29604030814486526,0.31796194840809805
hypothetical_sensitivity_only,hypothetical_grid_not_measured,1.0,1.5,1.33,0.03,0.008,mid_fov,near_disparity,429,2.74046943946964,2.7431841589385377,0.0019054507278527255,0.3011193389900322,0.3212380071050713
hypothetical_sensitivity_only,hypothetical_grid_not_measured,1.0,1.5,1.33,0.03,0.008,near_edge,far_disparity,339,3.1042717413981595,3.222308741504144,0.001598886834667656,0.3298521083797552,0.38557913262034393
hypothetical_sensitivity_only,hypothetical_grid_not_measured,1.0,1.5,1.33,0.03,0.008,near_edge,mid_disparity,353,2.8705665803436187,2.869853513747389,0.001139236795236385,0.3149951917455418,0.33853102238909005
hypothetical_sensitivity_only,hypothetical_grid_not_measured,1.0,1.5,1.33,0.03,0.008,near_edge,near_disparity,268,2.764661003690704,2.7635471741920936,0.00366339120819422,0.3182435202473576,0.4311238674269854
hypothetical_sensitivity_only,hypothetical_grid_not_measured,1.0,1.5,1.33,0.03,0.01,central,far_disparity,39,3.006424600693186,3.0459536018910662,0.002258074792245004,0.2837907819874814,0.28739554441360154
hypothetical_sensitivity_only,hypothetical_grid_not_measured,1.0,1.5,1.33,0.03,0.01,central,mid_disparity,104,2.8408323839288947,2.841154355062344,0.001683858414109409,0.2841954340192928,0.2886797934095921
hypothetical_sensitivity_only,hypothetical_grid_not_measured,1.0,1.5,1.33,0.03,0.01,central,near_disparity,96,2.7279077271117824,2.7363222860750778,0.001722649690527194,0.2870587983023051,0.2927085922150852
hypothetical_sensitivity_only,hypothetical_grid_not_measured,1.0,1.5,1.33,0.03,0.01,mid_fov,far_disparity,415,3.0267581827461782,3.106825727610476,0.0014841114209166628,0.2964142105215215,0.31707685864755875
hypothetical_sensitivity_only,hypothetical_grid_not_measured,1.0,1.5,1.33,0.03,0.01,mid_fov,mid_disparity,335,2.849422266199249,2.849287729069595,0.0016854636210466426,0.29613340175497394,0.3180588703076974
hypothetical_sensitivity_only,hypothetical_grid_not_measured,1.0,1.5,1.33,0.03,0.01,mid_fov,near_disparity,429,2.7406718530707153,2.7433895112191817,0.001905511370430955,0.30121785773397436,0.32134244084128355
hypothetical_sensitivity_only,hypothetical_grid_not_measured,1.0,1.5,1.33,0.03,0.01,near_edge,far_disparity,339,3.1044958202794533,3.2225234542384884,0.0015990127376104511,0.32994904357630306,0.38567509679798145
hypothetical_sensitivity_only,hypothetical_grid_not_measured,1.0,1.5,1.33,0.03,0.01,near_edge,mid_disparity,353,2.870785159085184,2.8700640181460964,0.0011394989480916844,0.31509113614921413,0.3386309024508487
hypothetical_sensitivity_only,hypothetical_grid_not_measured,1.0,1.5,1.33,0.03,0.01,near_edge,near_disparity,268,2.7648726899925222,2.7637608916171468,0.0036635385540943633,0.3183387583446273,0.4312507302414604
hypothetical_sensitivity_only,hypothetical_grid_not_measured,1.0,1.52,1.33,0.005,0.003,central,far_disparity,39,3.0128904479193803,3.052450477870955,0.0022579720817424527,0.2865509457628945,0.2903311484995644
hypothetical_sensitivity_only,hypothetical_grid_not_measured,1.0,1.52,1.33,0.005,0.003,central,mid_disparity,104,2.8474681806066355,2.8477070590781923,0.0016841779168693992,0.28716492739117794,0.29174870247506013
hypothetical_sensitivity_only,hypothetical_grid_not_measured,1.0,1.52,1.33,0.005,0.003,central,near_disparity,96,2.7346299891160206,2.7429436809542427,0.0017214324254084317,0.29019505043312355,0.29598720181261096
hypothetical_sensitivity_only,hypothetical_grid_not_measured,1.0,1.52,1.33,0.005,0.003,mid_fov,far_disparity,415,3.033920629002491,3.113790879121135,0.0014780399189380704,0.2994253398567419,0.3204712496097641
hypothetical_sensitivity_only,hypothetical_grid_not_measured,1.0,1.52,1.33,0.005,0.003,mid_fov,mid_disparity,335,2.8565447959287233,2.8562764014563906,0.001689771025070358,0.2993014045666702,0.32150903419662574
hypothetical_sensitivity_only,hypothetical_grid_not_measured,1.0,1.52,1.33,0.005,0.003,mid_fov,near_disparity,429,2.7479189830777107,2.7504429783241306,0.0019089441869499354,0.30453224743419405,0.32506382391900257
hypothetical_sensitivity_only,hypothetical_grid_not_measured,1.0,1.52,1.33,0.005,0.003,near_edge,far_disparity,339,3.1130316351618665,3.2304499876364097,0.0016146637181165418,0.3334772854591339,0.3895142153873295
hypothetical_sensitivity_only,hypothetical_grid_not_measured,1.0,1.52,1.33,0.005,0.003,near_edge,mid_disparity,353,2.8784812996229805,2.8775273545232753,0.0011472189752021044,0.31848816214729503,0.3423176167170378
hypothetical_sensitivity_only,hypothetical_grid_not_measured,1.0,1.52,1.33,0.005,0.003,near_edge,near_disparity,268,2.772268817266453,2.771473373992014,0.003677512177155109,0.3216840245789159,0.43630397403940463
hypothetical_sensitivity_only,hypothetical_grid_not_measured,1.0,1.52,1.33,0.005,0.005,central,far_disparity,39,3.013105289084339,3.0526657302221585,0.002257969377808083,0.2866427321927678,0.2904274624255009
hypothetical_sensitivity_only,hypothetical_grid_not_measured,1.0,1.52,1.33,0.005,0.005,central,mid_disparity,104,2.8476870113303825,2.8479244856733774,0.0016841870919350006,0.2872635674805738,0.2918493125642767
hypothetical_sensitivity_only,hypothetical_grid_not_measured,1.0,1.52,1.33,0.005,0.005,central,near_disparity,96,2.734851035896667,2.743162858574872,0.0017214032762068424,0.29029965877589303,0.29609418019326955
hypothetical_sensitivity_only,hypothetical_grid_not_measured,1.0,1.52,1.33,0.005,0.005,mid_fov,far_disparity,415,3.0341471399619566,3.1140136150051148,0.0014780528418784158,0.2995220171261077,0.3205763430104158
hypothetical_sensitivity_only,hypothetical_grid_not_measured,1.0,1.52,1.33,0.005,0.005,mid_fov,mid_disparity,335,2.856771798568026,2.8565010422907857,0.0016898250595743867,0.299404020659201,0.32161577245976114
hypothetical_sensitivity_only,hypothetical_grid_not_measured,1.0,1.52,1.33,0.005,0.005,mid_fov,near_disparity,429,2.7481535868690186,2.750669293481583,0.0019090101041412948,0.3046400425338398,0.3251788317560983
hypothetical_sensitivity_only,hypothetical_grid_not_measured,1.0,1.52,1.33,0.005,0.005,near_edge,far_disparity,339,3.1132780828723856,3.230686289827198,0.0016148995763527196,0.33358399476009737,0.3896196564425796
hypothetical_sensitivity_only,hypothetical_grid_not_measured,1.0,1.52,1.33,0.005,0.005,near_edge,mid_disparity,353,2.8787088729692467,2.877759203960407,0.0011468247021549213,0.31859417955089775,0.3424275380023079
hypothetical_sensitivity_only,hypothetical_grid_not_measured,1.0,1.52,1.33,0.005,0.005,near_edge,near_disparity,268,2.772498664711054,2.7717086901616725,0.0036776986806611395,0.32179360271695745,0.43644338623070783
hypothetical_sensitivity_only,hypothetical_grid_not_measured,1.0,1.52,1.33,0.005,0.008,central,far_disparity,39,3.0134275508317785,3.0529886087489646,0.0022579653219065307,0.2867804118375774,0.29057193331440606
hypothetical_sensitivity_only,hypothetical_grid_not_measured,1.0,1.52,1.33,0.005,0.008,central,mid_disparity,104,2.8480152574160034,2.848250625566156,0.0016842008545334187,0.2874115276146675,0.29200022769810163
hypothetical_sensitivity_only,hypothetical_grid_not_measured,1.0,1.52,1.33,0.005,0.008,central,near_disparity,96,2.735182606067636,2.743491625005818,0.0017213595524044614,0.2904565712900482,0.2962546477642574
hypothetical_sensitivity_only,hypothetical_grid_not_measured,1.0,1.52,1.33,0.005,0.008,mid_fov,far_disparity,415,3.034486906401157,3.1143477188310853,0.001478072226288954,0.29966703303015696,0.3207339831113939
hypothetical_sensitivity_only,hypothetical_grid_not_measured,1.0,1.52,1.33,0.005,0.008,mid_fov,mid_disparity,335,2.857112302526981,2.8568380035423777,0.001689906111330474,0.29955794479799613,0.3217758798544651
hypothetical_sensitivity_only,hypothetical_grid_not_measured,1.0,1.52,1.33,0.005,0.008,mid_fov,near_disparity,429,2.7485054925559798,2.7510087662177627,0.0019091089799283063,0.3048017351833092,0.325351343511742
hypothetical_sensitivity_only,hypothetical_grid_not_measured,1.0,1.52,1.33,0.005,0.008,near_edge,far_disparity,339,3.113647754438165,3.2310407431133816,0.0016152533637069733,0.33374405871154345,0.38977781802545497
hypothetical_sensitivity_only,hypothetical_grid_not_measured,1.0,1.52,1.33,0.005,0.008,near_edge,mid_disparity,353,2.879050232988648,2.878106978116105,0.0011462332925840481,0.3187532056563016,0.3425924199302132
hypothetical_sensitivity_only,hypothetical_grid_not_measured,1.0,1.52,1.33,0.005,0.008,near_edge,near_disparity,268,2.7728434358779546,2.7720616644161598,0.0036779784359201057,0.3219579699240198,0.4366525045176633
hypothetical_sensitivity_only,hypothetical_grid_not_measured,1.0,1.52,1.33,0.005,0.01,central,far_disparity,39,3.0136423919967377,3.0532038611001675,0.0022579626179721674,0.28687219826745025,0.2906682472403428
hypothetical_sensitivity_only,hypothetical_grid_not_measured,1.0,1.52,1.33,0.005,0.01,central,mid_disparity,104,2.8482340881397503,2.8484680521613415,0.001684210029599031,0.2875101677040638,0.29210083778731827
hypothetical_sensitivity_only,hypothetical_grid_not_measured,1.0,1.52,1.33,0.005,0.01,central,near_disparity,96,2.735403652848283,2.7437108026264476,0.0017213304032028744,0.29056117963281813,0.296361626144916
hypothetical_sensitivity_only,hypothetical_grid_not_measured,1.0,1.52,1.33,0.005,0.01,mid_fov,far_disparity,415,3.0347134173606243,3.1145704547150657,0.001478085149229328,0.2997637102995232,0.3208390765120455
hypothetical_sensitivity_only,hypothetical_grid_not_measured,1.0,1.52,1.33,0.005,0.01,mid_fov,mid_disparity,335,2.8573393051662856,2.8570626443767737,0.0016899601458345353,0.2996605608905265,0.3218826181176005
hypothetical_sensitivity_only,hypothetical_grid_not_measured,1.0,1.52,1.33,0.005,0.01,mid_fov,near_disparity,429,2.7487400963472877,2.7512350813752153,0.001909174897119667,0.30490953028295564,0.32546635134883817
hypothetical_sensitivity_only,hypothetical_grid_not_measured,1.0,1.52,1.33,0.005,0.01,near_edge,far_disparity,339,3.1138942021486846,3.2312770453041706,0.0016154892219431922,0.3338507680125078,0.3898832590807049
hypothetical_sensitivity_only,hypothetical_grid_not_measured,1.0,1.52,1.33,0.005,0.01,near_edge,mid_disparity,353,2.879277806334915,2.878338827553237,0.001145839019536841,0.3188592230599039,0.3427023412154834
hypothetical_sensitivity_only,hypothetical_grid_not_measured,1.0,1.52,1.33,0.005,0.01,near_edge,near_disparity,268,2.7730732833225566,2.772296980585818,0.0036781649394260997,0.3220675480620614,0.43679191670896683
hypothetical_sensitivity_only,hypothetical_grid_not_measured,1.0,1.52,1.33,0.01,0.003,central,far_disparity,39,3.011466924651198,3.051020488169102,0.002257994277423565,0.2859432233963126,0.28968556747351293
hypothetical_sensitivity_only,hypothetical_grid_not_measured,1.0,1.52,1.33,0.01,0.003,central,mid_disparity,104,2.8460082168399206,2.846264590361247,0.0016841084230180066,0.2865111788306868,0.29107385137434083
hypothetical_sensitivity_only,hypothetical_grid_not_measured,1.0,1.52,1.33,0.01,0.003,central,near_disparity,96,2.733151375766162,2.7414864020009415,0.0017216937701803959,0.2895033252543878,0.2952665359232078
hypothetical_sensitivity_only,hypothetical_grid_not_measured,1.0,1.52,1.33,0.01,0.003,mid_fov,far_disparity,415,3.0323505030032605,3.112262551782275,0.0014776470488610113,0.29876439549613254,0.3197284727431688
hypothetical_sensitivity_only,hypothetical_grid_not_measured,1.0,1.52,1.33,0.01,0.003,mid_fov,mid_disparity,335,2.8549823854028302,2.8547422336601875,0.0016892269502135487,0.29860549522198143,0.32075410099818147
hypothetical_sensitivity_only,hypothetical_grid_not_measured,1.0,1.52,1.33,0.01,0.003,mid_fov,near_disparity,429,2.7462646439723892,2.748894827169733,0.001908216756225302,0.3037960546511851,0.3242496159183751
hypothetical_sensitivity_only,hypothetical_grid_not_measured,1.0,1.52,1.33,0.01,0.003,near_edge,far_disparity,339,3.111174327617249,3.2287208588797167,0.0016088979783552982,0.33270671467630963,0.3886820598083961
hypothetical_sensitivity_only,hypothetical_grid_not_measured,1.0,1.52,1.33,0.01,0.003,near_edge,mid_disparity,353,2.8769058155212113,2.8758937376802716,0.001150474722799446,0.31774340985836225,0.34151337018762185
hypothetical_sensitivity_only,hypothetical_grid_not_measured,1.0,1.52,1.33,0.01,0.003,near_edge,near_disparity,268,2.770669540559194,2.769787754942886,0.003674514591388789,0.32092475478533666,0.4352082861227322
hypothetical_sensitivity_only,hypothetical_grid_not_measured,1.0,1.52,1.33,0.01,0.005,central,far_disparity,39,3.0116817658161565,3.051235740520306,0.0022579915734891954,0.2860350098261859,0.28978188139944966
hypothetical_sensitivity_only,hypothetical_grid_not_measured,1.0,1.52,1.33,0.01,0.005,central,mid_disparity,104,2.8462270475636684,2.846482016956433,0.0016841175980836193,0.2866098189200832,0.29117446146355713
hypothetical_sensitivity_only,hypothetical_grid_not_measured,1.0,1.52,1.33,0.01,0.005,central,near_disparity,96,2.7333724225468083,2.7417055796215717,0.0017216646209788234,0.2896071308122745,0.29537351430386644
hypothetical_sensitivity_only,hypothetical_grid_not_measured,1.0,1.52,1.33,0.01,0.005,mid_fov,far_disparity,415,3.032577013962727,3.1124852876662548,0.0014776599718013983,0.29886107276549856,0.3198335661438209
hypothetical_sensitivity_only,hypothetical_grid_not_measured,1.0,1.52,1.33,0.01,0.005,mid_fov,mid_disparity,335,2.855209388042134,2.8549668744945835,0.001689280984717677,0.298708111314512,0.32086083926131714
hypothetical_sensitivity_only,hypothetical_grid_not_measured,1.0,1.52,1.33,0.01,0.005,mid_fov,near_disparity,429,2.746499247763697,2.749121142327186,0.0019082826734166875,0.3039021245612177,0.3243646237554708
hypothetical_sensitivity_only,hypothetical_grid_not_measured,1.0,1.52,1.33,0.01,0.005,near_edge,far_disparity,339,3.1114207753277685,3.228957161070506,0.0016094044407748394,0.33281342397727354,0.38878750086364666
hypothetical_sensitivity_only,hypothetical_grid_not_measured,1.0,1.52,1.33,0.01,0.005,near_edge,mid_disparity,353,2.8771333888674793,2.876125587117404,0.001150071818299863,0.31784942726196475,0.34162329147289194
hypothetical_sensitivity_only,hypothetical_grid_not_measured,1.0,1.52,1.33,0.01,0.005,near_edge,near_disparity,268,2.7708993880037935,2.7700230711125435,0.0036747010948947555,0.321029689559578,0.4353476983140358
hypothetical_sensitivity_only,hypothetical_grid_not_measured,1.0,1.52,1.33,0.01,0.008,central,far_disparity,39,3.012004027563594,3.051558619047111,0.002257987517587647,0.2861726894709953,0.289926352288355
hypothetical_sensitivity_only,hypothetical_grid_not_measured,1.0,1.52,1.33,0.01,0.008,central,mid_disparity,104,2.8465552936492893,2.846808156849211,0.0016841313606820265,0.2867577790541771,0.2913253765973826
hypothetical_sensitivity_only,hypothetical_grid_not_measured,1.0,1.52,1.33,0.01,0.008,central,near_disparity,96,2.7337039927177775,2.7420343460525167,0.0017216208971764435,0.28976283914910406,0.29553398187485413
hypothetical_sensitivity_only,hypothetical_grid_not_measured,1.0,1.52,1.33,0.01,0.008,mid_fov,far_disparity,415,3.032916780401926,3.1128193914922253,0.0014776793562119091,0.29900608866954714,0.31999120624479904
hypothetical_sensitivity_only,hypothetical_grid_not_measured,1.0,1.52,1.33,0.01,0.008,mid_fov,mid_disparity,335,2.8555498920010898,2.855303835746175,0.0016893620364736653,0.29886203545330736,0.321020946656021
hypothetical_sensitivity_only,hypothetical_grid_not_measured,1.0,1.52,1.33,0.01,0.008,mid_fov,near_disparity,429,2.7468511534506588,2.749460615063365,0.0019083815492036975,0.3040638172106871,0.3245371355111149
hypothetical_sensitivity_only,hypothetical_grid_not_measured,1.0,1.52,1.33,0.01,0.008,near_edge,far_disparity,339,3.1117904468935453,3.229311614356689,0.0016101641344040526,0.3329734879287187,0.38894566244652173
hypothetical_sensitivity_only,hypothetical_grid_not_measured,1.0,1.52,1.33,0.01,0.008,near_edge,mid_disparity,353,2.87747474888688,2.8764733612731015,0.0011494674615506282,0.3180084533673688,0.34178817340079753
hypothetical_sensitivity_only,hypothetical_grid_not_measured,1.0,1.52,1.33,0.01,0.008,near_edge,near_disparity,268,2.7712441591706956,2.770376045367031,0.00367498085015379,0.32119273688594996,0.4355568166009914
hypothetical_sensitivity_only,hypothetical_grid_not_measured,1.0,1.52,1.33,0.01,0.01,central,far_disparity,39,3.0122188687285547,3.051773871398315,0.0022579848136532804,0.2862644759008677,0.29002266621429174
hypothetical_sensitivity_only,hypothetical_grid_not_measured,1.0,1.52,1.33,0.01,0.01,central,mid_disparity,104,2.8467741243730362,2.8470255834443963,0.0016841405357476357,0.28685641914357274,0.29142598668659925
hypothetical_sensitivity_only,hypothetical_grid_not_measured,1.0,1.52,1.33,0.01,0.01,central,near_disparity,96,2.7339250394984242,2.742253523673146,0.0017215917479748515,0.28986664470699075,0.29564096025551256
hypothetical_sensitivity_only,hypothetical_grid_not_measured,1.0,1.52,1.33,0.01,0.01,mid_fov,far_disparity,415,3.0331432913613936,3.1130421273762052,0.0014776922791522827,0.29910276593891383,0.3200962996454507
hypothetical_sensitivity_only,hypothetical_grid_not_measured,1.0,1.52,1.33,0.01,0.01,mid_fov,mid_disparity,335,2.855776894640393,2.8555284765805706,0.0016894160709777179,0.29896465154583796,0.3211276849191568
hypothetical_sensitivity_only,hypothetical_grid_not_measured,1.0,1.52,1.33,0.01,0.01,mid_fov,near_disparity,429,2.747085757241967,2.7496869302208182,0.0019084474663950872,0.3041716123103335,0.32465214334821046
hypothetical_sensitivity_only,hypothetical_grid_not_measured,1.0,1.52,1.33,0.01,0.01,near_edge,far_disparity,339,3.1120368946040653,3.229547916547478,0.0016106705968237482,0.3330801972296831,0.38905110350177213
hypothetical_sensitivity_only,hypothetical_grid_not_measured,1.0,1.52,1.33,0.01,0.01,near_edge,mid_disparity,353,2.877702322233146,2.876705210710233,0.0011490645570510476,0.3181144707709713,0.3418980946860676
hypothetical_sensitivity_only,hypothetical_grid_not_measured,1.0,1.52,1.33,0.01,0.01,near_edge,near_disparity,268,2.7714740066152963,2.7706113615366896,0.003675167353659702,0.32130231502399165,0.43569622879229447
hypothetical_sensitivity_only,hypothetical_grid_not_measured,1.0,1.52,1.33,0.02,0.003,central,far_disparity,39,3.0086198781148292,3.0481605087653967,0.00225803866878579,0.28472777866314725,0.2883944054214107
hypothetical_sensitivity_only,hypothetical_grid_not_measured,1.0,1.52,1.33,0.02,0.003,central,mid_disparity,104,2.8430882893064924,2.8433796529273585,0.0016839694353152274,0.28520368170970534,0.289724149172902
hypothetical_sensitivity_only,hypothetical_grid_not_measured,1.0,1.52,1.33,0.02,0.003,central,near_disparity,96,2.7301941490664445,2.73857184409434,0.0017222164597243527,0.28812522508628724,0.29382520414440144
hypothetical_sensitivity_only,hypothetical_grid_not_measured,1.0,1.52,1.33,0.02,0.003,mid_fov,far_disparity,415,3.029210251004797,3.109205897104555,0.0014780069666755914,0.29744250677491424,0.31824291900997886
hypothetical_sensitivity_only,hypothetical_grid_not_measured,1.0,1.52,1.33,0.02,0.003,mid_fov,mid_disparity,335,2.8518575643510458,2.851673898067782,0.001688138800500022,0.2972136765326039,0.319244234601294
hypothetical_sensitivity_only,hypothetical_grid_not_measured,1.0,1.52,1.33,0.02,0.003,mid_fov,near_disparity,429,2.74300546013997,2.7457985248609376,0.0019067618947761413,0.30237474368939354,0.3226211999171202
hypothetical_sensitivity_only,hypothetical_grid_not_measured,1.0,1.52,1.33,0.02,0.003,near_edge,far_disparity,339,3.107459712528012,3.2252626013663317,0.0015987228197759658,0.33116557311066086,0.3870177486505296
hypothetical_sensitivity_only,hypothetical_grid_not_measured,1.0,1.52,1.33,0.02,0.003,near_edge,mid_disparity,353,2.873601538063139,2.872626503994265,0.0011462237173548895,0.3162539052804969,0.3399048771287902
hypothetical_sensitivity_only,hypothetical_grid_not_measured,1.0,1.52,1.33,0.02,0.003,near_edge,near_disparity,268,2.7674695155750246,2.766416516844629,0.0036685194198560365,0.3194723624024902,0.4330169102893881
hypothetical_sensitivity_only,hypothetical_grid_not_measured,1.0,1.52,1.33,0.02,0.005,central,far_disparity,39,3.008834719279789,3.0483757611165996,0.0022580359648514264,0.2848195650930201,0.28849071934734766
hypothetical_sensitivity_only,hypothetical_grid_not_measured,1.0,1.52,1.33,0.02,0.005,central,mid_disparity,104,2.8433071200302393,2.843597079522543,0.0016839786103808323,0.2853023217991012,0.28982475926211876
hypothetical_sensitivity_only,hypothetical_grid_not_measured,1.0,1.52,1.33,0.02,0.005,central,near_disparity,96,2.7304151958470904,2.73879102171497,0.001722187310522761,0.2882290306441736,0.2939321825250597
hypothetical_sensitivity_only,hypothetical_grid_not_measured,1.0,1.52,1.33,0.02,0.005,mid_fov,far_disparity,415,3.029436761964264,3.109428632988535,0.0014777065978569528,0.29753918404428026,0.3183480124106306
hypothetical_sensitivity_only,hypothetical_grid_not_measured,1.0,1.52,1.33,0.02,0.005,mid_fov,mid_disparity,335,2.8520845669903494,2.851898538902177,0.0016881928350040427,0.2973162926251345,0.31935097286442965
hypothetical_sensitivity_only,hypothetical_grid_not_measured,1.0,1.52,1.33,0.02,0.005,mid_fov,near_disparity,429,2.743228602377535,2.7460248400183898,0.0019068278119674731,0.3024833168465757,0.32273620775421563
hypothetical_sensitivity_only,hypothetical_grid_not_measured,1.0,1.52,1.33,0.02,0.005,near_edge,far_disparity,339,3.1077061602385316,3.225498903557121,0.0015992468604817034,0.3312722824116241,0.38712318970577986
hypothetical_sensitivity_only,hypothetical_grid_not_measured,1.0,1.52,1.33,0.02,0.005,near_edge,mid_disparity,353,2.8738353939629464,2.8728583534313965,0.0011465069008258515,0.3163599226840992,0.3400147984140604
hypothetical_sensitivity_only,hypothetical_grid_not_measured,1.0,1.52,1.33,0.02,0.005,near_edge,near_disparity,268,2.7677008345892755,2.766651833014287,0.0036687059233621137,0.31957729717673167,0.4331563224806913
hypothetical_sensitivity_only,hypothetical_grid_not_measured,1.0,1.52,1.33,0.02,0.008,central,far_disparity,39,3.0091569810272274,3.0486986396434057,0.0022580319089498748,0.28495724473783013,0.28863519023625284
hypothetical_sensitivity_only,hypothetical_grid_not_measured,1.0,1.52,1.33,0.02,0.008,central,mid_disparity,104,2.8436353661158607,2.8439232194153217,0.0016839923729792502,0.2854502819331952,0.2899756743959436
hypothetical_sensitivity_only,hypothetical_grid_not_measured,1.0,1.52,1.33,0.02,0.008,central,near_disparity,96,2.73074676601806,2.739119788145915,0.0017221435867203864,0.28838473898100325,0.2940926500960476
hypothetical_sensitivity_only,hypothetical_grid_not_measured,1.0,1.52,1.33,0.02,0.008,mid_fov,far_disparity,415,3.029776528403464,3.109762736814505,0.001477256044629086,0.29768419994832906,0.31850565251160895
hypothetical_sensitivity_only,hypothetical_grid_not_measured,1.0,1.52,1.33,0.02,0.008,mid_fov,mid_disparity,335,2.852425070949305,2.85223550015377,0.001688273886760138,0.2974702167639294,0.31951108025913366
hypothetical_sensitivity_only,hypothetical_grid_not_measured,1.0,1.52,1.33,0.02,0.008,mid_fov,near_disparity,429,2.743563315733882,2.7463643127545696,0.001906926687754485,0.3026461765823485,0.3229087195098601
hypothetical_sensitivity_only,hypothetical_grid_not_measured,1.0,1.52,1.33,0.02,0.008,near_edge,far_disparity,339,3.1080758318043102,3.225853356843303,0.001600032921540431,0.3314323463630702,0.3872813512886555
hypothetical_sensitivity_only,hypothetical_grid_not_measured,1.0,1.52,1.33,0.02,0.008,near_edge,mid_disparity,353,2.8741861778126587,2.8732061275870944,0.0011469316760326252,0.3165189487895035,0.3401796803419655
hypothetical_sensitivity_only,hypothetical_grid_not_measured,1.0,1.52,1.33,0.02,0.008,near_edge,near_disparity,268,2.7680456057561766,2.7670048072687745,0.0036689856786209134,0.3197346993380935,0.43336544076764694
hypothetical_sensitivity_only,hypothetical_grid_not_measured,1.0,1.52,1.33,0.02,0.01,central,far_disparity,39,3.0093718221921852,3.0489138919946086,0.002258029205015501,0.2850490311677025,0.28873150416218957
hypothetical_sensitivity_only,hypothetical_grid_not_measured,1.0,1.52,1.33,0.02,0.01,central,mid_disparity,104,2.843854196839608,2.8441406460105076,0.001684001548044855,0.2855489220225912,0.29007628448516015
hypothetical_sensitivity_only,hypothetical_grid_not_measured,1.0,1.52,1.33,0.02,0.01,central,near_disparity,96,2.730967812798706,2.7393389657665446,0.001722114437518788,0.28848854453888984,0.2941996284767063
hypothetical_sensitivity_only,hypothetical_grid_not_measured,1.0,1.52,1.33,0.02,0.01,mid_fov,far_disparity,415,3.03000303936293,3.1099854726984852,0.00147695567581045,0.2977808772176951,0.31861074591226085
hypothetical_sensitivity_only,hypothetical_grid_not_measured,1.0,1.52,1.33,0.02,0.01,mid_fov,mid_disparity,335,2.8526520735886085,2.8524601409881645,0.0016883279212641198,0.29757283285645997,0.3196178185222688
hypothetical_sensitivity_only,hypothetical_grid_not_measured,1.0,1.52,1.33,0.02,0.01,mid_fov,near_disparity,429,2.7437864579714475,2.7465906279120222,0.0019069926049458713,0.30275474973953065,0.3230237273469553
hypothetical_sensitivity_only,hypothetical_grid_not_measured,1.0,1.52,1.33,0.02,0.01,near_edge,far_disparity,339,3.1083222795148298,3.2260896590340926,0.0016005569622462544,0.3315390556640334,0.38738679234390566
hypothetical_sensitivity_only,hypothetical_grid_not_measured,1.0,1.52,1.33,0.02,0.01,near_edge,mid_disparity,353,2.8744200337124672,2.8734379770242255,0.001147214859503803,0.31662496619310576,0.3402896016272355
hypothetical_sensitivity_only,hypothetical_grid_not_measured,1.0,1.52,1.33,0.02,0.01,near_edge,near_disparity,268,2.768275453200777,2.767240123438432,0.00366917218212695,0.3198396341123345,0.4335048529589502
hypothetical_sensitivity_only,hypothetical_grid_not_measured,1.0,1.52,1.33,0.03,0.003,central,far_disparity,39,3.0057728315784624,3.04530052936169,0.002258083060148015,0.28351233392998254,0.2871032433693086
hypothetical_sensitivity_only,hypothetical_grid_not_measured,1.0,1.52,1.33,0.03,0.003,central,mid_disparity,104,2.8401683617730638,2.8404947154934694,0.0016838304476124509,0.28389618458872323,0.28837444697146314
hypothetical_sensitivity_only,hypothetical_grid_not_measured,1.0,1.52,1.33,0.03,0.003,central,near_disparity,96,2.7272369223667265,2.735657286187738,0.001722739149268304,0.2867398293654785,0.29238387236559493
hypothetical_sensitivity_only,hypothetical_grid_not_measured,1.0,1.52,1.33,0.03,0.003,mid_fov,far_disparity,415,3.026069999006336,3.1061492424268344,0.0014850445967230313,0.29612061805369594,0.3167573652767886
hypothetical_sensitivity_only,hypothetical_grid_not_measured,1.0,1.52,1.33,0.03,0.003,mid_fov,mid_disparity,335,2.8487327432992613,2.848605562475376,0.0016847898807637932,0.2958218578432261,0.3177343682044067
hypothetical_sensitivity_only,hypothetical_grid_not_measured,1.0,1.52,1.33,0.03,0.003,mid_fov,near_disparity,429,2.739994498421688,2.742702222552142,0.0019053070333269276,0.30088812375003915,0.32099278391586533
hypothetical_sensitivity_only,hypothetical_grid_not_measured,1.0,1.52,1.33,0.03,0.003,near_edge,far_disparity,339,3.1037450974387766,3.221804343852947,0.0015985852118558825,0.3296244315450112,0.385353437492663
hypothetical_sensitivity_only,hypothetical_grid_not_measured,1.0,1.52,1.33,0.03,0.003,near_edge,mid_disparity,353,2.8700531176797,2.8693592703082578,0.0011386129590219523,0.31476993643130213,0.33829638406995793
hypothetical_sensitivity_only,hypothetical_grid_not_measured,1.0,1.52,1.33,0.03,0.003,near_edge,near_disparity,268,2.764163943683263,2.7630452787463713,0.0036630385037545845,0.3180199700196439,0.4308255344560438
hypothetical_sensitivity_only,hypothetical_grid_not_measured,1.0,1.52,1.33,0.03,0.005,central,far_disparity,39,3.005987672743421,3.045515781712894,0.0022580803562136462,0.28360412035985516,0.2871995572952455
hypothetical_sensitivity_only,hypothetical_grid_not_measured,1.0,1.52,1.33,0.03,0.005,central,mid_disparity,104,2.8403871924968116,2.840712142088655,0.001683839622678061,0.28399482467811943,0.28847505706068033
hypothetical_sensitivity_only,hypothetical_grid_not_measured,1.0,1.52,1.33,0.03,0.005,central,near_disparity,96,2.7274579691473733,2.7358764638083684,0.001722710000066719,0.2868449572675259,0.2924908507462534
hypothetical_sensitivity_only,hypothetical_grid_not_measured,1.0,1.52,1.33,0.03,0.005,mid_fov,far_disparity,415,3.0262965099658024,3.106371978310815,0.0014847442279044088,0.2962172953230615,0.31686245867744073
hypothetical_sensitivity_only,hypothetical_grid_not_measured,1.0,1.52,1.33,0.03,0.005,mid_fov,mid_disparity,335,2.848959745938564,2.848830203309771,0.0016850064742988486,0.2959244739357565,0.3178411064675418
hypothetical_sensitivity_only,hypothetical_grid_not_measured,1.0,1.52,1.33,0.03,0.005,mid_fov,near_disparity,429,2.740217640659252,2.7429285377095947,0.0019053729505182856,0.3009966969072213,0.3211077917529611
hypothetical_sensitivity_only,hypothetical_grid_not_measured,1.0,1.52,1.33,0.03,0.005,near_edge,far_disparity,339,3.1039915451492956,3.2220406460437356,0.001598722691899534,0.32973114084597555,0.38545887854791344
hypothetical_sensitivity_only,hypothetical_grid_not_measured,1.0,1.52,1.33,0.03,0.005,near_edge,mid_disparity,353,2.870293685881257,2.869591119745389,0.001138896142493222,0.3148756179649346,0.3384063053552287
hypothetical_sensitivity_only,hypothetical_grid_not_measured,1.0,1.52,1.33,0.03,0.005,near_edge,near_disparity,268,2.76439706714981,2.76328059491603,0.003663196289862178,0.31812490479388467,0.4309649466473472
hypothetical_sensitivity_only,hypothetical_grid_not_measured,1.0,1.52,1.33,0.03,0.008,central,far_disparity,39,3.0063099344908606,3.0458386602396987,0.0022580763003121032,0.28374180000466453,0.28734402818415006
hypothetical_sensitivity_only,hypothetical_grid_not_measured,1.0,1.52,1.33,0.03,0.008,central,mid_disparity,104,2.8407154385824325,2.8410382819814326,0.0016838533852764736,0.2841427848122131,0.2886259721945049
hypothetical_sensitivity_only,hypothetical_grid_not_measured,1.0,1.52,1.33,0.03,0.008,central,near_disparity,96,2.7277895393183424,2.736205230239314,0.0017226662762643244,0.2870026491205969,0.2926513183172408
hypothetical_sensitivity_only,hypothetical_grid_not_measured,1.0,1.52,1.33,0.03,0.008,mid_fov,far_disparity,415,3.026636276405001,3.1067060821367845,0.001484293674676518,0.29636231122711054,0.31702009877841847
hypothetical_sensitivity_only,hypothetical_grid_not_measured,1.0,1.52,1.33,0.03,0.008,mid_fov,mid_disparity,335,2.8493002498975204,2.8491671645613645,0.0016853313646014113,0.29607839807455183,0.31800121386224545
hypothetical_sensitivity_only,hypothetical_grid_not_measured,1.0,1.52,1.33,0.03,0.008,mid_fov,near_disparity,429,2.7405523540156,2.7432680104457745,0.0019054718263053238,0.30115955664299476,0.3212803035086048
hypothetical_sensitivity_only,hypothetical_grid_not_measured,1.0,1.52,1.33,0.03,0.008,near_edge,far_disparity,339,3.104361216715075,3.2223950993299186,0.001598926373301626,0.32989120479742096,0.38561704013078885
hypothetical_sensitivity_only,hypothetical_grid_not_measured,1.0,1.52,1.33,0.03,0.008,near_edge,mid_disparity,353,2.870654538183592,2.869938893901087,0.001139320917699826,0.3150341402653838,0.33857118728313346
hypothetical_sensitivity_only,hypothetical_grid_not_measured,1.0,1.52,1.33,0.03,0.008,near_edge,near_disparity,268,2.764746752349631,2.7636335691705174,0.003663432969023597,0.31828230695524706,0.4311740649343028
hypothetical_sensitivity_only,hypothetical_grid_not_measured,1.0,1.52,1.33,0.03,0.01,central,far_disparity,39,3.0065247756558193,3.046053912590903,0.0022580735963777295,0.2838335864345378,0.287440342110087
hypothetical_sensitivity_only,hypothetical_grid_not_measured,1.0,1.52,1.33,0.03,0.01,central,mid_disparity,104,2.8409342693061808,2.841255708576618,0.001683862560342077,0.2842414249016092,0.2887265822837215
hypothetical_sensitivity_only,hypothetical_grid_not_measured,1.0,1.52,1.33,0.03,0.01,central,near_disparity,96,2.7280105860989887,2.736424407859943,0.001722637127062739,0.28710777702264456,0.29275829669789966
hypothetical_sensitivity_only,hypothetical_grid_not_measured,1.0,1.52,1.33,0.03,0.01,mid_fov,far_disparity,415,3.0268627873644682,3.1069288180207653,0.0014839933058577272,0.296458988496477,0.3171251921790708
hypothetical_sensitivity_only,hypothetical_grid_not_measured,1.0,1.52,1.33,0.03,0.01,mid_fov,mid_disparity,335,2.849527252536823,2.849391805395759,0.001685547958136522,0.2961810141670824,0.31810795212538145
hypothetical_sensitivity_only,hypothetical_grid_not_measured,1.0,1.52,1.33,0.03,0.01,mid_fov,near_disparity,429,2.740775496253164,2.743494325603227,0.0019055377434966858,0.3012681298001769,0.3213953113457006
hypothetical_sensitivity_only,hypothetical_grid_not_measured,1.0,1.52,1.33,0.03,0.01,near_edge,far_disparity,339,3.104607664425594,3.222631401520707,0.0015990621609032662,0.3299979140983853,0.3857224811860393
hypothetical_sensitivity_only,hypothetical_grid_not_measured,1.0,1.52,1.33,0.03,0.01,near_edge,mid_disparity,353,2.8708951063851473,2.8701707433382184,0.001139604101171097,0.3151398217990167,0.3386811085684037
hypothetical_sensitivity_only,hypothetical_grid_not_measured,1.0,1.52,1.33,0.03,0.01,near_edge,near_disparity,268,2.7649798758161785,2.763868885340176,0.0036635907551311794,0.3183872417294882,0.4313134771256058
hypothetical_sensitivity_only,hypothetical_grid_not_measured,1.0,1.47,1.333,0.005,0.003,central,far_disparity,39,3.0186957824196963,3.0582983408994777,0.0022581605975097317,0.2890235250577051,0.29282974769565556
hypothetical_sensitivity_only,hypothetical_grid_not_measured,1.0,1.47,1.333,0.005,0.003,central,mid_disparity,104,2.8530017159012706,2.8532009096029194,0.001684159945434608,0.2896455310988151,0.2942609120358982
hypothetical_sensitivity_only,hypothetical_grid_not_measured,1.0,1.47,1.333,0.005,0.003,central,near_disparity,96,2.7399597775646685,2.748285032269069,0.0017200876602196876,0.29270094438162275,0.2985351655663971
hypothetical_sensitivity_only,hypothetical_grid_not_measured,1.0,1.47,1.333,0.005,0.003,mid_fov,far_disparity,415,3.0399913867202377,3.119925645985824,0.0014776337328591962,0.30198711150294444,0.32319126630968537
hypothetical_sensitivity_only,hypothetical_grid_not_measured,1.0,1.47,1.333,0.005,0.003,mid_fov,mid_disparity,335,2.8622610136220112,2.8619533324326043,0.0016882314270594148,0.30187082444695035,0.3242383188971306
hypothetical_sensitivity_only,hypothetical_grid_not_measured,1.0,1.47,1.333,0.005,0.003,mid_fov,near_disparity,429,2.7535602445515917,2.7559575660966016,0.001908501446160478,0.3071417601889619,0.32782686086246926
hypothetical_sensitivity_only,hypothetical_grid_not_measured,1.0,1.47,1.333,0.005,0.003,near_edge,far_disparity,339,3.1198988860562213,3.237284639022074,0.0016180587313892813,0.33628940077040204,0.3927258074327821
hypothetical_sensitivity_only,hypothetical_grid_not_measured,1.0,1.47,1.333,0.005,0.003,near_edge,mid_disparity,353,2.8843135920974508,2.883454714188892,0.0011448246489812865,0.32119510839077803,0.34519541430188927
hypothetical_sensitivity_only,hypothetical_grid_not_measured,1.0,1.47,1.333,0.005,0.003,near_edge,near_disparity,268,2.7779889945879708,2.777475087124886,0.003694105805099928,0.3244253936446183,0.439937737500985
hypothetical_sensitivity_only,hypothetical_grid_not_measured,1.0,1.47,1.333,0.005,0.005,central,far_disparity,39,3.0188559455561403,3.0584588331749023,0.0022581585563664942,0.2890919487253971,0.2929015956553585
hypothetical_sensitivity_only,hypothetical_grid_not_measured,1.0,1.47,1.333,0.005,0.005,central,mid_disparity,104,2.8531649179296883,2.853363014559949,0.0016841668371187933,0.28971906948160986,0.294335968603188
hypothetical_sensitivity_only,hypothetical_grid_not_measured,1.0,1.47,1.333,0.005,0.005,central,near_disparity,96,2.740124658412374,2.7484484641355755,0.0017200655256297036,0.2927789522470362,0.29861499293686206
hypothetical_sensitivity_only,hypothetical_grid_not_measured,1.0,1.47,1.333,0.005,0.005,mid_fov,far_disparity,415,3.0401606646705797,3.120092007285044,0.0014776451455926613,0.3020593073612705,0.3232698884672677
hypothetical_sensitivity_only,hypothetical_grid_not_measured,1.0,1.47,1.333,0.005,0.005,mid_fov,mid_disparity,335,2.862430599018433,2.8621210785071383,0.0016882728031797271,0.3019474222623635,0.32431817531874796
hypothetical_sensitivity_only,hypothetical_grid_not_measured,1.0,1.47,1.333,0.005,0.005,mid_fov,near_disparity,429,2.753725087910227,2.7561265798520056,0.0019085272635845623,0.30722226625934046,0.3279129116936425
hypothetical_sensitivity_only,hypothetical_grid_not_measured,1.0,1.47,1.333,0.005,0.005,near_edge,far_disparity,339,3.120083871518581,3.2374617153630822,0.0016182437505587424,0.33636931604826215,0.39280514330694344
hypothetical_sensitivity_only,hypothetical_grid_not_measured,1.0,1.47,1.333,0.005,0.005,near_edge,mid_disparity,353,2.8844841742480005,2.8836281261784165,0.0011451659973258665,0.3212743916929661,0.34527779106865875
hypothetical_sensitivity_only,hypothetical_grid_not_measured,1.0,1.47,1.333,0.005,0.005,near_edge,near_disparity,268,2.7781607998749958,2.777651227918746,0.0036942544159996537,0.32450731659940435,0.44004260022318586
hypothetical_sensitivity_only,hypothetical_grid_not_measured,1.0,1.47,1.333,0.005,0.008,central,far_disparity,39,3.0190961902608073,3.0586995715880385,0.002258155494651645,0.28919458422693345,0.2930093675949133
hypothetical_sensitivity_only,hypothetical_grid_not_measured,1.0,1.47,1.333,0.005,0.008,central,mid_disparity,104,2.853409720972313,2.8536061719954926,0.0016841771746450647,0.2898293770558028,0.29444855345412163
hypothetical_sensitivity_only,hypothetical_grid_not_measured,1.0,1.47,1.333,0.005,0.008,central,near_disparity,96,2.7403719796839328,2.7486936119353342,0.0017200323237447205,0.2928959640451566,0.29873473399255995
hypothetical_sensitivity_only,hypothetical_grid_not_measured,1.0,1.47,1.333,0.005,0.008,mid_fov,far_disparity,415,3.0404145815960932,3.120341549233874,0.0014776622646928339,0.3021676011487606,0.323387821703641
hypothetical_sensitivity_only,hypothetical_grid_not_measured,1.0,1.47,1.333,0.005,0.008,mid_fov,mid_disparity,335,2.862684977113067,2.862372697618939,0.001688334867360332,0.3020623189854825,0.3244379599511743
hypothetical_sensitivity_only,hypothetical_grid_not_measured,1.0,1.47,1.333,0.005,0.008,mid_fov,near_disparity,429,2.753972352948179,2.756380100485112,0.001908565989720707,0.30734302536490876,0.3280419879404028
hypothetical_sensitivity_only,hypothetical_grid_not_measured,1.0,1.47,1.333,0.005,0.008,near_edge,far_disparity,339,3.1203613497121174,3.237727329874595,0.0016185212793130416,0.3364891889650514,0.39292414711818624
hypothetical_sensitivity_only,hypothetical_grid_not_measured,1.0,1.47,1.333,0.005,0.008,near_edge,mid_disparity,353,2.8847400474738256,2.883888244162703,0.0011456780198425272,0.3213933166462475,0.3454013562188126
hypothetical_sensitivity_only,hypothetical_grid_not_measured,1.0,1.47,1.333,0.005,0.008,near_edge,near_disparity,268,2.778418507805533,2.777915439109537,0.003694477332349501,0.3246302010315836,0.44019989430648815
hypothetical_sensitivity_only,hypothetical_grid_not_measured,1.0,1.47,1.333,0.005,0.01,central,far_disparity,39,3.0192563533972523,3.0588600638634635,0.002258153453508414,0.2892630078946248,0.2930812155546164
hypothetical_sensitivity_only,hypothetical_grid_not_measured,1.0,1.47,1.333,0.005,0.01,central,mid_disparity,104,2.8535729230007303,2.8537682769525223,0.001684184066329239,0.2899029154385979,0.2945236100214111
hypothetical_sensitivity_only,hypothetical_grid_not_measured,1.0,1.47,1.333,0.005,0.01,central,near_disparity,96,2.7405368605316385,2.74885704380184,0.0017200101891547536,0.2929739719105705,0.2988145613630253
hypothetical_sensitivity_only,hypothetical_grid_not_measured,1.0,1.47,1.333,0.005,0.01,mid_fov,far_disparity,415,3.040583859546436,3.1205079105330937,0.0014776736774262868,0.30223979700708714,0.32346644386122325
hypothetical_sensitivity_only,hypothetical_grid_not_measured,1.0,1.47,1.333,0.005,0.01,mid_fov,mid_disparity,335,2.8628545625094883,2.8625404436934727,0.001688376243480743,0.3021389168008961,0.3245178163727919
hypothetical_sensitivity_only,hypothetical_grid_not_measured,1.0,1.47,1.333,0.005,0.01,mid_fov,near_disparity,429,2.7541371963068135,2.756549114240516,0.0019085918071448061,0.30742353143528733,0.3281280387715767
hypothetical_sensitivity_only,hypothetical_grid_not_measured,1.0,1.47,1.333,0.005,0.01,near_edge,far_disparity,339,3.1205463351744767,3.2379044062156033,0.0016187062984825773,0.3365691042429111,0.39300348299234833
hypothetical_sensitivity_only,hypothetical_grid_not_measured,1.0,1.47,1.333,0.005,0.01,near_edge,mid_disparity,353,2.884910629624376,2.884061656152227,0.0011460193681869992,0.3214725999484349,0.3454837329855825
hypothetical_sensitivity_only,hypothetical_grid_not_measured,1.0,1.47,1.333,0.005,0.01,near_edge,near_disparity,268,2.7785903130925576,2.778091579903397,0.0036946259432491793,0.3247121239863696,0.44030475702868965
hypothetical_sensitivity_only,hypothetical_grid_not_measured,1.0,1.47,1.333,0.01,0.003,central,far_disparity,39,3.017259799954031,3.0568558472366867,0.002258182958562537,0.2884104820418236,0.29217852588641763
hypothetical_sensitivity_only,hypothetical_grid_not_measured,1.0,1.47,1.333,0.01,0.003,central,mid_disparity,104,2.8515289675964013,2.8517457901239913,0.00168408990063208,0.2889860465897083,0.2935801575859336
hypothetical_sensitivity_only,hypothetical_grid_not_measured,1.0,1.47,1.333,0.01,0.003,central,near_disparity,96,2.738468204894911,2.7468149643530992,0.001720350857787026,0.2920048217844827,0.29780819245554885
hypothetical_sensitivity_only,hypothetical_grid_not_measured,1.0,1.47,1.333,0.01,0.003,mid_fov,far_disparity,415,3.038407678488742,3.118384076704946,0.0014772394714470535,0.3013204270527028,0.32244208572314936
hypothetical_sensitivity_only,hypothetical_grid_not_measured,1.0,1.47,1.333,0.01,0.003,mid_fov,mid_disparity,335,2.8606850294669908,2.860405812284926,0.001687683813205986,0.3011688468460698,0.3234768746853156
hypothetical_sensitivity_only,hypothetical_grid_not_measured,1.0,1.47,1.333,0.01,0.003,mid_fov,near_disparity,429,2.751945035275758,2.754395927883594,0.001907839725671494,0.30640541579449354,0.3270056140780994
hypothetical_sensitivity_only,hypothetical_grid_not_measured,1.0,1.47,1.333,0.01,0.003,near_edge,far_disparity,339,3.1180258469211113,3.2355407930667472,0.0016148255613249538,0.3355122318248367,0.3918866877387865
hypothetical_sensitivity_only,hypothetical_grid_not_measured,1.0,1.47,1.333,0.01,0.003,near_edge,mid_disparity,353,2.882714262363022,2.8818070032657555,0.0011433403796788826,0.3204439276326869,0.3443843007814443
hypothetical_sensitivity_only,hypothetical_grid_not_measured,1.0,1.47,1.333,0.01,0.003,near_edge,near_disparity,268,2.776375861344691,2.7757749747083498,0.003691093263363275,0.3236637735592218,0.43883282253515665
hypothetical_sensitivity_only,hypothetical_grid_not_measured,1.0,1.47,1.333,0.01,0.005,central,far_disparity,39,3.017419963090477,3.057016339512112,0.0022581809174193,0.28847890570951495,0.2922503738461212
hypothetical_sensitivity_only,hypothetical_grid_not_measured,1.0,1.47,1.333,0.01,0.005,central,mid_disparity,104,2.851692169624819,2.85190789508102,0.0016840967923162607,0.28905958497250317,0.2936552141532233
hypothetical_sensitivity_only,hypothetical_grid_not_measured,1.0,1.47,1.333,0.01,0.005,central,near_disparity,96,2.738633085742617,2.7469783962196055,0.0017203287231970495,0.2920822186254721,0.2978880198260144
hypothetical_sensitivity_only,hypothetical_grid_not_measured,1.0,1.47,1.333,0.01,0.005,mid_fov,far_disparity,415,3.0385769564390843,3.1185504380041675,0.0014772508841805207,0.30139262291102975,0.32252070788073184
hypothetical_sensitivity_only,hypothetical_grid_not_measured,1.0,1.47,1.333,0.01,0.005,mid_fov,mid_disparity,335,2.8608546148634133,2.8605735583594605,0.0016877251893263855,0.30124544466148295,0.3235567311069329
hypothetical_sensitivity_only,hypothetical_grid_not_measured,1.0,1.47,1.333,0.01,0.005,mid_fov,near_disparity,429,2.7521205308459233,2.7545649416389986,0.0019078655430955643,0.3064807018424349,0.3270916649092735
hypothetical_sensitivity_only,hypothetical_grid_not_measured,1.0,1.47,1.333,0.01,0.005,near_edge,far_disparity,339,3.1182108323834705,3.2357178694077557,0.001615010580494379,0.3355921471026966,0.3919660236129485
hypothetical_sensitivity_only,hypothetical_grid_not_measured,1.0,1.47,1.333,0.01,0.005,near_edge,mid_disparity,353,2.8828848445135726,2.88198041525528,0.0011430275237198659,0.32052321093487457,0.34446667754821375
hypothetical_sensitivity_only,hypothetical_grid_not_measured,1.0,1.47,1.333,0.01,0.005,near_edge,near_disparity,268,2.7765476666317155,2.7759511155022105,0.003691241874263112,0.3237421852045266,0.43893768525735816
hypothetical_sensitivity_only,hypothetical_grid_not_measured,1.0,1.47,1.333,0.01,0.008,central,far_disparity,39,3.017660207795144,3.057257077925248,0.002258177855704456,0.28858154121105195,0.29235814578567576
hypothetical_sensitivity_only,hypothetical_grid_not_measured,1.0,1.47,1.333,0.01,0.008,central,mid_disparity,104,2.8519369726674446,2.852151052516564,0.001684107129842527,0.2891698925466959,0.2937677990041569
hypothetical_sensitivity_only,hypothetical_grid_not_measured,1.0,1.47,1.333,0.01,0.008,central,near_disparity,96,2.738880407014175,2.747223544019365,0.0017202955213120785,0.2921983138869563,0.2980077608817121
hypothetical_sensitivity_only,hypothetical_grid_not_measured,1.0,1.47,1.333,0.01,0.008,mid_fov,far_disparity,415,3.0388308733645975,3.118799979952997,0.0014772680032806935,0.301500916698519,0.3226386411171051
hypothetical_sensitivity_only,hypothetical_grid_not_measured,1.0,1.47,1.333,0.01,0.008,mid_fov,mid_disparity,335,2.861108992958046,2.8608251774712605,0.0016877872535069748,0.30136034138460266,0.32367651573935935
hypothetical_sensitivity_only,hypothetical_grid_not_measured,1.0,1.47,1.333,0.01,0.008,mid_fov,near_disparity,429,2.75238377420117,2.754818462272104,0.0019079042692317087,0.3065986800948872,0.3272207411560337
hypothetical_sensitivity_only,hypothetical_grid_not_measured,1.0,1.47,1.333,0.01,0.008,near_edge,far_disparity,339,3.118488310577007,3.2359834839192683,0.0016152881092488267,0.3357120200194863,0.3920850274241914
hypothetical_sensitivity_only,hypothetical_grid_not_measured,1.0,1.47,1.333,0.01,0.008,near_edge,mid_disparity,353,2.883140717739397,2.882240533239566,0.0011425582397809658,0.3206421358881557,0.34459024269836747
hypothetical_sensitivity_only,hypothetical_grid_not_measured,1.0,1.47,1.333,0.01,0.008,near_edge,near_disparity,268,2.776805374562252,2.7762153266930003,0.003691464790612953,0.32385980267248304,0.4390949793406601
hypothetical_sensitivity_only,hypothetical_grid_not_measured,1.0,1.47,1.333,0.01,0.01,central,far_disparity,39,3.017820370931588,3.057417570200673,0.0022581758145612234,0.28864996487874284,0.2924299937453786
hypothetical_sensitivity_only,hypothetical_grid_not_measured,1.0,1.47,1.333,0.01,0.01,central,mid_disparity,104,2.8521001746958614,2.8523131574735934,0.0016841140215267073,0.2892434309294909,0.2938428555714464
hypothetical_sensitivity_only,hypothetical_grid_not_measured,1.0,1.47,1.333,0.01,0.01,central,near_disparity,96,2.739045287861881,2.7473869758858718,0.0017202733867220869,0.2922757107279462,0.29808758825217724
hypothetical_sensitivity_only,hypothetical_grid_not_measured,1.0,1.47,1.333,0.01,0.01,mid_fov,far_disparity,415,3.0390001513149407,3.118966341252217,0.0014772794160141467,0.3015731125568457,0.3227172632746869
hypothetical_sensitivity_only,hypothetical_grid_not_measured,1.0,1.47,1.333,0.01,0.01,mid_fov,mid_disparity,335,2.8612785783544696,2.8609929235457945,0.0016878286296273305,0.301436939200016,0.3237563721609771
hypothetical_sensitivity_only,hypothetical_grid_not_measured,1.0,1.47,1.333,0.01,0.01,mid_fov,near_disparity,429,2.7525592697713344,2.7549874760275084,0.0019079300866558081,0.306679186165266,0.3273067919872073
hypothetical_sensitivity_only,hypothetical_grid_not_measured,1.0,1.47,1.333,0.01,0.01,near_edge,far_disparity,339,3.1186732960393657,3.2361605602602777,0.0016154731284182856,0.3357919352973462,0.39216436329835325
hypothetical_sensitivity_only,hypothetical_grid_not_measured,1.0,1.47,1.333,0.01,0.01,near_edge,mid_disparity,353,2.883311299889946,2.8824139452290902,0.0011422453838218394,0.32072141919034314,0.3446726194651369
hypothetical_sensitivity_only,hypothetical_grid_not_measured,1.0,1.47,1.333,0.01,0.01,near_edge,near_disparity,268,2.7769771798492764,2.7763914674868606,0.0036916134015126667,0.3239402670313828,0.4391998420628616
hypothetical_sensitivity_only,hypothetical_grid_not_measured,1.0,1.47,1.333,0.02,0.003,central,far_disparity,39,3.0143878350227027,3.0539708599111046,0.0022582276806681484,0.28718439601005885,0.29087608226794276
hypothetical_sensitivity_only,hypothetical_grid_not_measured,1.0,1.47,1.333,0.02,0.003,central,mid_disparity,104,2.848583470986665,2.8488355511661334,0.0016839498110270217,0.2876670775714941,0.29221864868600395
hypothetical_sensitivity_only,hypothetical_grid_not_measured,1.0,1.47,1.333,0.02,0.003,central,near_disparity,96,2.735485059555396,2.7438748285211614,0.0017208772529217248,0.29061461872160155,0.29635424623385337
hypothetical_sensitivity_only,hypothetical_grid_not_measured,1.0,1.47,1.333,0.02,0.003,mid_fov,far_disparity,415,3.0352402620257495,3.115300938143193,0.0014764509486227706,0.2999870581522206,0.32094372455007747
hypothetical_sensitivity_only,hypothetical_grid_not_measured,1.0,1.47,1.333,0.02,0.003,mid_fov,mid_disparity,335,2.857533061156951,2.85731077198957,0.0016865885854992237,0.29976489164430964,0.32195398626168564
hypothetical_sensitivity_only,hypothetical_grid_not_measured,1.0,1.47,1.333,0.02,0.003,mid_fov,near_disparity,429,2.748607739541769,2.7512726514575805,0.0019065162846935116,0.30496586893726674,0.3253631205093615
hypothetical_sensitivity_only,hypothetical_grid_not_measured,1.0,1.47,1.333,0.02,0.003,near_edge,far_disparity,339,3.1142797686508894,3.232053101156095,0.0016059186189557276,0.3339578939337078,0.3902084483507964
hypothetical_sensitivity_only,hypothetical_grid_not_measured,1.0,1.47,1.333,0.02,0.003,near_edge,mid_disparity,353,2.8795226796036664,2.878511581419482,0.0011474058404420024,0.3189415837207419,0.34276207374055373
hypothetical_sensitivity_only,hypothetical_grid_not_measured,1.0,1.47,1.333,0.02,0.003,near_edge,near_disparity,268,2.7731495948581286,2.772374749875278,0.003685068179890205,0.3221988032985571,0.43662299260350085
hypothetical_sensitivity_only,hypothetical_grid_not_measured,1.0,1.47,1.333,0.02,0.005,central,far_disparity,39,3.0145479981591476,3.0541313521865288,0.0022582256395249213,0.2872528196777504,0.290947930227646
hypothetical_sensitivity_only,hypothetical_grid_not_measured,1.0,1.47,1.333,0.02,0.005,central,mid_disparity,104,2.848746673015082,2.8489976561231627,0.0016839567027111986,0.28774061595428935,0.29229370525329346
hypothetical_sensitivity_only,hypothetical_grid_not_measured,1.0,1.47,1.333,0.02,0.005,central,near_disparity,96,2.735649940403101,2.744038260387667,0.00172085511833174,0.2906920155625913,0.2964340736043184
hypothetical_sensitivity_only,hypothetical_grid_not_measured,1.0,1.47,1.333,0.02,0.005,mid_fov,far_disparity,415,3.0354095399760928,3.1154672994424133,0.0014764623613562106,0.3000592540105471,0.3210223467076597
hypothetical_sensitivity_only,hypothetical_grid_not_measured,1.0,1.47,1.333,0.02,0.005,mid_fov,mid_disparity,335,2.857702646553373,2.8574785180641045,0.0016866299616196151,0.2998414894597228,0.3220338426833034
hypothetical_sensitivity_only,hypothetical_grid_not_measured,1.0,1.47,1.333,0.02,0.005,mid_fov,near_disparity,429,2.748783235111933,2.751441665212984,0.0019065421021176251,0.30504695724575637,0.3254491713405348
hypothetical_sensitivity_only,hypothetical_grid_not_measured,1.0,1.47,1.333,0.02,0.005,near_edge,far_disparity,339,3.114464754113247,3.232230177497103,0.0016063140680588814,0.3340378092115672,0.3902877842249583
hypothetical_sensitivity_only,hypothetical_grid_not_measured,1.0,1.47,1.333,0.02,0.005,near_edge,mid_disparity,353,2.8796947544076446,2.878684993409006,0.001147627543250756,0.3190208494186917,0.3428444505073228
hypothetical_sensitivity_only,hypothetical_grid_not_measured,1.0,1.47,1.333,0.02,0.005,near_edge,near_disparity,268,2.7733214001451527,2.7725508906691374,0.0036852167907899065,0.3222772149438612,0.4367278553257017
hypothetical_sensitivity_only,hypothetical_grid_not_measured,1.0,1.47,1.333,0.02,0.008,central,far_disparity,39,3.0147882428638146,3.0543720905996667,0.0022582225778100718,0.28735545517928784,0.29105570216720045
hypothetical_sensitivity_only,hypothetical_grid_not_measured,1.0,1.47,1.333,0.02,0.008,central,mid_disparity,104,2.848991476057708,2.8492408135587066,0.0016839670402374646,0.28785092352848163,0.29240629010422725
hypothetical_sensitivity_only,hypothetical_grid_not_measured,1.0,1.47,1.333,0.02,0.008,central,near_disparity,96,2.73589726167466,2.7442834081874268,0.0017208219164467767,0.29080811082407554,0.29655381466001624
hypothetical_sensitivity_only,hypothetical_grid_not_measured,1.0,1.47,1.333,0.02,0.008,mid_fov,far_disparity,415,3.035663456901606,3.1157168413912433,0.0014764794804563823,0.300167547798037,0.3211402799440334
hypothetical_sensitivity_only,hypothetical_grid_not_measured,1.0,1.47,1.333,0.02,0.008,mid_fov,mid_disparity,335,2.8579570246480066,2.857730137175905,0.0016866920258002045,0.29995638618284226,0.3221536273157296
hypothetical_sensitivity_only,hypothetical_grid_not_measured,1.0,1.47,1.333,0.02,0.008,mid_fov,near_disparity,429,2.7490464784671804,2.75169518584609,0.0019065808282537262,0.30516858970849103,0.3255782475872951
hypothetical_sensitivity_only,hypothetical_grid_not_measured,1.0,1.47,1.333,0.02,0.008,near_edge,far_disparity,339,3.114742232306784,3.232495792008616,0.0016069072417138302,0.3341576821283565,0.3904067880362012
hypothetical_sensitivity_only,hypothetical_grid_not_measured,1.0,1.47,1.333,0.02,0.008,near_edge,mid_disparity,353,2.879949839970166,2.8789451113932927,0.0011479600974641027,0.3191397743719733,0.3429680156574769
hypothetical_sensitivity_only,hypothetical_grid_not_measured,1.0,1.47,1.333,0.02,0.008,near_edge,near_disparity,268,2.7735791080756904,2.7728151018599285,0.0036854397071396532,0.3223948324118182,0.43688514940900397
hypothetical_sensitivity_only,hypothetical_grid_not_measured,1.0,1.47,1.333,0.02,0.01,central,far_disparity,39,3.0149484060002596,3.054532582875091,0.002258220536666833,0.28742387884697873,0.2911275501269037
hypothetical_sensitivity_only,hypothetical_grid_not_measured,1.0,1.47,1.333,0.02,0.01,central,mid_disparity,104,2.8491546780861245,2.849402918515736,0.0016839739319216415,0.2879244619112771,0.29248134667151676
hypothetical_sensitivity_only,hypothetical_grid_not_measured,1.0,1.47,1.333,0.02,0.01,central,near_disparity,96,2.736062142522365,2.7444468400539335,0.001720799781856786,0.29088550766506505,0.29663364203048165
hypothetical_sensitivity_only,hypothetical_grid_not_measured,1.0,1.47,1.333,0.02,0.01,mid_fov,far_disparity,415,3.035832734851949,3.115883202690463,0.0014764908931898504,0.3002397436563635,0.32121890210161524
hypothetical_sensitivity_only,hypothetical_grid_not_measured,1.0,1.47,1.333,0.02,0.01,mid_fov,mid_disparity,335,2.8581266100444287,2.8578978832504385,0.001686733401920544,0.3000329839982554,0.3222334837373466
hypothetical_sensitivity_only,hypothetical_grid_not_measured,1.0,1.47,1.333,0.02,0.01,mid_fov,near_disparity,429,2.7492219740373454,2.751864199601494,0.0019066066456778245,0.30524967801698044,0.3256642984184688
hypothetical_sensitivity_only,hypothetical_grid_not_measured,1.0,1.47,1.333,0.02,0.01,near_edge,far_disparity,339,3.114927217769143,3.232672868349625,0.0016073026908168607,0.33423759740621617,0.39048612391036275
hypothetical_sensitivity_only,hypothetical_grid_not_measured,1.0,1.47,1.333,0.02,0.01,near_edge,mid_disparity,353,2.8801198970118493,2.8791185233828167,0.0011481818002727644,0.3192190576741605,0.343050392424246
hypothetical_sensitivity_only,hypothetical_grid_not_measured,1.0,1.47,1.333,0.02,0.01,near_edge,near_disparity,268,2.7737509133627145,2.7729912426537884,0.003685588318039533,0.32247324405712274,0.43699001213120536
hypothetical_sensitivity_only,hypothetical_grid_not_measured,1.0,1.47,1.333,0.03,0.003,central,far_disparity,39,3.0115158700913742,3.0510858725855234,0.0022582724027737696,0.2859583099782954,0.28957363864946806
hypothetical_sensitivity_only,hypothetical_grid_not_measured,1.0,1.47,1.333,0.03,0.003,central,mid_disparity,104,2.8456379743769284,2.8459253122082755,0.00168380972142195,0.28634810855327997,0.2908571397860741
hypothetical_sensitivity_only,hypothetical_grid_not_measured,1.0,1.47,1.333,0.03,0.003,central,near_disparity,96,2.732501914215881,2.7409346926892226,0.0017214036480564098,0.289216171860173,0.2949003000121574
hypothetical_sensitivity_only,hypothetical_grid_not_measured,1.0,1.47,1.333,0.03,0.003,mid_fov,far_disparity,415,3.0320728455627597,3.1122177995814386,0.0014793115608370325,0.2986536892517384,0.3194453633770054
hypothetical_sensitivity_only,hypothetical_grid_not_measured,1.0,1.47,1.333,0.03,0.003,mid_fov,mid_disparity,335,2.8543810928469098,2.854215731694214,0.0016854933577924456,0.29836093644254946,0.3204310978380556
hypothetical_sensitivity_only,hypothetical_grid_not_measured,1.0,1.47,1.333,0.03,0.003,mid_fov,near_disparity,429,2.7453283001762743,2.7481493750315655,0.0019047240352318372,0.3034662963846231,0.32372062694062276
hypothetical_sensitivity_only,hypothetical_grid_not_measured,1.0,1.47,1.333,0.03,0.003,near_edge,far_disparity,339,3.1105336903806657,3.2285654092454426,0.0015982552395143266,0.33240355604257754,0.3885302089628061
hypothetical_sensitivity_only,hypothetical_grid_not_measured,1.0,1.47,1.333,0.03,0.003,near_edge,mid_disparity,353,2.8761783957777363,2.875216159573208,0.0011397528806151342,0.3174449662990819,0.3411398466996633
hypothetical_sensitivity_only,hypothetical_grid_not_measured,1.0,1.47,1.333,0.03,0.003,near_edge,near_disparity,268,2.769923328371567,2.7689745250422058,0.00367904309641709,0.32073383303789205,0.4344131626718445
hypothetical_sensitivity_only,hypothetical_grid_not_measured,1.0,1.47,1.333,0.03,0.005,central,far_disparity,39,3.011676033227819,3.051246364860948,0.0022582703616305377,0.28602673364598674,0.28964548660917094
hypothetical_sensitivity_only,hypothetical_grid_not_measured,1.0,1.47,1.333,0.03,0.005,central,mid_disparity,104,2.8458011764053452,2.8460874171653052,0.001683816613106133,0.2864216469360754,0.2909321963533636
hypothetical_sensitivity_only,hypothetical_grid_not_measured,1.0,1.47,1.333,0.03,0.005,central,near_disparity,96,2.7326667950635866,2.7410981245557298,0.0017213815134664392,0.2892945634562327,0.2949801273826228
hypothetical_sensitivity_only,hypothetical_grid_not_measured,1.0,1.47,1.333,0.03,0.005,mid_fov,far_disparity,415,3.0322421235131016,3.112384160880658,0.001479079002766635,0.2987258851100647,0.3195239855345878
hypothetical_sensitivity_only,hypothetical_grid_not_measured,1.0,1.47,1.333,0.03,0.005,mid_fov,mid_disparity,335,2.8545506782433323,2.8543834777687485,0.0016855347339127817,0.29843753425796193,0.32051095425967296
hypothetical_sensitivity_only,hypothetical_grid_not_measured,1.0,1.47,1.333,0.03,0.005,mid_fov,near_disparity,429,2.7454948221200337,2.7483183887869695,0.0019047748863435963,0.3035473846931127,0.32380667777179656
hypothetical_sensitivity_only,hypothetical_grid_not_measured,1.0,1.47,1.333,0.03,0.005,near_edge,far_disparity,339,3.110718675843025,3.2287424855864515,0.0015981903245307152,0.3324834713204372,0.3886095448369679
hypothetical_sensitivity_only,hypothetical_grid_not_measured,1.0,1.47,1.333,0.03,0.005,near_edge,mid_disparity,353,2.876353371857416,2.8753895715627324,0.001139974583423995,0.31752399499246264,0.3412222234664323
hypothetical_sensitivity_only,hypothetical_grid_not_measured,1.0,1.47,1.333,0.03,0.005,near_edge,near_disparity,268,2.7700951336585917,2.7691506658360665,0.0036791917073168093,0.3208122446831968,0.4345180253940463
hypothetical_sensitivity_only,hypothetical_grid_not_measured,1.0,1.47,1.333,0.03,0.008,central,far_disparity,39,3.0119162779324853,3.051487103274085,0.002258267299915686,0.2861293691475233,0.28975325854872536
hypothetical_sensitivity_only,hypothetical_grid_not_measured,1.0,1.47,1.333,0.03,0.008,central,mid_disparity,104,2.8460459794479713,2.846330574600849,0.001683826950632404,0.28653195451026814,0.29104478120429755
hypothetical_sensitivity_only,hypothetical_grid_not_measured,1.0,1.47,1.333,0.03,0.008,central,near_disparity,96,2.732914116335145,2.7413432723554885,0.001721348311581455,0.2894121508503219,0.29509986843832053
hypothetical_sensitivity_only,hypothetical_grid_not_measured,1.0,1.47,1.333,0.03,0.008,mid_fov,far_disparity,415,3.032496040438615,3.1126337028294886,0.001478730165661152,0.2988341788975548,0.31964191877096076
hypothetical_sensitivity_only,hypothetical_grid_not_measured,1.0,1.47,1.333,0.03,0.008,mid_fov,mid_disparity,335,2.854805056337966,2.8546350968805485,0.0016855967980933628,0.2985524309810821,0.32063073889209925
hypothetical_sensitivity_only,hypothetical_grid_not_measured,1.0,1.47,1.333,0.03,0.008,mid_fov,near_disparity,429,2.7457446050356733,2.7485719094200753,0.0019048511630112887,0.3036690171558474,0.3239357540185566
hypothetical_sensitivity_only,hypothetical_grid_not_measured,1.0,1.47,1.333,0.03,0.008,near_edge,far_disparity,339,3.1109961540365623,3.229008100097964,0.001597722616300655,0.3326033442372267,0.38872854864821077
hypothetical_sensitivity_only,hypothetical_grid_not_measured,1.0,1.47,1.333,0.03,0.008,near_edge,mid_disparity,353,2.876615835976934,2.8756496895470187,0.0011403071376371427,0.31764253803253184,0.3413457886165863
hypothetical_sensitivity_only,hypothetical_grid_not_measured,1.0,1.47,1.333,0.03,0.008,near_edge,near_disparity,268,2.7703528415891285,2.7694148770268563,0.0036794146236664507,0.3209298621511534,0.43467531947734767
hypothetical_sensitivity_only,hypothetical_grid_not_measured,1.0,1.47,1.333,0.03,0.01,central,far_disparity,39,3.012076441068931,3.05164759554951,0.0022582652587724477,0.28619779281521507,0.28982510650842863
hypothetical_sensitivity_only,hypothetical_grid_not_measured,1.0,1.47,1.333,0.03,0.01,central,mid_disparity,104,2.8462091814763877,2.846492679557879,0.0016838338423165772,0.28660549289306303,0.29111983777158706
hypothetical_sensitivity_only,hypothetical_grid_not_measured,1.0,1.47,1.333,0.03,0.01,central,near_disparity,96,2.7330789971828504,2.741506704221995,0.001721326176991478,0.28949054244638184,0.2951796958087858
hypothetical_sensitivity_only,hypothetical_grid_not_measured,1.0,1.47,1.333,0.03,0.01,mid_fov,far_disparity,415,3.0326653183889576,3.1128000641287086,0.0014784976075908486,0.29890637475588133,0.3197205409285433
hypothetical_sensitivity_only,hypothetical_grid_not_measured,1.0,1.47,1.333,0.03,0.01,mid_fov,mid_disparity,335,2.8549746417343878,2.8548028429550825,0.001685638174213782,0.2986290287964952,0.3207105953137169
hypothetical_sensitivity_only,hypothetical_grid_not_measured,1.0,1.47,1.333,0.03,0.01,mid_fov,near_disparity,429,2.7459111269794327,2.74874092317548,0.0019049020141231041,0.30375010546433656,0.3240218048497302
hypothetical_sensitivity_only,hypothetical_grid_not_measured,1.0,1.47,1.333,0.03,0.01,near_edge,far_disparity,339,3.111181139498922,3.2291851764389725,0.001597410810813962,0.3326832595150866,0.38880788452237236
hypothetical_sensitivity_only,hypothetical_grid_not_measured,1.0,1.47,1.333,0.03,0.01,near_edge,mid_disparity,353,2.8767908120566124,2.8758231015365436,0.0011405288404460216,0.31772156672591256,0.34142816538335563
hypothetical_sensitivity_only,hypothetical_grid_not_measured,1.0,1.47,1.333,0.03,0.01,near_edge,near_disparity,268,2.7705246468761535,2.7695910178207166,0.003679563234566332,0.3210082737964578,0.4347801821995492
hypothetical_sensitivity_only,hypothetical_grid_not_measured,1.0,1.5,1.333,0.005,0.003,central,far_disparity,39,3.018742494800655,3.0583451234223005,0.0022581600320914002,0.2890434842889198,0.29285065124491616
hypothetical_sensitivity_only,hypothetical_grid_not_measured,1.0,1.5,1.333,0.005,0.003,central,mid_disparity,104,2.8530492454127874,2.8532481758676385,0.0016841618947002715,0.2896669777919043,0.29428274584317865
hypothetical_sensitivity_only,hypothetical_grid_not_measured,1.0,1.5,1.333,0.005,0.003,central,near_disparity,96,2.7400077691612426,2.7483326632863414,0.0017200816782014104,0.29272367323122006,0.29855836596486307
hypothetical_sensitivity_only,hypothetical_grid_not_measured,1.0,1.5,1.333,0.005,0.003,mid_fov,far_disparity,415,3.040040289720909,3.1199738120616125,0.0014776349664110443,0.30200802906595303,0.323213887375296
hypothetical_sensitivity_only,hypothetical_grid_not_measured,1.0,1.5,1.333,0.005,0.003,mid_fov,mid_disparity,335,2.8623100769625265,2.8620019475759633,0.0016882422090869183,0.3018930560328612,0.32426129131298653
hypothetical_sensitivity_only,hypothetical_grid_not_measured,1.0,1.5,1.333,0.005,0.003,mid_fov,near_disparity,429,2.7536082114485754,2.756006531254782,0.0019085058996682937,0.307165079352578,0.32785160886328996
hypothetical_sensitivity_only,hypothetical_grid_not_measured,1.0,1.5,1.333,0.005,0.003,near_edge,far_disparity,339,3.119951414558636,3.2373352476707504,0.0016181018813361753,0.3363122981536759,0.3927481192076024
hypothetical_sensitivity_only,hypothetical_grid_not_measured,1.0,1.5,1.333,0.005,0.003,near_edge,mid_disparity,353,2.8843628573905726,2.8835046514883604,0.0011449069179040173,0.32121795351161864,0.3452189542243155
hypothetical_sensitivity_only,hypothetical_grid_not_measured,1.0,1.5,1.333,0.005,0.003,near_edge,near_disparity,268,2.778038593967069,2.777525657755329,0.003694137890057839,0.3244490263369274,0.4399672717799056
hypothetical_sensitivity_only,hypothetical_grid_not_measured,1.0,1.5,1.333,0.005,0.005,central,far_disparity,39,3.0189337995244045,3.0585368040462746,0.00225815761400262,0.28912521411075387,0.29293643490412435
hypothetical_sensitivity_only,hypothetical_grid_not_measured,1.0,1.5,1.333,0.005,0.005,central,mid_disparity,104,2.853244133782209,2.8534417916678128,0.0016841700858948845,0.2897548139700926,0.2943723582819885
hypothetical_sensitivity_only,hypothetical_grid_not_measured,1.0,1.5,1.333,0.005,0.005,central,near_disparity,96,2.7402046444066723,2.7485278491643643,0.0017200555555992288,0.292816833663032,0.2986536602676393
hypothetical_sensitivity_only,hypothetical_grid_not_measured,1.0,1.5,1.333,0.005,0.005,mid_fov,far_disparity,415,3.040242169671699,3.120172284078024,0.0014776472015123612,0.3020941699662847,0.32330759024328487
hypothetical_sensitivity_only,hypothetical_grid_not_measured,1.0,1.5,1.333,0.005,0.005,mid_fov,mid_disparity,335,2.862512371252615,2.862202103746069,0.0016882907732255795,0.3019844749055485,0.32435646267850743
hypothetical_sensitivity_only,hypothetical_grid_not_measured,1.0,1.5,1.333,0.005,0.005,mid_fov,near_disparity,429,2.753805032738534,2.756208188448974,0.0019085346860975758,0.3072611315320368,0.3279541583616778
hypothetical_sensitivity_only,hypothetical_grid_not_measured,1.0,1.5,1.333,0.005,0.005,near_edge,far_disparity,339,3.1201714190226015,3.2375460631108792,0.0016183156671370227,0.3364074783537181,0.3928423295983114
hypothetical_sensitivity_only,hypothetical_grid_not_measured,1.0,1.5,1.333,0.005,0.005,near_edge,mid_disparity,353,2.88456628306986,2.883711355010865,0.0011453031121972288,0.3213124668943663,0.3453170242727024
hypothetical_sensitivity_only,hypothetical_grid_not_measured,1.0,1.5,1.333,0.005,0.005,near_edge,near_disparity,268,2.7782434655068173,2.777735512302818,0.003694307890929784,0.32454670441991884,0.4400918240213891
hypothetical_sensitivity_only,hypothetical_grid_not_measured,1.0,1.5,1.333,0.005,0.008,central,far_disparity,39,3.01922075661003,3.058824324982236,0.002258153986869436,0.28924780884350554,0.29306511039293737
hypothetical_sensitivity_only,hypothetical_grid_not_measured,1.0,1.5,1.333,0.005,0.008,central,mid_disparity,104,2.8535364663363434,2.853732215368074,0.0016841823726868109,0.2898865682373748,0.2945067769402026
hypothetical_sensitivity_only,hypothetical_grid_not_measured,1.0,1.5,1.333,0.005,0.008,central,near_disparity,96,2.7404999572748157,2.7488206279813974,0.0017200163716959821,0.2929565743107495,0.2987966017218033
hypothetical_sensitivity_only,hypothetical_grid_not_measured,1.0,1.5,1.333,0.005,0.008,mid_fov,far_disparity,415,3.040544989597885,3.1204699921026418,0.0014776655541643687,0.3022233813167834,0.32344814454526793
hypothetical_sensitivity_only,hypothetical_grid_not_measured,1.0,1.5,1.333,0.005,0.008,mid_fov,mid_disparity,335,2.8628158126877463,2.862502338001228,0.0016883636194336166,0.3021216032145795,0.3244992197267897
hypothetical_sensitivity_only,hypothetical_grid_not_measured,1.0,1.5,1.333,0.005,0.008,mid_fov,near_disparity,429,2.754100264673471,2.7565106742402605,0.0019085778657415352,0.30740520980122477,0.32810798260925955
hypothetical_sensitivity_only,hypothetical_grid_not_measured,1.0,1.5,1.333,0.005,0.008,near_edge,far_disparity,339,3.120501425718555,3.237862286271071,0.0016186363458384045,0.33655024865378214,0.39298364518437506
hypothetical_sensitivity_only,hypothetical_grid_not_measured,1.0,1.5,1.333,0.005,0.008,near_edge,mid_disparity,353,2.88487142158879,2.8840214102946207,0.0011458974036367556,0.3214542369684883,0.34546412934528237
hypothetical_sensitivity_only,hypothetical_grid_not_measured,1.0,1.5,1.333,0.005,0.008,near_edge,near_disparity,268,2.7785507728164407,2.7780502941240512,0.0036945628922374933,0.3246932215444064,0.44027865238361447
hypothetical_sensitivity_only,hypothetical_grid_not_measured,1.0,1.5,1.333,0.005,0.01,central,far_disparity,39,3.01941206133378,3.059016005606211,0.0022581515687806523,0.28932953866533984,0.2931508940521458
hypothetical_sensitivity_only,hypothetical_grid_not_measured,1.0,1.5,1.333,0.005,0.01,central,mid_disparity,104,2.8537313547057668,2.8539258311682483,0.0016841905638814315,0.2899744044155629,0.2945963893790125
hypothetical_sensitivity_only,hypothetical_grid_not_measured,1.0,1.5,1.333,0.005,0.01,central,near_disparity,96,2.7406968325202454,2.7490158138594203,0.0017199902490938194,0.2930497347425618,0.29889189602457905
hypothetical_sensitivity_only,hypothetical_grid_not_measured,1.0,1.5,1.333,0.005,0.01,mid_fov,far_disparity,415,3.0407468695486743,3.1206684641190536,0.0014776777892657282,0.3023095222171155,0.32354184741325726
hypothetical_sensitivity_only,hypothetical_grid_not_measured,1.0,1.5,1.333,0.005,0.01,mid_fov,mid_disparity,335,2.863018106977835,2.8627024941713337,0.001688412183572313,0.30221302208726675,0.3245943910923109
hypothetical_sensitivity_only,hypothetical_grid_not_measured,1.0,1.5,1.333,0.005,0.01,mid_fov,near_disparity,429,2.7542970859634286,2.756712331434452,0.0019086066521708175,0.3075012619806834,0.32821053210764733
hypothetical_sensitivity_only,hypothetical_grid_not_measured,1.0,1.5,1.333,0.005,0.01,near_edge,far_disparity,339,3.120721430182522,3.2380731017111994,0.001618850131639324,0.3366454288538252,0.3930778555750843
hypothetical_sensitivity_only,hypothetical_grid_not_measured,1.0,1.5,1.333,0.005,0.01,near_edge,mid_disparity,353,2.8850748472680783,2.884228113817125,0.0011462935979299675,0.321548750351236,0.3455621993936696
hypothetical_sensitivity_only,hypothetical_grid_not_measured,1.0,1.5,1.333,0.005,0.01,near_edge,near_disparity,268,2.77875564435619,2.77826014867154,0.0036947328931092923,0.32479089962739827,0.4404032046250982
hypothetical_sensitivity_only,hypothetical_grid_not_measured,1.0,1.5,1.333,0.01,0.003,central,far_disparity,39,3.01730651233499,3.0569026297595094,0.0022581823931442056,0.2884304412730381,0.292199429435679
hypothetical_sensitivity_only,hypothetical_grid_not_measured,1.0,1.5,1.333,0.01,0.003,central,mid_disparity,104,2.851576497107917,2.85179305638871,0.00168409184989774,0.2890074932827975,0.293601991393214
hypothetical_sensitivity_only,hypothetical_grid_not_measured,1.0,1.5,1.333,0.01,0.003,central,near_disparity,96,2.7385161964914855,2.7468625953703723,0.0017203448757687496,0.2920273863577292,0.2978313928540155
hypothetical_sensitivity_only,hypothetical_grid_not_measured,1.0,1.5,1.333,0.01,0.003,mid_fov,far_disparity,415,3.038456581489414,3.118432242780735,0.0014772407049988738,0.30134134461571116,0.32246470678876005
hypothetical_sensitivity_only,hypothetical_grid_not_measured,1.0,1.5,1.333,0.01,0.003,mid_fov,mid_disparity,335,2.860734092807506,2.860454427428285,0.001687694595233525,0.30119107843198156,0.32349984710117147
hypothetical_sensitivity_only,hypothetical_grid_not_measured,1.0,1.5,1.333,0.01,0.003,mid_fov,near_disparity,429,2.751995550431209,2.754444893041776,0.0019078441791792937,0.3064272829668171,0.3270303620789212
hypothetical_sensitivity_only,hypothetical_grid_not_measured,1.0,1.5,1.333,0.01,0.003,near_edge,far_disparity,339,3.1180783754235244,3.235591401715425,0.0016148687112718487,0.3355351292081108,0.3919089995136073
hypothetical_sensitivity_only,hypothetical_grid_not_measured,1.0,1.5,1.333,0.01,0.003,near_edge,mid_disparity,353,2.8827635276561434,2.881856940565224,0.0011432637828981613,0.3204667727535273,0.3444078407038705
hypothetical_sensitivity_only,hypothetical_grid_not_measured,1.0,1.5,1.333,0.01,0.003,near_edge,near_disparity,268,2.7764254607237877,2.7758255453387934,0.0036911253483213344,0.3236864367999166,0.43886235681407754
hypothetical_sensitivity_only,hypothetical_grid_not_measured,1.0,1.5,1.333,0.01,0.005,central,far_disparity,39,3.017497817058741,3.057094310383484,0.0022581799750554235,0.2885121710948719,0.2922852130948872
hypothetical_sensitivity_only,hypothetical_grid_not_measured,1.0,1.5,1.333,0.01,0.005,central,mid_disparity,104,2.851771385477341,2.851986672188884,0.0016841000410923535,0.2890953294609856,0.2936916038320235
hypothetical_sensitivity_only,hypothetical_grid_not_measured,1.0,1.5,1.333,0.01,0.005,central,near_disparity,96,2.738713071736915,2.747057781248395,0.0017203187531665879,0.29211982624754973,0.2979266871567913
hypothetical_sensitivity_only,hypothetical_grid_not_measured,1.0,1.5,1.333,0.01,0.005,mid_fov,far_disparity,415,3.0386584614402032,3.1186307147971464,0.0014772529401002343,0.3014274855160437,0.32255840965674876
hypothetical_sensitivity_only,hypothetical_grid_not_measured,1.0,1.5,1.333,0.01,0.005,mid_fov,mid_disparity,335,2.8609363870975937,2.8606545835983903,0.0016877431593722498,0.3012824973046684,0.3235950184666926
hypothetical_sensitivity_only,hypothetical_grid_not_measured,1.0,1.5,1.333,0.01,0.005,mid_fov,near_disparity,429,2.7522047227716753,2.7546465502359667,0.0019078729656085917,0.3065171471296404,0.3271329115773086
hypothetical_sensitivity_only,hypothetical_grid_not_measured,1.0,1.5,1.333,0.01,0.005,near_edge,far_disparity,339,3.1182983798874915,3.2358022171555527,0.0016150824970728068,0.3356303094081532,0.39200320990431614
hypothetical_sensitivity_only,hypothetical_grid_not_measured,1.0,1.5,1.333,0.01,0.005,near_edge,mid_disparity,353,2.882966953335431,2.8820636440877285,0.0011428998624182706,0.320561286136275,0.3445059107522571
hypothetical_sensitivity_only,hypothetical_grid_not_measured,1.0,1.5,1.333,0.01,0.005,near_edge,near_disparity,268,2.776630332263537,2.776035399886282,0.00369129534919314,0.3237799572723503,0.4389869090555615
hypothetical_sensitivity_only,hypothetical_grid_not_measured,1.0,1.5,1.333,0.01,0.008,central,far_disparity,39,3.0177847741443653,3.0573818313194456,0.002258176347922247,0.2886347658276236,0.2924138885836999
hypothetical_sensitivity_only,hypothetical_grid_not_measured,1.0,1.5,1.333,0.01,0.008,central,mid_disparity,104,2.8520637180314754,2.8522770958891455,0.0016841123278842772,0.28922708372826766,0.29382602249023804
hypothetical_sensitivity_only,hypothetical_grid_not_measured,1.0,1.5,1.333,0.01,0.008,central,near_disparity,96,2.739008384605058,2.747350560065428,0.0017202795692633206,0.29225848608228067,0.29806962861095543
hypothetical_sensitivity_only,hypothetical_grid_not_measured,1.0,1.5,1.333,0.01,0.008,mid_fov,far_disparity,415,3.038961281366389,3.1189284228217646,0.0014772712927522138,0.3015566968665422,0.32269896395873227
hypothetical_sensitivity_only,hypothetical_grid_not_measured,1.0,1.5,1.333,0.01,0.008,mid_fov,mid_disparity,335,2.861239828532726,2.8609548178535498,0.0016878160055802513,0.3014196256136994,0.3237377755149742
hypothetical_sensitivity_only,hypothetical_grid_not_measured,1.0,1.5,1.333,0.01,0.008,mid_fov,near_disparity,429,2.7525184812823706,2.754949036027254,0.0019079161452525365,0.3066608645312032,0.32728673582489043
hypothetical_sensitivity_only,hypothetical_grid_not_measured,1.0,1.5,1.333,0.01,0.008,near_edge,far_disparity,339,3.1186283865834437,3.2361184403157446,0.0016154031757740393,0.33577307970821724,0.39214452549037937
hypothetical_sensitivity_only,hypothetical_grid_not_measured,1.0,1.5,1.333,0.01,0.008,near_edge,mid_disparity,353,2.883272091854362,2.8823736993714837,0.001142353981698677,0.32070305621039674,0.3446530158248374
hypothetical_sensitivity_only,hypothetical_grid_not_measured,1.0,1.5,1.333,0.01,0.008,near_edge,near_disparity,268,2.776937639573161,2.776350181707515,0.0036915503505009295,0.3239213645894199,0.43917373741778676
hypothetical_sensitivity_only,hypothetical_grid_not_measured,1.0,1.5,1.333,0.01,0.01,central,far_disparity,39,3.017976078868116,3.05757351194342,0.0022581739298334603,0.2887164956494579,0.292499672242908
hypothetical_sensitivity_only,hypothetical_grid_not_measured,1.0,1.5,1.333,0.01,0.01,central,mid_disparity,104,2.8522586064008983,2.85247071168932,0.0016841205190788941,0.28931491990645586,0.29391563492904765
hypothetical_sensitivity_only,hypothetical_grid_not_measured,1.0,1.5,1.333,0.01,0.01,central,near_disparity,96,2.739205259850488,2.7475457459434502,0.0017202534466611522,0.29235092597210144,0.2981649229137313
hypothetical_sensitivity_only,hypothetical_grid_not_measured,1.0,1.5,1.333,0.01,0.01,mid_fov,far_disparity,415,3.0391631613171795,3.119126894838177,0.001477283527853573,0.30164283776687406,0.32279266682672103
hypothetical_sensitivity_only,hypothetical_grid_not_measured,1.0,1.5,1.333,0.01,0.01,mid_fov,mid_disparity,335,2.8614421228228144,2.861154974023656,0.0016878645697188843,0.30151104448638644,0.323832946880496
hypothetical_sensitivity_only,hypothetical_grid_not_measured,1.0,1.5,1.333,0.01,0.01,mid_fov,near_disparity,429,2.7527276536228356,2.7551506932214442,0.001907944931681804,0.3067569167106623,0.32738928532327827
hypothetical_sensitivity_only,hypothetical_grid_not_measured,1.0,1.5,1.333,0.01,0.01,near_edge,far_disparity,339,3.1188483910474103,3.2363292557558734,0.0016156169615748495,0.33586825990825964,0.3922387358810888
hypothetical_sensitivity_only,hypothetical_grid_not_measured,1.0,1.5,1.333,0.01,0.01,near_edge,mid_disparity,353,2.8834755175336486,2.8825804028939883,0.0011419900612188447,0.32079756959314465,0.344751085873224
hypothetical_sensitivity_only,hypothetical_grid_not_measured,1.0,1.5,1.333,0.01,0.01,near_edge,near_disparity,268,2.777142511112909,2.776560036255004,0.003691720351372732,0.32401904267241155,0.4392982896592706
hypothetical_sensitivity_only,hypothetical_grid_not_measured,1.0,1.5,1.333,0.02,0.003,central,far_disparity,39,3.0144345474036616,3.054017642433928,0.0022582271152498208,0.28720435524127375,0.2908969858172039
hypothetical_sensitivity_only,hypothetical_grid_not_measured,1.0,1.5,1.333,0.02,0.003,central,mid_disparity,104,2.848631000498181,2.8488828174308525,0.001683951760292672,0.2876885242645838,0.2922404824932843
hypothetical_sensitivity_only,hypothetical_grid_not_measured,1.0,1.5,1.333,0.02,0.003,central,near_disparity,96,2.735533051151971,2.743922459538434,0.0017208712709034417,0.29063718329484833,0.29637744663231963
hypothetical_sensitivity_only,hypothetical_grid_not_measured,1.0,1.5,1.333,0.02,0.003,mid_fov,far_disparity,415,3.0352891650264224,3.1153491042189803,0.001476452182174564,0.3000079757152294,0.3209663456156879
hypothetical_sensitivity_only,hypothetical_grid_not_measured,1.0,1.5,1.333,0.02,0.003,mid_fov,mid_disparity,335,2.8575821244974655,2.857359387132929,0.0016865993675266994,0.29978712323022116,0.3219769586775413
hypothetical_sensitivity_only,hypothetical_grid_not_measured,1.0,1.5,1.333,0.02,0.003,mid_fov,near_disparity,429,2.74865825469722,2.751321616615761,0.001906520738201341,0.3049893556968102,0.3253878685101824
hypothetical_sensitivity_only,hypothetical_grid_not_measured,1.0,1.5,1.333,0.02,0.003,near_edge,far_disparity,339,3.114332297153303,3.232103709804773,0.0016060129815534362,0.33398079131698144,0.39023076012561725
hypothetical_sensitivity_only,hypothetical_grid_not_measured,1.0,1.5,1.333,0.02,0.003,near_edge,mid_disparity,353,2.8795729965035877,2.8785615187189504,0.0011474580633935544,0.31896441123734465,0.3427856136629794
hypothetical_sensitivity_only,hypothetical_grid_not_measured,1.0,1.5,1.333,0.02,0.003,near_edge,near_disparity,268,2.7731991942372263,2.7724253205057208,0.0036851002648481033,0.3222214665392519,0.4366525268824216
hypothetical_sensitivity_only,hypothetical_grid_not_measured,1.0,1.5,1.333,0.02,0.005,central,far_disparity,39,3.01462585212741,3.0542093230579015,0.0022582246971610404,0.28728608506310827,0.2909827694764117
hypothetical_sensitivity_only,hypothetical_grid_not_measured,1.0,1.5,1.333,0.02,0.005,central,mid_disparity,104,2.8488258888676032,2.8490764332310268,0.0016839599514872905,0.2877763604427718,0.2923300949320942
hypothetical_sensitivity_only,hypothetical_grid_not_measured,1.0,1.5,1.333,0.02,0.005,central,near_disparity,96,2.7357299263973993,2.744117645416457,0.0017208451483012735,0.29072962318466866,0.2964727409350956
hypothetical_sensitivity_only,hypothetical_grid_not_measured,1.0,1.5,1.333,0.02,0.005,mid_fov,far_disparity,415,3.035491044977213,3.1155475762353926,0.0014764644172759087,0.3000941166155613,0.3210600484836768
hypothetical_sensitivity_only,hypothetical_grid_not_measured,1.0,1.5,1.333,0.02,0.005,mid_fov,mid_disparity,335,2.8577844187875536,2.8575595433030347,0.0016866479316654164,0.2998785421029082,0.32207213004306257
hypothetical_sensitivity_only,hypothetical_grid_not_measured,1.0,1.5,1.333,0.02,0.005,mid_fov,near_disparity,429,2.748867427037684,2.751523273809952,0.0019065495246306091,0.3050861018449955,0.3254904180085702
hypothetical_sensitivity_only,hypothetical_grid_not_measured,1.0,1.5,1.333,0.02,0.005,near_edge,far_disparity,339,3.11455230161727,3.2323145252449006,0.0016064713390551142,0.33407597151702384,0.3903249705163258
hypothetical_sensitivity_only,hypothetical_grid_not_measured,1.0,1.5,1.333,0.02,0.005,near_edge,mid_disparity,353,2.8797766666282256,2.8787682222414546,0.001147714581503476,0.3190589246200919,0.3428836837113668
hypothetical_sensitivity_only,hypothetical_grid_not_measured,1.0,1.5,1.333,0.02,0.005,near_edge,near_disparity,268,2.7734040657769747,2.7726351750532094,0.0036852702657199452,0.32231498701168537,0.4367770791239053
hypothetical_sensitivity_only,hypothetical_grid_not_measured,1.0,1.5,1.333,0.02,0.008,central,far_disparity,39,3.014912809213037,3.0544968439938636,0.0022582210700278593,0.28740867979585905,0.29111144496522456
hypothetical_sensitivity_only,hypothetical_grid_not_measured,1.0,1.5,1.333,0.02,0.008,central,mid_disparity,104,2.849118221421738,2.849366856931288,0.0016839722382792194,0.28790811471005384,0.29246451359030834
hypothetical_sensitivity_only,hypothetical_grid_not_measured,1.0,1.5,1.333,0.02,0.008,central,near_disparity,96,2.7360252392655435,2.744410424233491,0.0017208059643980256,0.2908682830193996,0.2966156823892595
hypothetical_sensitivity_only,hypothetical_grid_not_measured,1.0,1.5,1.333,0.02,0.008,mid_fov,far_disparity,415,3.0357938649033978,3.1158452842600104,0.0014764827699279316,0.30022332796605977,0.3212006027856603
hypothetical_sensitivity_only,hypothetical_grid_not_measured,1.0,1.5,1.333,0.02,0.008,mid_fov,mid_disparity,335,2.8580878602226862,2.857859777558194,0.0016867207778734176,0.3000156704119392,0.3222148870913448
hypothetical_sensitivity_only,hypothetical_grid_not_measured,1.0,1.5,1.333,0.02,0.008,mid_fov,near_disparity,429,2.7491811855483816,2.7518257596012394,0.0019065927042745535,0.30523122106727407,0.32564424225615185
hypothetical_sensitivity_only,hypothetical_grid_not_measured,1.0,1.5,1.333,0.02,0.008,near_edge,far_disparity,339,3.114882308313221,3.232630748405093,0.0016071588753076836,0.33421874181708766,0.3904662861023893
hypothetical_sensitivity_only,hypothetical_grid_not_measured,1.0,1.5,1.333,0.02,0.008,near_edge,mid_disparity,353,2.880080899523099,2.8790782775252106,0.0011480993586684733,0.3192006946942141,0.34303078878394655
hypothetical_sensitivity_only,hypothetical_grid_not_measured,1.0,1.5,1.333,0.02,0.008,near_edge,near_disparity,268,2.7737113730865994,2.772949956874443,0.0036855252670278003,0.3224552677203357,0.4369639074861297
hypothetical_sensitivity_only,hypothetical_grid_not_measured,1.0,1.5,1.333,0.02,0.01,central,far_disparity,39,3.015104113936787,3.0546885246178386,0.0022582186519390754,0.28749040961769357,0.291197228624433
hypothetical_sensitivity_only,hypothetical_grid_not_measured,1.0,1.5,1.333,0.02,0.01,central,mid_disparity,104,2.8493131097911615,2.849560472731462,0.0016839804294738305,0.2879959508882419,0.2925541260291178
hypothetical_sensitivity_only,hypothetical_grid_not_measured,1.0,1.5,1.333,0.02,0.01,central,near_disparity,96,2.7362221145109724,2.744605610111512,0.0017207798417958583,0.29096072290922026,0.2967109766920356
hypothetical_sensitivity_only,hypothetical_grid_not_measured,1.0,1.5,1.333,0.02,0.01,mid_fov,far_disparity,415,3.0359957448541883,3.116043756276422,0.0014764950050292595,0.30030946886639187,0.321294305653649
hypothetical_sensitivity_only,hypothetical_grid_not_measured,1.0,1.5,1.333,0.02,0.01,mid_fov,mid_disparity,335,2.858290154512775,2.8580599337282995,0.0016867693420121142,0.30010708928462604,0.3223100584568656
hypothetical_sensitivity_only,hypothetical_grid_not_measured,1.0,1.5,1.333,0.02,0.01,mid_fov,near_disparity,429,2.749390357888846,2.7520274167954306,0.0019066214907038647,0.30532796721545985,0.32574679175453963
hypothetical_sensitivity_only,hypothetical_grid_not_measured,1.0,1.5,1.333,0.02,0.01,near_edge,far_disparity,339,3.115102312777189,3.232841563845221,0.0016076172328094239,0.3343139220171303,0.39056049649309793
hypothetical_sensitivity_only,hypothetical_grid_not_measured,1.0,1.5,1.333,0.02,0.01,near_edge,mid_disparity,353,2.8802837214530133,2.879284981047715,0.0011483558767782667,0.31929520807696155,0.3431288588323335
hypothetical_sensitivity_only,hypothetical_grid_not_measured,1.0,1.5,1.333,0.02,0.01,near_edge,near_disparity,268,2.773916244626348,2.7731598114219316,0.003685695267899531,0.32254878819276966,0.4370884597276142
hypothetical_sensitivity_only,hypothetical_grid_not_measured,1.0,1.5,1.333,0.03,0.003,central,far_disparity,39,3.011562582472332,3.051132655108347,0.0022582718373554416,0.28597826920950964,0.2895945421987282
hypothetical_sensitivity_only,hypothetical_grid_not_measured,1.0,1.5,1.333,0.03,0.003,central,mid_disparity,104,2.8456855038884443,2.8459725784729955,0.0016838116706876017,0.28636955524636964,0.2908789735933546
hypothetical_sensitivity_only,hypothetical_grid_not_measured,1.0,1.5,1.333,0.03,0.003,central,near_disparity,96,2.732549905812456,2.7409823237064956,0.0017213976660381408,0.2892390168143675,0.2949235004106241
hypothetical_sensitivity_only,hypothetical_grid_not_measured,1.0,1.5,1.333,0.03,0.003,mid_fov,far_disparity,415,3.0321217485634313,3.112265965657227,0.00147925386799059,0.29867460681474656,0.31946798444261576
hypothetical_sensitivity_only,hypothetical_grid_not_measured,1.0,1.5,1.333,0.03,0.003,mid_fov,mid_disparity,335,2.854430156187426,2.854264346837573,0.001685504139819921,0.2983831680284603,0.3204540702539115
hypothetical_sensitivity_only,hypothetical_grid_not_measured,1.0,1.5,1.333,0.03,0.003,mid_fov,near_disparity,429,2.745376681311296,2.748198340189747,0.0019047368560540312,0.3034897831441665,0.3237453749414439
hypothetical_sensitivity_only,hypothetical_grid_not_measured,1.0,1.5,1.333,0.03,0.003,near_edge,far_disparity,339,3.110586218883081,3.2286160178941206,0.0015982799386806941,0.3324264534258512,0.3885525207376267
hypothetical_sensitivity_only,hypothetical_grid_not_measured,1.0,1.5,1.333,0.03,0.003,near_edge,mid_disparity,353,2.8762287126776567,2.8752660968726764,0.0011398051035667186,0.3174677417775118,0.3411633866220889
hypothetical_sensitivity_only,hypothetical_grid_not_measured,1.0,1.5,1.333,0.03,0.003,near_edge,near_disparity,268,2.769972927750664,2.7690250956726485,0.00367907518137499,0.3207564962785874,0.4344426969507654
hypothetical_sensitivity_only,hypothetical_grid_not_measured,1.0,1.5,1.333,0.03,0.005,central,far_disparity,39,3.0117538871960825,3.051324335732321,0.002258269419266656,0.28605999903134416,0.289680325857937
hypothetical_sensitivity_only,hypothetical_grid_not_measured,1.0,1.5,1.333,0.03,0.005,central,mid_disparity,104,2.8458803922578673,2.8461661942731693,0.001683819861882228,0.28645739142455773,0.2909685860321643
hypothetical_sensitivity_only,hypothetical_grid_not_measured,1.0,1.5,1.333,0.03,0.005,central,near_disparity,96,2.7327467810578843,2.7411775095845186,0.0017213715434359726,0.28933263837989043,0.29501879471339976
hypothetical_sensitivity_only,hypothetical_grid_not_measured,1.0,1.5,1.333,0.03,0.005,mid_fov,far_disparity,415,3.032323628514222,3.1124644376736383,0.0014789828480224994,0.29876074771507954,0.3195616873106052
hypothetical_sensitivity_only,hypothetical_grid_not_measured,1.0,1.5,1.333,0.03,0.005,mid_fov,mid_disparity,335,2.8546324504775136,2.8544645030076787,0.001685552703958618,0.2984745869011476,0.3205492416194328
hypothetical_sensitivity_only,hypothetical_grid_not_measured,1.0,1.5,1.333,0.03,0.005,mid_fov,near_disparity,429,2.7455754573450695,2.748399997383938,0.0019047962543805887,0.30358652929235186,0.3238479244398319
hypothetical_sensitivity_only,hypothetical_grid_not_measured,1.0,1.5,1.333,0.03,0.005,near_edge,far_disparity,339,3.1108062233470477,3.228826833334248,0.0015980632270787454,0.33252163362589426,0.38864673112833575
hypothetical_sensitivity_only,hypothetical_grid_not_measured,1.0,1.5,1.333,0.03,0.005,near_edge,mid_disparity,353,2.876437233357283,2.8754728003951806,0.0011400616216767306,0.3175619541231751,0.3412614566704757
hypothetical_sensitivity_only,hypothetical_grid_not_measured,1.0,1.5,1.333,0.03,0.005,near_edge,near_disparity,268,2.7701777992904137,2.7692349502201377,0.0036792451822467397,0.3208500167510203,0.4345672491922491
hypothetical_sensitivity_only,hypothetical_grid_not_measured,1.0,1.5,1.333,0.03,0.008,central,far_disparity,39,3.012040844281708,3.051611856668283,0.002258265792133477,0.28618259376409516,0.28980900134674964
hypothetical_sensitivity_only,hypothetical_grid_not_measured,1.0,1.5,1.333,0.03,0.008,central,mid_disparity,104,2.846172724812001,2.8464566179734305,0.0016838321486741478,0.28658914569184,0.2911030046903784
hypothetical_sensitivity_only,hypothetical_grid_not_measured,1.0,1.5,1.333,0.03,0.008,central,near_disparity,96,2.733042093926029,2.7414702884015516,0.0017213323595327173,0.2894730707281745,0.29516173616756375
hypothetical_sensitivity_only,hypothetical_grid_not_measured,1.0,1.5,1.333,0.03,0.008,mid_fov,far_disparity,415,3.032626448440407,3.112762145698256,0.00147857631807064,0.2988899590655776,0.3197022416125883
hypothetical_sensitivity_only,hypothetical_grid_not_measured,1.0,1.5,1.333,0.03,0.008,mid_fov,mid_disparity,335,2.8549358919126453,2.854764737262838,0.0016856255501666113,0.2986117152101786,0.32069199866771464
hypothetical_sensitivity_only,hypothetical_grid_not_measured,1.0,1.5,1.333,0.03,0.008,mid_fov,near_disparity,429,2.745873621395731,2.7487024831752245,0.0019048853518705074,0.30373164851462997,0.3240017486874132
hypothetical_sensitivity_only,hypothetical_grid_not_measured,1.0,1.5,1.333,0.03,0.008,near_edge,far_disparity,339,3.111136230042999,3.2291430564944403,0.0015975192603777434,0.33266440392595786,0.388788046714399
hypothetical_sensitivity_only,hypothetical_grid_not_measured,1.0,1.5,1.333,0.03,0.008,near_edge,mid_disparity,353,2.8767500143767215,2.8757828556789367,0.0011404463988414022,0.31770327264167086,0.34140856174305595
hypothetical_sensitivity_only,hypothetical_grid_not_measured,1.0,1.5,1.333,0.03,0.008,near_edge,near_disparity,268,2.770485106600036,2.7695497320413702,0.0036795001835546385,0.32099029745967156,0.43475407755447437
hypothetical_sensitivity_only,hypothetical_grid_not_measured,1.0,1.5,1.333,0.03,0.01,central,far_disparity,39,3.0122321490054578,3.0518035372922574,0.0022582633740446906,0.2862643235859297,0.2898947850059576
hypothetical_sensitivity_only,hypothetical_grid_not_measured,1.0,1.5,1.333,0.03,0.01,central,mid_disparity,104,2.8463676131814246,2.846650233773605,0.0016838403398687727,0.286676981870028,0.2911926171291883
hypothetical_sensitivity_only,hypothetical_grid_not_measured,1.0,1.5,1.333,0.03,0.01,central,near_disparity,96,2.733238969171458,2.7416654742795736,0.0017213062369305504,0.28956669229369736,0.29525703047033974
hypothetical_sensitivity_only,hypothetical_grid_not_measured,1.0,1.5,1.333,0.03,0.01,mid_fov,far_disparity,415,3.0328283283911968,3.112960617714668,0.0014783052981027069,0.2989760999659097,0.31979594448057735
hypothetical_sensitivity_only,hypothetical_grid_not_measured,1.0,1.5,1.333,0.03,0.01,mid_fov,mid_disparity,335,2.8551381862027343,2.854964893432944,0.0016856741143053162,0.2987031340828661,0.32078717003323615
hypothetical_sensitivity_only,hypothetical_grid_not_measured,1.0,1.5,1.333,0.03,0.01,mid_fov,near_disparity,429,2.746072397429505,2.7489041403694157,0.0019049447501971472,0.30382839466281575,0.32410429818580144
hypothetical_sensitivity_only,hypothetical_grid_not_measured,1.0,1.5,1.333,0.03,0.01,near_edge,far_disparity,339,3.1113562345069674,3.2293538719345687,0.0015971566159102841,0.3327595841260005,0.388882257105108
hypothetical_sensitivity_only,hypothetical_grid_not_measured,1.0,1.5,1.333,0.03,0.01,near_edge,mid_disparity,353,2.876958535056347,2.875989559201441,0.0011407029169514297,0.3177974849873346,0.34150663179144297
hypothetical_sensitivity_only,hypothetical_grid_not_measured,1.0,1.5,1.333,0.03,0.01,near_edge,near_disparity,268,2.770689978139785,2.769759586588859,0.0036796701844265044,0.3210838179321047,0.434878629795958
hypothetical_sensitivity_only,hypothetical_grid_not_measured,1.0,1.52,1.333,0.005,0.003,central,far_disparity,39,3.0187726055772615,3.058375275153735,0.002258159672562691,0.28905635051507983,0.2928641172144091
hypothetical_sensitivity_only,hypothetical_grid_not_measured,1.0,1.52,1.333,0.005,0.003,central,mid_disparity,104,2.8530798715144123,2.853278641628629,0.0016841631411619862,0.28968080213070746,0.2942968105428412
hypothetical_sensitivity_only,hypothetical_grid_not_measured,1.0,1.52,1.333,0.005,0.003,central,near_disparity,96,2.7400386885783234,2.7483633604986193,0.0017200779003524883,0.29273832051960613,0.29857330748411726
hypothetical_sensitivity_only,hypothetical_grid_not_measured,1.0,1.52,1.333,0.005,0.003,mid_fov,far_disparity,415,3.0400717359575484,3.1200048019185203,0.0014776354174199737,0.3020214897469238,0.32322841837500305
hypothetical_sensitivity_only,hypothetical_grid_not_measured,1.0,1.52,1.333,0.005,0.003,mid_fov,mid_disparity,335,2.862341637990931,2.8620332342796546,0.001688248947313432,0.3019073686962923,0.32427604737431337
hypothetical_sensitivity_only,hypothetical_grid_not_measured,1.0,1.52,1.333,0.005,0.003,mid_fov,near_disparity,429,2.7536391127128095,2.7560380403417897,0.0019085082655102925,0.30718008449110434,0.32786750435078676
hypothetical_sensitivity_only,hypothetical_grid_not_measured,1.0,1.52,1.333,0.005,0.003,near_edge,far_disparity,339,3.1199850447236397,3.237367702693278,0.0016181279378748603,0.3363269913033986,0.39276236868551895
hypothetical_sensitivity_only,hypothetical_grid_not_measured,1.0,1.52,1.333,0.005,0.003,near_edge,mid_disparity,353,2.884394534557708,2.883536737068913,0.001144957148325449,0.32123263417315195,0.34523404951917885
hypothetical_sensitivity_only,hypothetical_grid_not_measured,1.0,1.52,1.333,0.005,0.003,near_edge,near_disparity,268,2.7780704826859566,2.7775581261488056,0.0036941567517927336,0.32446421744023934,0.43998614172509154
hypothetical_sensitivity_only,hypothetical_grid_not_measured,1.0,1.52,1.333,0.005,0.005,central,far_disparity,39,3.01898398415208,3.0585870569319984,0.002258157014788095,0.2891466578210211,0.29295887818661215
hypothetical_sensitivity_only,hypothetical_grid_not_measured,1.0,1.52,1.333,0.005,0.005,central,mid_disparity,104,2.853295177284922,2.8534925679361303,0.001684172163331065,0.28977785453476057,0.29439579944809247
hypothetical_sensitivity_only,hypothetical_grid_not_measured,1.0,1.52,1.333,0.005,0.005,central,near_disparity,96,2.7402561767684723,2.7485790111848267,0.0017200492591843842,0.2928412458103421,0.29867856279972926
hypothetical_sensitivity_only,hypothetical_grid_not_measured,1.0,1.52,1.333,0.005,0.005,mid_fov,far_disparity,415,3.0402945800660914,3.120223933839539,0.0014776479531939562,0.30211660443457,0.32333180857613375
hypothetical_sensitivity_only,hypothetical_grid_not_measured,1.0,1.52,1.333,0.005,0.005,mid_fov,mid_disparity,335,2.86256497296662,2.862254248252222,0.001688302003603147,0.30200832934460053,0.32438105611405255
hypothetical_sensitivity_only,hypothetical_grid_not_measured,1.0,1.52,1.333,0.005,0.005,mid_fov,near_disparity,429,2.753856534845591,2.7562607035939863,0.001908538629167578,0.30728614009624855,0.3279806508408416
hypothetical_sensitivity_only,hypothetical_grid_not_measured,1.0,1.52,1.333,0.005,0.005,near_edge,far_disparity,339,3.1202274692976104,3.2376001548150906,0.0016183590947013886,0.3364319669365894,0.39286607872817303
hypothetical_sensitivity_only,hypothetical_grid_not_measured,1.0,1.52,1.333,0.005,0.005,near_edge,mid_disparity,353,2.884619078348435,2.8837648309784516,0.001145386829566105,0.3213369346635888,0.3453421830974751
hypothetical_sensitivity_only,hypothetical_grid_not_measured,1.0,1.52,1.333,0.005,0.005,near_edge,near_disparity,268,2.77829661337164,2.7777896262919457,0.0036943393271545387,0.3245720229254391,0.440123273930031
hypothetical_sensitivity_only,hypothetical_grid_not_measured,1.0,1.52,1.333,0.005,0.008,central,far_disparity,39,3.0193010520143106,3.058904729599394,0.0022581530281262086,0.28928211877993326,0.29310101964491686
hypothetical_sensitivity_only,hypothetical_grid_not_measured,1.0,1.52,1.333,0.005,0.008,central,mid_disparity,104,2.8536181359406854,2.8538134573973837,0.0016841856965847054,0.28992343314084035,0.2945442828059699
hypothetical_sensitivity_only,hypothetical_grid_not_measured,1.0,1.52,1.333,0.005,0.008,central,near_disparity,96,2.7405824090536957,2.7489024872141385,0.001720006297432216,0.292995633746446,0.2988364457731472
hypothetical_sensitivity_only,hypothetical_grid_not_measured,1.0,1.52,1.333,0.005,0.008,mid_fov,far_disparity,415,3.040628846228909,3.120552631721067,0.0014776667568548918,0.3022592764660397,0.32348689387783014
hypothetical_sensitivity_only,hypothetical_grid_not_measured,1.0,1.52,1.333,0.005,0.008,mid_fov,mid_disparity,335,2.8628999754301563,2.8625857692110728,0.0016883815880377863,0.30215977031706265,0.3245385692236615
hypothetical_sensitivity_only,hypothetical_grid_not_measured,1.0,1.52,1.333,0.005,0.008,mid_fov,near_disparity,429,2.75418266804476,2.756594698472281,0.0019085841746535246,0.3074452235039633,0.328150370575924
hypothetical_sensitivity_only,hypothetical_grid_not_measured,1.0,1.52,1.333,0.005,0.008,near_edge,far_disparity,339,3.1205911061585665,3.23794883299781,0.0016187058299412293,0.33658943038637545,0.39302164379215426
hypothetical_sensitivity_only,hypothetical_grid_not_measured,1.0,1.52,1.333,0.005,0.008,near_edge,mid_disparity,353,2.8849558940345257,2.88410697184276,0.0011460313514271218,0.32149338539924366,0.3455043834649187
hypothetical_sensitivity_only,hypothetical_grid_not_measured,1.0,1.52,1.333,0.005,0.008,near_edge,near_disparity,268,2.778635809400166,2.778136876506656,0.0036946131901971066,0.32473373115323867,0.44032897223744016
hypothetical_sensitivity_only,hypothetical_grid_not_measured,1.0,1.52,1.333,0.005,0.01,central,far_disparity,39,3.019512430589131,3.059116511377657,0.002258150370351618,0.2893724260858743,0.29319578061712015
hypothetical_sensitivity_only,hypothetical_grid_not_measured,1.0,1.52,1.333,0.005,0.01,central,mid_disparity,104,2.853833441711196,2.8540273837048855,0.0016841947187537956,0.2900204855448938,0.29464327171122173
hypothetical_sensitivity_only,hypothetical_grid_not_measured,1.0,1.52,1.333,0.005,0.01,central,near_disparity,96,2.740799897243846,2.749118137900346,0.001719977656264104,0.2930985590371825,0.2989417010887592
hypothetical_sensitivity_only,hypothetical_grid_not_measured,1.0,1.52,1.333,0.005,0.01,mid_fov,far_disparity,415,3.040851690337453,3.1207717636420846,0.001477679292628888,0.30235439115368634,0.3235902840789611
hypothetical_sensitivity_only,hypothetical_grid_not_measured,1.0,1.52,1.333,0.005,0.01,mid_fov,mid_disparity,335,2.863123310405848,2.86280678318364,0.0016884346443275728,0.30226073096537065,0.3246435779634014
hypothetical_sensitivity_only,hypothetical_grid_not_measured,1.0,1.52,1.333,0.005,0.01,mid_fov,near_disparity,429,2.7544000901775414,2.7568173617244778,0.0019086306287280554,0.30755127910910685,0.32826351706597867
hypothetical_sensitivity_only,hypothetical_grid_not_measured,1.0,1.52,1.333,0.005,0.01,near_edge,far_disparity,339,3.1208335307325363,3.2381812851196226,0.0016189369867676436,0.336694406019566,0.3931253538348084
hypothetical_sensitivity_only,hypothetical_grid_not_measured,1.0,1.52,1.333,0.005,0.01,near_edge,mid_disparity,353,2.885180437825253,2.884335065752299,0.0011464610326677553,0.32159768588968096,0.34561251704321444
hypothetical_sensitivity_only,hypothetical_grid_not_measured,1.0,1.52,1.333,0.005,0.01,near_edge,near_disparity,268,2.77886194008585,2.778368376649797,0.003694795765558867,0.3248415366384382,0.4404661044423797
hypothetical_sensitivity_only,hypothetical_grid_not_measured,1.0,1.52,1.333,0.01,0.003,central,far_disparity,39,3.017336623111595,3.0569327814909437,0.0022581820336154998,0.2884433074991981,0.2922128954051709
hypothetical_sensitivity_only,hypothetical_grid_not_measured,1.0,1.52,1.333,0.01,0.003,central,mid_disparity,104,2.8516071232095435,2.8518235221497,0.001684093096359449,0.2890213176216003,0.2936160560928761
hypothetical_sensitivity_only,hypothetical_grid_not_measured,1.0,1.52,1.333,0.01,0.003,central,near_disparity,96,2.738547115908566,2.74689329258265,0.0017203410979198357,0.29204193005177004,0.29784633437326946
hypothetical_sensitivity_only,hypothetical_grid_not_measured,1.0,1.52,1.333,0.01,0.003,mid_fov,far_disparity,415,3.0384880277260526,3.118463232637644,0.0014772411560078328,0.3013548052966828,0.32247923778846715
hypothetical_sensitivity_only,hypothetical_grid_not_measured,1.0,1.52,1.333,0.01,0.003,mid_fov,mid_disparity,335,2.8607656538359096,2.8604857141319773,0.0016877013334600387,0.3012053910954122,0.3235146031624984
hypothetical_sensitivity_only,hypothetical_grid_not_measured,1.0,1.52,1.333,0.01,0.003,mid_fov,near_disparity,429,2.7520280031144537,2.754476402128783,0.0019078465450212939,0.30644136369462993,0.32704625756641753
hypothetical_sensitivity_only,hypothetical_grid_not_measured,1.0,1.52,1.333,0.01,0.003,near_edge,far_disparity,339,3.1181120055885296,3.235623856737952,0.0016148947678102067,0.3355498223578335,0.3919232489915234
hypothetical_sensitivity_only,hypothetical_grid_not_measured,1.0,1.52,1.333,0.01,0.003,near_edge,mid_disparity,353,2.882795204823278,2.881889026145776,0.0011432167905763458,0.3204814534150604,0.344422935998734
hypothetical_sensitivity_only,hypothetical_grid_not_measured,1.0,1.52,1.333,0.01,0.003,near_edge,near_disparity,268,2.7764573494426754,2.7758580137322695,0.003691144210056236,0.32370101189625067,0.43888122675926394
hypothetical_sensitivity_only,hypothetical_grid_not_measured,1.0,1.52,1.333,0.01,0.005,central,far_disparity,39,3.017548001686417,3.057144563269208,0.002258179375840901,0.2885336148051394,0.29230765637737444
hypothetical_sensitivity_only,hypothetical_grid_not_measured,1.0,1.52,1.333,0.01,0.005,central,mid_disparity,104,2.851822428980053,2.8520374484572013,0.0016841021185285436,0.28911837002565366,0.29371504499812817
hypothetical_sensitivity_only,hypothetical_grid_not_measured,1.0,1.52,1.333,0.01,0.005,central,near_disparity,96,2.738764604098715,2.7471089432688576,0.0017203124567517227,0.2921440657376183,0.2979515896888813
hypothetical_sensitivity_only,hypothetical_grid_not_measured,1.0,1.52,1.333,0.01,0.005,mid_fov,far_disparity,415,3.038710871834596,3.1186823645586617,0.0014772536917818137,0.3014499199843288,0.32258262798959836
hypothetical_sensitivity_only,hypothetical_grid_not_measured,1.0,1.52,1.333,0.01,0.005,mid_fov,mid_disparity,335,2.8609889888116014,2.8607067281045437,0.0016877543897498167,0.30130635174372067,0.3236196119022378
hypothetical_sensitivity_only,hypothetical_grid_not_measured,1.0,1.52,1.333,0.01,0.005,mid_fov,near_disparity,429,2.7522588105770813,2.7546990653809793,0.0019078769086785954,0.3065417948262268,0.32715940405647226
hypothetical_sensitivity_only,hypothetical_grid_not_measured,1.0,1.52,1.333,0.01,0.005,near_edge,far_disparity,339,3.1183544301625,3.235856308859765,0.0016151259246370967,0.3356547979910247,0.392026959034178
hypothetical_sensitivity_only,hypothetical_grid_not_measured,1.0,1.52,1.333,0.01,0.005,near_edge,mid_disparity,353,2.8830197486140063,2.882117120055315,0.0011428215418820536,0.32058575390549726,0.3445310695770297
hypothetical_sensitivity_only,hypothetical_grid_not_measured,1.0,1.52,1.333,0.01,0.005,near_edge,near_disparity,268,2.7766834801283595,2.77608951387541,0.0036913267854178774,0.3238042490995747,0.43901835896420327
hypothetical_sensitivity_only,hypothetical_grid_not_measured,1.0,1.52,1.333,0.01,0.008,central,far_disparity,39,3.0178650695486464,3.0574622359366024,0.0022581753891790144,0.2886690757640511,0.29244979783567915
hypothetical_sensitivity_only,hypothetical_grid_not_measured,1.0,1.52,1.333,0.01,0.008,central,mid_disparity,104,2.8521453876358174,2.8523583379184547,0.0016841156517821729,0.28926394863173344,0.29386352835600543
hypothetical_sensitivity_only,hypothetical_grid_not_measured,1.0,1.52,1.333,0.01,0.008,central,near_disparity,96,2.7390908363839386,2.747432419298169,0.0017202694949995693,0.29229726926639044,0.2981094726622995
hypothetical_sensitivity_only,hypothetical_grid_not_measured,1.0,1.52,1.333,0.01,0.008,mid_fov,far_disparity,415,3.0390451379974124,3.1190110624401894,0.0014772724954427497,0.30159259201579824,0.3227377132912942
hypothetical_sensitivity_only,hypothetical_grid_not_measured,1.0,1.52,1.333,0.01,0.008,mid_fov,mid_disparity,335,2.8613239912751367,2.861038249063395,0.0016878339741843932,0.30145779271618234,0.32377712501184625
hypothetical_sensitivity_only,hypothetical_grid_not_measured,1.0,1.52,1.333,0.01,0.008,mid_fov,near_disparity,429,2.752605021771022,2.7550330602592736,0.0019079224541645255,0.30670087823394176,0.32732912379155477
hypothetical_sensitivity_only,hypothetical_grid_not_measured,1.0,1.52,1.333,0.01,0.008,near_edge,far_disparity,339,3.1187180670234547,3.2362049870424836,0.001615472659876828,0.33581226144081056,0.3921825240981588
hypothetical_sensitivity_only,hypothetical_grid_not_measured,1.0,1.52,1.333,0.01,0.008,near_edge,mid_disparity,353,2.8833565643000956,2.882459260919623,0.0011422286688404961,0.3207422046411521,0.34469326994447314
hypothetical_sensitivity_only,hypothetical_grid_not_measured,1.0,1.52,1.333,0.01,0.008,near_edge,near_disparity,268,2.7770226761568857,2.776436764090121,0.0036916006484606764,0.32396187419825195,0.4392240572716123
hypothetical_sensitivity_only,hypothetical_grid_not_measured,1.0,1.52,1.333,0.01,0.01,central,far_disparity,39,3.018076448123466,3.057674017714865,0.002258172731404426,0.28875938306999216,0.2925445588078826
hypothetical_sensitivity_only,hypothetical_grid_not_measured,1.0,1.52,1.333,0.01,0.01,central,mid_disparity,104,2.8523606934063266,2.852572264225956,0.0016841246739512559,0.28936100103578666,0.29396251726125716
hypothetical_sensitivity_only,hypothetical_grid_not_measured,1.0,1.52,1.333,0.01,0.01,central,near_disparity,96,2.739308324574088,2.747648069984377,0.0017202408538314626,0.2923994049522387,0.29821472797791143
hypothetical_sensitivity_only,hypothetical_grid_not_measured,1.0,1.52,1.333,0.01,0.01,mid_fov,far_disparity,415,3.039267982105958,3.119230194361207,0.0014772850312167315,0.30168770670344447,0.3228411034924251
hypothetical_sensitivity_only,hypothetical_grid_not_measured,1.0,1.52,1.333,0.01,0.01,mid_fov,mid_disparity,335,2.8615473262508275,2.8612592630359615,0.0016878870304741437,0.30155875336449056,0.32388213375158603
hypothetical_sensitivity_only,hypothetical_grid_not_measured,1.0,1.52,1.333,0.01,0.01,mid_fov,near_disparity,429,2.75283582923365,2.7552557235114703,0.0019079528178218273,0.30680693383908486,0.3274422702816098
hypothetical_sensitivity_only,hypothetical_grid_not_measured,1.0,1.52,1.333,0.01,0.01,near_edge,far_disparity,339,3.118960491597425,3.236437439164296,0.0016157038167035347,0.3359172370740011,0.3922862341408131
hypothetical_sensitivity_only,hypothetical_grid_not_measured,1.0,1.52,1.333,0.01,0.01,near_edge,mid_disparity,353,2.883581108090824,2.882687354829162,0.0011418334201459676,0.32084650513158963,0.3448014035227694
hypothetical_sensitivity_only,hypothetical_grid_not_measured,1.0,1.52,1.333,0.01,0.01,near_edge,near_disparity,268,2.777248806842569,2.776668264233261,0.0036917832238223224,0.324069679683452,0.4393611894765515
hypothetical_sensitivity_only,hypothetical_grid_not_measured,1.0,1.52,1.333,0.02,0.003,central,far_disparity,39,3.014464658180268,3.0540477941653625,0.0022582267557211145,0.2872172214674342,0.29091045178669606
hypothetical_sensitivity_only,hypothetical_grid_not_measured,1.0,1.52,1.333,0.02,0.003,central,mid_disparity,104,2.8486616265998066,2.848913283191843,0.0016839530067543876,0.2877023486033865,0.29225454719294686
hypothetical_sensitivity_only,hypothetical_grid_not_measured,1.0,1.52,1.333,0.02,0.003,central,near_disparity,96,2.735563970569051,2.743953156750712,0.0017208674930545263,0.2906517269888894,0.2963923881515736
hypothetical_sensitivity_only,hypothetical_grid_not_measured,1.0,1.52,1.333,0.02,0.003,mid_fov,far_disparity,415,3.0353206112630615,3.1153800940758893,0.0014764526331835358,0.3000214363962006,0.32098087661539554
hypothetical_sensitivity_only,hypothetical_grid_not_measured,1.0,1.52,1.333,0.02,0.003,mid_fov,mid_disparity,335,2.8576136855258687,2.8573906738366204,0.0016866061057532683,0.29980143589365205,0.32199171473886823
hypothetical_sensitivity_only,hypothetical_grid_not_measured,1.0,1.52,1.333,0.02,0.003,mid_fov,near_disparity,429,2.7486907073804634,2.7513531257027686,0.0019065231040433406,0.30500446847937046,0.32540376399767934
hypothetical_sensitivity_only,hypothetical_grid_not_measured,1.0,1.52,1.333,0.02,0.003,near_edge,far_disparity,339,3.114365927318306,3.2321361648273,0.001606070423524754,0.33399548446670413,0.39024500960353375
hypothetical_sensitivity_only,hypothetical_grid_not_measured,1.0,1.52,1.333,0.02,0.003,near_edge,mid_disparity,353,2.8796053141411786,2.878593604299503,0.0011474897110558206,0.3189790918988773,0.3428007089578433
hypothetical_sensitivity_only,hypothetical_grid_not_measured,1.0,1.52,1.333,0.02,0.003,near_edge,near_disparity,268,2.773231082956114,2.7724577888991977,0.0036851191265829357,0.32223604163558595,0.436671396827608
hypothetical_sensitivity_only,hypothetical_grid_not_measured,1.0,1.52,1.333,0.02,0.005,central,far_disparity,39,3.0146760367550876,3.0542595759436253,0.002258224097946522,0.2873075287733753,0.29100521275889935
hypothetical_sensitivity_only,hypothetical_grid_not_measured,1.0,1.52,1.333,0.02,0.005,central,mid_disparity,104,2.8488769323703167,2.8491272094993443,0.0016839620289234723,0.28779940100744006,0.29235353609819853
hypothetical_sensitivity_only,hypothetical_grid_not_measured,1.0,1.52,1.333,0.02,0.005,central,near_disparity,96,2.7357814587591993,2.7441688074369197,0.0017208388518864153,0.29075386267473735,0.29649764346718577
hypothetical_sensitivity_only,hypothetical_grid_not_measured,1.0,1.52,1.333,0.02,0.005,mid_fov,far_disparity,415,3.0355434553716063,3.115599225996908,0.001476465168957517,0.3001165510838468,0.32108426681652613
hypothetical_sensitivity_only,hypothetical_grid_not_measured,1.0,1.52,1.333,0.02,0.005,mid_fov,mid_disparity,335,2.85783702050156,2.8576116878091877,0.0016866591620430462,0.29990239654196027,0.32209672347860774
hypothetical_sensitivity_only,hypothetical_grid_not_measured,1.0,1.52,1.333,0.02,0.005,mid_fov,near_disparity,429,2.748921514843091,2.7515757889549644,0.0019065534677005984,0.3051112898159296,0.325516910487734
hypothetical_sensitivity_only,hypothetical_grid_not_measured,1.0,1.52,1.333,0.02,0.005,near_edge,far_disparity,339,3.1146083518922785,3.2323686169491124,0.0016065670756740611,0.33410046009989447,0.3903487196461875
hypothetical_sensitivity_only,hypothetical_grid_not_measured,1.0,1.52,1.333,0.02,0.005,near_edge,mid_disparity,353,2.879829344560808,2.878821698209041,0.0011477673276069822,0.3190833923893144,0.3429088425361389
hypothetical_sensitivity_only,hypothetical_grid_not_measured,1.0,1.52,1.333,0.02,0.005,near_edge,near_disparity,268,2.773457213641797,2.772689289042338,0.00368530170194489,0.32233927883891034,0.4368085290325469
hypothetical_sensitivity_only,hypothetical_grid_not_measured,1.0,1.52,1.333,0.02,0.008,central,far_disparity,39,3.014993104617318,3.0545772486110208,0.002258220111284635,0.287442989732287,0.29114735421720384
hypothetical_sensitivity_only,hypothetical_grid_not_measured,1.0,1.52,1.333,0.02,0.008,central,mid_disparity,104,2.849199891026081,2.8494480989605977,0.0016839755621771068,0.2879449796135196,0.2925020194560758
hypothetical_sensitivity_only,hypothetical_grid_not_measured,1.0,1.52,1.333,0.02,0.008,central,near_disparity,96,2.7361076910444235,2.7444922834662306,0.0017207958901342534,0.2909070662035097,0.2966555264406036
hypothetical_sensitivity_only,hypothetical_grid_not_measured,1.0,1.52,1.333,0.02,0.008,mid_fov,far_disparity,415,3.035877721534422,3.115927923878435,0.001476483972618454,0.3002592231153163,0.32123935211822247
hypothetical_sensitivity_only,hypothetical_grid_not_measured,1.0,1.52,1.333,0.02,0.008,mid_fov,mid_disparity,335,2.858172022965096,2.8579432087680385,0.0016867387464776231,0.30005383751442194,0.32225423658821684
hypothetical_sensitivity_only,hypothetical_grid_not_measured,1.0,1.52,1.333,0.02,0.008,mid_fov,near_disparity,429,2.7492677260370333,2.7519097838332596,0.0019065990131865447,0.305271521820768,0.3256866302228165
hypothetical_sensitivity_only,hypothetical_grid_not_measured,1.0,1.52,1.333,0.02,0.008,near_edge,far_disparity,339,3.1149719887532337,3.2327172951318315,0.0016073120538978361,0.33425792354968076,0.39050428471016885
hypothetical_sensitivity_only,hypothetical_grid_not_measured,1.0,1.52,1.333,0.02,0.008,near_edge,mid_disparity,353,2.880165184215241,2.8791638390733496,0.001148183752434026,0.3192398431249699,0.3430710429035825
hypothetical_sensitivity_only,hypothetical_grid_not_measured,1.0,1.52,1.333,0.02,0.008,near_edge,near_disparity,268,2.7737964096703234,2.773036539257048,0.003685575564987328,0.322494134643896,0.43701422733995643
hypothetical_sensitivity_only,hypothetical_grid_not_measured,1.0,1.52,1.333,0.02,0.01,central,far_disparity,39,3.015204483192138,3.0547890303892844,0.002258217453510033,0.2875332970382283,0.29124211518940757
hypothetical_sensitivity_only,hypothetical_grid_not_measured,1.0,1.52,1.333,0.02,0.01,central,mid_disparity,104,2.8494151967965897,2.8496620252680986,0.001683984584346196,0.28804203201757295,0.29260100836132746
hypothetical_sensitivity_only,hypothetical_grid_not_measured,1.0,1.52,1.333,0.02,0.01,central,near_disparity,96,2.736325179234573,2.7447079341524376,0.0017207672489661496,0.29100920188935786,0.2967607817562155
hypothetical_sensitivity_only,hypothetical_grid_not_measured,1.0,1.52,1.333,0.02,0.01,mid_fov,far_disparity,415,3.036100565642966,3.1161470557994533,0.0014764965083924355,0.3003543378029627,0.32134274231935306
hypothetical_sensitivity_only,hypothetical_grid_not_measured,1.0,1.52,1.333,0.02,0.01,mid_fov,mid_disparity,335,2.858395357940787,2.858164222740606,0.0016867918027673732,0.3001547981627306,0.32235924532795573
hypothetical_sensitivity_only,hypothetical_grid_not_measured,1.0,1.52,1.333,0.02,0.01,mid_fov,near_disparity,429,2.7494985334996604,2.752132447085456,0.0019066293768438447,0.3053783431573267,0.32579977671287097
hypothetical_sensitivity_only,hypothetical_grid_not_measured,1.0,1.52,1.333,0.02,0.01,near_edge,far_disparity,339,3.1152144133272026,3.2329497472536444,0.0016078087060470323,0.3343628991828711,0.3906079947528224
hypothetical_sensitivity_only,hypothetical_grid_not_measured,1.0,1.52,1.333,0.02,0.01,near_edge,mid_disparity,353,2.880389077318196,2.8793919329828888,0.0011484613689854636,0.31934414361540653,0.3431791764818785
hypothetical_sensitivity_only,hypothetical_grid_not_measured,1.0,1.52,1.333,0.02,0.01,near_edge,near_disparity,268,2.7740225403560075,2.7732680394001883,0.003685758140349213,0.32259737184722015,0.43715135954489526
hypothetical_sensitivity_only,hypothetical_grid_not_measured,1.0,1.52,1.333,0.03,0.003,central,far_disparity,39,3.0115926932489385,3.051162806839781,0.0022582714778267253,0.2859911354356701,0.2896080081682205
hypothetical_sensitivity_only,hypothetical_grid_not_measured,1.0,1.52,1.333,0.03,0.003,central,mid_disparity,104,2.8457161299900693,2.8460030442339854,0.0016838129171493229,0.2863833795851727,0.29089303829301716
hypothetical_sensitivity_only,hypothetical_grid_not_measured,1.0,1.52,1.333,0.03,0.003,central,near_disparity,96,2.732580825229535,2.7410130209187735,0.0017213938881892176,0.2892537396346073,0.2949384419298777
hypothetical_sensitivity_only,hypothetical_grid_not_measured,1.0,1.52,1.333,0.03,0.003,mid_fov,far_disparity,415,3.0321531948000713,3.1122969555141355,0.001479218332283298,0.2986880674957182,0.31948251544232337
hypothetical_sensitivity_only,hypothetical_grid_not_measured,1.0,1.52,1.333,0.03,0.003,mid_fov,mid_disparity,335,2.8544617172158295,2.8542956335412644,0.001685510878046498,0.29839748069189187,0.3204688263152385
hypothetical_sensitivity_only,hypothetical_grid_not_measured,1.0,1.52,1.333,0.03,0.003,mid_fov,near_disparity,429,2.745407837173721,2.7482298492767536,0.0019047447889912344,0.30350489592672636,0.3237612704289408
hypothetical_sensitivity_only,hypothetical_grid_not_measured,1.0,1.52,1.333,0.03,0.003,near_edge,far_disparity,339,3.110619849048085,3.2286484729166482,0.0015982948117720212,0.33244114657557433,0.3885667702155436
hypothetical_sensitivity_only,hypothetical_grid_not_measured,1.0,1.52,1.333,0.03,0.003,near_edge,mid_disparity,353,2.8762610303152476,2.875298182453229,0.0011398367512286591,0.31748237831838666,0.34117848191695266
hypothetical_sensitivity_only,hypothetical_grid_not_measured,1.0,1.52,1.333,0.03,0.003,near_edge,near_disparity,268,2.770004816469552,2.7690575640661255,0.0036790940431097943,0.3207710713749212,0.43446156689595133
hypothetical_sensitivity_only,hypothetical_grid_not_measured,1.0,1.52,1.333,0.03,0.005,central,far_disparity,39,3.011804071823759,3.051374588618045,0.0022582688200521337,0.28608144274161074,0.28970276914042425
hypothetical_sensitivity_only,hypothetical_grid_not_measured,1.0,1.52,1.333,0.03,0.005,central,mid_disparity,104,2.84593143576058,2.8462169705414877,0.0016838219393184135,0.2864804319892259,0.29099202719826867
hypothetical_sensitivity_only,hypothetical_grid_not_measured,1.0,1.52,1.333,0.03,0.005,central,near_disparity,96,2.7327983134196847,2.741228671604981,0.001721365247021113,0.28935717641362646,0.29504369724548984
hypothetical_sensitivity_only,hypothetical_grid_not_measured,1.0,1.52,1.333,0.03,0.005,mid_fov,far_disparity,415,3.032376038908615,3.112516087435153,0.0014789236218438215,0.29878318218336464,0.31958590564345457
hypothetical_sensitivity_only,hypothetical_grid_not_measured,1.0,1.52,1.333,0.03,0.005,mid_fov,mid_disparity,335,2.8546850521915204,2.8545166475138317,0.0016855639343362483,0.29849844134019987,0.32057383505497783
hypothetical_sensitivity_only,hypothetical_grid_not_measured,1.0,1.52,1.333,0.03,0.005,mid_fov,near_disparity,429,2.745627383782445,2.7484525125289507,0.0019048094759426951,0.30361171726328573,0.32387441691899566
hypothetical_sensitivity_only,hypothetical_grid_not_measured,1.0,1.52,1.333,0.03,0.005,near_edge,far_disparity,339,3.1108622736220557,3.2288809250384607,0.001597985263748781,0.33254612220876534,0.3886704802581974
hypothetical_sensitivity_only,hypothetical_grid_not_measured,1.0,1.52,1.333,0.03,0.005,near_edge,mid_disparity,353,2.8764910960866015,2.8755262763627676,0.0011401143677802223,0.31758634835796773,0.3412866154952487
hypothetical_sensitivity_only,hypothetical_grid_not_measured,1.0,1.52,1.333,0.03,0.005,near_edge,near_disparity,268,2.770230947155236,2.7692890642092656,0.003679276618471553,0.32087430857824506,0.43459869910089066
hypothetical_sensitivity_only,hypothetical_grid_not_measured,1.0,1.52,1.333,0.03,0.008,central,far_disparity,39,3.01212113968599,3.0516922612854396,0.0022582648333902495,0.2862169037005231,0.2898449105987285
hypothetical_sensitivity_only,hypothetical_grid_not_measured,1.0,1.52,1.333,0.03,0.008,central,mid_disparity,104,2.846254394416343,2.8465378600027402,0.0016838354725720428,0.28662601059530557,0.29114051055614615
hypothetical_sensitivity_only,hypothetical_grid_not_measured,1.0,1.52,1.333,0.03,0.008,central,near_disparity,96,2.733124545704908,2.7415521476342923,0.001721322285268952,0.28951233158215517,0.2952015802189079
hypothetical_sensitivity_only,hypothetical_grid_not_measured,1.0,1.52,1.333,0.03,0.008,mid_fov,far_disparity,415,3.03271030507143,3.112844785316681,0.0014784815561846806,0.29892585421483386,0.3197409909451503
hypothetical_sensitivity_only,hypothetical_grid_not_measured,1.0,1.52,1.333,0.03,0.008,mid_fov,mid_disparity,335,2.8550200546550557,2.8548481684726825,0.0016856435187708886,0.29864988231266176,0.3207313481645865
hypothetical_sensitivity_only,hypothetical_grid_not_measured,1.0,1.52,1.333,0.03,0.008,mid_fov,near_disparity,429,2.7459567036955317,2.748786507407245,0.0019049065063698428,0.3037719492681239,0.3240441366540775
hypothetical_sensitivity_only,hypothetical_grid_not_measured,1.0,1.52,1.333,0.03,0.008,near_edge,far_disparity,339,3.1112259104830122,3.229229603221179,0.001597394519049741,0.33270358565855074,0.38882604532217835
hypothetical_sensitivity_only,hypothetical_grid_not_measured,1.0,1.52,1.333,0.03,0.008,near_edge,mid_disparity,353,2.876836194743631,2.875868417227076,0.0011405307926070647,0.317742303417339,0.34144881586269216
hypothetical_sensitivity_only,hypothetical_grid_not_measured,1.0,1.52,1.333,0.03,0.008,near_edge,near_disparity,268,2.770570143183761,2.7696363144239764,0.0036795504815142783,0.32102916438323104,0.4348043974082999
hypothetical_sensitivity_only,hypothetical_grid_not_measured,1.0,1.52,1.333,0.03,0.01,central,far_disparity,39,3.01233251826081,3.0519040430637028,0.002258262175615651,0.28630721100646417,0.289939671570932
hypothetical_sensitivity_only,hypothetical_grid_not_measured,1.0,1.52,1.333,0.03,0.01,central,mid_disparity,104,2.846469700186853,2.846751786310242,0.0016838444947411308,0.2867230629993588,0.29123949946139777
hypothetical_sensitivity_only,hypothetical_grid_not_measured,1.0,1.52,1.333,0.03,0.01,central,near_disparity,96,2.733342033895058,2.7417677983205,0.0017212936441008391,0.2896157683611743,0.29530683553452003
hypothetical_sensitivity_only,hypothetical_grid_not_measured,1.0,1.52,1.333,0.03,0.01,mid_fov,far_disparity,415,3.0329331491799754,3.113063917237699,0.0014781868457452074,0.2990209689024803,0.31984438114628144
hypothetical_sensitivity_only,hypothetical_grid_not_measured,1.0,1.52,1.333,0.03,0.01,mid_fov,mid_disparity,335,2.855243389630747,2.85506918244525,0.0016856965750606388,0.29875084296097,0.3208363569043263
hypothetical_sensitivity_only,hypothetical_grid_not_measured,1.0,1.52,1.333,0.03,0.01,mid_fov,near_disparity,429,2.7461762503042553,2.7490091706594417,0.0019049711933212194,0.3038787706046835,0.3241572831441325
hypothetical_sensitivity_only,hypothetical_grid_not_measured,1.0,1.52,1.333,0.03,0.01,near_edge,far_disparity,339,3.111468335056981,3.2294620553429922,0.0015970006892502208,0.33280856129174174,0.3889297553648325
hypothetical_sensitivity_only,hypothetical_grid_not_measured,1.0,1.52,1.333,0.03,0.01,near_edge,mid_disparity,353,2.8770662605149857,2.876096511136615,0.0011408084091586123,0.31784627345692007,0.34155694944098786
hypothetical_sensitivity_only,hypothetical_grid_not_measured,1.0,1.52,1.333,0.03,0.01,near_edge,near_disparity,268,2.770796273869445,2.7698678145671165,0.003679733056875926,0.3211324015865553,0.43494152961323934
hypothetical_sensitivity_only,hypothetical_grid_not_measured,1.0,1.47,1.34,0.005,0.003,central,far_disparity,39,3.032405237068783,3.0721068144595987,0.0022585945210165364,0.294862876962952,0.2987330972975825
hypothetical_sensitivity_only,hypothetical_grid_not_measured,1.0,1.47,1.34,0.005,0.003,central,mid_disparity,104,2.866081092710661,2.8661872636470753,0.0016841281207172604,0.29550964416895353,0.30019974210176603
hypothetical_sensitivity_only,hypothetical_grid_not_measured,1.0,1.47,1.34,0.005,0.003,central,near_disparity,96,2.7525663793897817,2.76091759258651,0.0017169480380075392,0.29863129219791107,0.3045626662987756
hypothetical_sensitivity_only,hypothetical_grid_not_measured,1.0,1.47,1.34,0.005,0.003,mid_fov,far_disparity,415,3.0543236994472958,3.1344047920246085,0.001476657362522819,0.30803682508572106,0.3296150769399784
hypothetical_sensitivity_only,hypothetical_grid_not_measured,1.0,1.47,1.34,0.005,0.003,mid_fov,mid_disparity,335,2.8756789800634532,2.875369072960953,0.0016847041373630836,0.3079440746824733,0.3306851265829884
hypothetical_sensitivity_only,hypothetical_grid_not_measured,1.0,1.47,1.34,0.005,0.003,mid_fov,near_disparity,429,2.766475880295367,2.7689966794160092,0.0019083066316026658,0.3133124359355457,0.3343594934664001
hypothetical_sensitivity_only,hypothetical_grid_not_measured,1.0,1.47,1.34,0.005,0.003,near_edge,far_disparity,339,3.1360921560832256,3.253396442370678,0.0016232199872288286,0.3429278210708442,0.4002876328201938
hypothetical_sensitivity_only,hypothetical_grid_not_measured,1.0,1.47,1.34,0.005,0.003,near_edge,mid_disparity,353,2.8980792283715777,2.8974561754178323,0.001149311171746238,0.3275896455733074,0.35198882026677925
hypothetical_sensitivity_only,hypothetical_grid_not_measured,1.0,1.47,1.34,0.005,0.003,near_edge,near_disparity,268,2.7916732142222918,2.791651525550727,0.00372877439409174,0.33090360118938666,0.4485127745047141
hypothetical_sensitivity_only,hypothetical_grid_not_measured,1.0,1.47,1.34,0.005,0.005,central,far_disparity,39,3.032557098727924,3.0722589858956733,0.0022585925901158484,0.29492775446895503,0.29880122010259424
hypothetical_sensitivity_only,hypothetical_grid_not_measured,1.0,1.47,1.34,0.005,0.005,central,mid_disparity,104,2.866235838910927,2.8663409731154537,0.0016841346465282874,0.29557937446174454,0.3002709088947098
hypothetical_sensitivity_only,hypothetical_grid_not_measured,1.0,1.47,1.34,0.005,0.005,central,near_disparity,96,2.752722720843674,2.7610725627995407,0.0017169271166557836,0.2987046827345906,0.3046383578566764
hypothetical_sensitivity_only,hypothetical_grid_not_measured,1.0,1.47,1.34,0.005,0.005,mid_fov,far_disparity,415,3.054484175787189,3.134562506455101,0.0014766678751466855,0.30810527132588805,0.3296896078410745
hypothetical_sensitivity_only,hypothetical_grid_not_measured,1.0,1.47,1.34,0.005,0.005,mid_fov,mid_disparity,335,2.8758378282576897,2.8755281135321447,0.0016847431837023258,0.3080166995337925,0.3307608280808078
hypothetical_sensitivity_only,hypothetical_grid_not_measured,1.0,1.47,1.34,0.005,0.005,mid_fov,near_disparity,429,2.766635305788536,2.7691569252013943,0.001908330667236439,0.3133887654412124,0.33444107073256324
hypothetical_sensitivity_only,hypothetical_grid_not_measured,1.0,1.47,1.34,0.005,0.005,near_edge,far_disparity,339,3.136267465829249,3.253564269432382,0.001623337306335871,0.34300357046474517,0.4003628024712238
hypothetical_sensitivity_only,hypothetical_grid_not_measured,1.0,1.47,1.34,0.005,0.005,near_edge,mid_disparity,353,2.898240811743506,2.89762056683073,0.0011496171297940088,0.3276648053324469,0.3520668996493653
hypothetical_sensitivity_only,hypothetical_grid_not_measured,1.0,1.47,1.34,0.005,0.005,near_edge,near_disparity,268,2.7918547661067654,2.7918184963350385,0.0037288463273133852,0.33098126659550564,0.44861214513031944
hypothetical_sensitivity_only,hypothetical_grid_not_measured,1.0,1.47,1.34,0.005,0.008,central,far_disparity,39,3.032784891216635,3.072487243049787,0.0022585896937648343,0.2950250707279596,0.2989034043101123
hypothetical_sensitivity_only,hypothetical_grid_not_measured,1.0,1.47,1.34,0.005,0.008,central,mid_disparity,104,2.8664679582113255,2.8665715373180203,0.0016841444352448279,0.2956839699009307,0.300377659084125
hypothetical_sensitivity_only,hypothetical_grid_not_measured,1.0,1.47,1.34,0.005,0.008,central,near_disparity,96,2.7529572330245133,2.7613050181190872,0.0017168957346281692,0.29881476853961053,0.30475189519352763
hypothetical_sensitivity_only,hypothetical_grid_not_measured,1.0,1.47,1.34,0.005,0.008,mid_fov,far_disparity,415,3.0547248902970296,3.1347990781008392,0.001476683644082414,0.30820794068613844,0.3298014041927182
hypothetical_sensitivity_only,hypothetical_grid_not_measured,1.0,1.47,1.34,0.005,0.008,mid_fov,mid_disparity,335,2.876076100549046,2.875766674388932,0.0016848017532112287,0.308125636810771,0.33087438032753697
hypothetical_sensitivity_only,hypothetical_grid_not_measured,1.0,1.47,1.34,0.005,0.008,mid_fov,near_disparity,429,2.7668744440282893,2.7693972938794746,0.0019083667206871253,0.31350325969971227,0.3345634366318081
hypothetical_sensitivity_only,hypothetical_grid_not_measured,1.0,1.47,1.34,0.005,0.008,near_edge,far_disparity,339,3.1365304304482864,3.253816010024939,0.0016235132849966233,0.34311719455559553,0.4004755569477695
hypothetical_sensitivity_only,hypothetical_grid_not_measured,1.0,1.47,1.34,0.005,0.008,near_edge,mid_disparity,353,2.8984831868013976,2.897867153950077,0.0011500760668656641,0.32777754497115663,0.3521840187232445
hypothetical_sensitivity_only,hypothetical_grid_not_measured,1.0,1.47,1.34,0.005,0.008,near_edge,near_disparity,268,2.7921270939334746,2.792068952511506,0.0037289542271458772,0.3310977647046841,0.44876120106872747
hypothetical_sensitivity_only,hypothetical_grid_not_measured,1.0,1.47,1.34,0.005,0.01,central,far_disparity,39,3.0329367528757762,3.072639414485862,0.0022585877628641554,0.29508994823396306,0.29897152711512387
hypothetical_sensitivity_only,hypothetical_grid_not_measured,1.0,1.47,1.34,0.005,0.01,central,mid_disparity,104,2.8666227044115913,2.8667252467863973,0.001684150961055848,0.2957537001937218,0.3004488258770684
hypothetical_sensitivity_only,hypothetical_grid_not_measured,1.0,1.47,1.34,0.005,0.01,central,near_disparity,96,2.753113574478406,2.7614599883321183,0.0017168748132764334,0.2988881590762905,0.3048275867514288
hypothetical_sensitivity_only,hypothetical_grid_not_measured,1.0,1.47,1.34,0.005,0.01,mid_fov,far_disparity,415,3.054885366636923,3.134956792531331,0.0014766941567062525,0.30827638692630543,0.3298759350938142
hypothetical_sensitivity_only,hypothetical_grid_not_measured,1.0,1.47,1.34,0.005,0.01,mid_fov,mid_disparity,335,2.8762349487432832,2.8759257149601236,0.0016848407995505616,0.30819826166209063,0.3309500818253564
hypothetical_sensitivity_only,hypothetical_grid_not_measured,1.0,1.47,1.34,0.005,0.01,mid_fov,near_disparity,429,2.7670338695214576,2.7695575396648606,0.0019083907563209167,0.3135795892053794,0.33464501389797124
hypothetical_sensitivity_only,hypothetical_grid_not_measured,1.0,1.47,1.34,0.005,0.01,near_edge,far_disparity,339,3.1367057401943117,3.253983837086644,0.001623630604103774,0.3431929439494965,0.40055072659879964
hypothetical_sensitivity_only,hypothetical_grid_not_measured,1.0,1.47,1.34,0.005,0.01,near_edge,mid_disparity,353,2.898644770173326,2.8980315453629752,0.0011503820249134343,0.3278527047302957,0.35226209810583076
hypothetical_sensitivity_only,hypothetical_grid_not_measured,1.0,1.47,1.34,0.005,0.01,near_edge,near_disparity,268,2.7923086458179474,2.792235923295819,0.0037290261603674857,0.33117543011080375,0.4488605716943329
hypothetical_sensitivity_only,hypothetical_grid_not_measured,1.0,1.47,1.34,0.01,0.003,central,far_disparity,39,3.030940215431349,3.0706351779593195,0.002258617266149665,0.29423743279260783,0.29806872867450596
hypothetical_sensitivity_only,hypothetical_grid_not_measured,1.0,1.47,1.34,0.01,0.003,central,mid_disparity,104,2.864578546179418,2.8647026567102216,0.001684056794458906,0.29483678968617344,0.29950522840709637
hypothetical_sensitivity_only,hypothetical_grid_not_measured,1.0,1.47,1.34,0.01,0.003,central,near_disparity,96,2.7510446002029263,2.759417714410963,0.00171721553358768,0.29792208486771576,0.3038209923100811
hypothetical_sensitivity_only,hypothetical_grid_not_measured,1.0,1.47,1.34,0.01,0.003,mid_fov,far_disparity,415,3.0527083429884785,3.1328323664688065,0.001476259954002191,0.30735676428626735,0.32885097597590873
hypothetical_sensitivity_only,hypothetical_grid_not_measured,1.0,1.47,1.34,0.01,0.003,mid_fov,mid_disparity,335,2.8741039903342593,2.873790435472466,0.0016841483323175904,0.3072279544840011,0.329908511843494
hypothetical_sensitivity_only,hypothetical_grid_not_measured,1.0,1.47,1.34,0.01,0.003,mid_fov,near_disparity,429,2.764808118640299,2.7674036090129426,0.0019076385331960497,0.31257032526342754,0.3335218453990438
hypothetical_sensitivity_only,hypothetical_grid_not_measured,1.0,1.47,1.34,0.01,0.003,near_edge,far_disparity,339,3.134182478659808,3.251618316906919,0.0016210105463637253,0.34213528100146373,0.39943229917052475
hypothetical_sensitivity_only,hypothetical_grid_not_measured,1.0,1.47,1.34,0.01,0.003,near_edge,mid_disparity,353,2.896451327282989,2.8957756250672277,0.0011439098169999332,0.3268234861720747,0.35116171036567817
hypothetical_sensitivity_only,hypothetical_grid_not_measured,1.0,1.47,1.34,0.01,0.003,near_edge,near_disparity,268,2.7898625052206847,2.78991764591713,0.0037270849946046385,0.33013290190732314,0.44738637248384017
hypothetical_sensitivity_only,hypothetical_grid_not_measured,1.0,1.47,1.34,0.01,0.005,central,far_disparity,39,3.0310920770904892,3.0707873493953954,0.0022586153352489747,0.29430231029861087,0.2981368514795178
hypothetical_sensitivity_only,hypothetical_grid_not_measured,1.0,1.47,1.34,0.01,0.005,central,mid_disparity,104,2.864733292379684,2.864856366178599,0.0016840633202699355,0.29490651997896433,0.29957639520004037
hypothetical_sensitivity_only,hypothetical_grid_not_measured,1.0,1.47,1.34,0.01,0.005,central,near_disparity,96,2.751200941656819,2.7595726846239934,0.0017171946122359395,0.29799547540439586,0.30389668386798196
hypothetical_sensitivity_only,hypothetical_grid_not_measured,1.0,1.47,1.34,0.01,0.005,mid_fov,far_disparity,415,3.0528688193283724,3.1329900808992983,0.001476270466626029,0.3074252105264348,0.3289255068770049
hypothetical_sensitivity_only,hypothetical_grid_not_measured,1.0,1.47,1.34,0.01,0.005,mid_fov,mid_disparity,335,2.874262838528497,2.873949476043658,0.0016841873786568955,0.3073005793353205,0.3299842133413137
hypothetical_sensitivity_only,hypothetical_grid_not_measured,1.0,1.47,1.34,0.01,0.005,mid_fov,near_disparity,429,2.7649748888137715,2.7675638547983294,0.0019076625688298412,0.312641705751759,0.33360342266520737
hypothetical_sensitivity_only,hypothetical_grid_not_measured,1.0,1.47,1.34,0.01,0.005,near_edge,far_disparity,339,3.1343577884058327,3.2517861439686246,0.0016211278654708347,0.34221103039536405,0.399507468821555
hypothetical_sensitivity_only,hypothetical_grid_not_measured,1.0,1.47,1.34,0.01,0.005,near_edge,mid_disparity,353,2.8966129106549174,2.8959400164801257,0.001144215775047634,0.326898645931214,0.3512397897482645
hypothetical_sensitivity_only,hypothetical_grid_not_measured,1.0,1.47,1.34,0.01,0.005,near_edge,near_disparity,268,2.79002538430594,2.790084616701442,0.0037271569278262365,0.33020723847169586,0.44748574310944583
hypothetical_sensitivity_only,hypothetical_grid_not_measured,1.0,1.47,1.34,0.01,0.008,central,far_disparity,39,3.0313198695791996,3.0710156065495084,0.002258612438897962,0.2943996265576152,0.2982390356870356
hypothetical_sensitivity_only,hypothetical_grid_not_measured,1.0,1.47,1.34,0.01,0.008,central,mid_disparity,104,2.8649654116800827,2.8650869303811652,0.0016840731089864738,0.2950111154181506,0.2996831453894554
hypothetical_sensitivity_only,hypothetical_grid_not_measured,1.0,1.47,1.34,0.01,0.008,central,near_disparity,96,2.751435453837658,2.75980513994354,0.0017171632302083106,0.2981055612094151,0.3040102212048335
hypothetical_sensitivity_only,hypothetical_grid_not_measured,1.0,1.47,1.34,0.01,0.008,mid_fov,far_disparity,415,3.053109533838213,3.133226652545036,0.0014762862355617856,0.30752787988668495,0.32903730322864894
hypothetical_sensitivity_only,hypothetical_grid_not_measured,1.0,1.47,1.34,0.01,0.008,mid_fov,mid_disparity,335,2.874501110819852,2.874188036900445,0.001684245948165779,0.30740951661229987,0.33009776558804277
hypothetical_sensitivity_only,hypothetical_grid_not_measured,1.0,1.47,1.34,0.01,0.008,mid_fov,near_disparity,429,2.765225044073981,2.7678042234764093,0.0019076986222804956,0.31274877648425337,0.33372578856445223
hypothetical_sensitivity_only,hypothetical_grid_not_measured,1.0,1.47,1.34,0.01,0.008,near_edge,far_disparity,339,3.13462075302487,3.2520378845611813,0.0016213038441315608,0.3423246544862144,0.39962022329810076
hypothetical_sensitivity_only,hypothetical_grid_not_measured,1.0,1.47,1.34,0.01,0.008,near_edge,mid_disparity,353,2.8968552857128085,2.8961866035994723,0.0011446747121192367,0.32701138556992326,0.35135690882214365
hypothetical_sensitivity_only,hypothetical_grid_not_measured,1.0,1.47,1.34,0.01,0.008,near_edge,near_disparity,268,2.7902697029338213,2.7903350728779097,0.0037272648276588305,0.3303187433182544,0.44763479904785375
hypothetical_sensitivity_only,hypothetical_grid_not_measured,1.0,1.47,1.34,0.01,0.01,central,far_disparity,39,3.0314717312383412,3.0711677779855844,0.002258610507997281,0.29446450406361846,0.2983071584920476
hypothetical_sensitivity_only,hypothetical_grid_not_measured,1.0,1.47,1.34,0.01,0.01,central,mid_disparity,104,2.865120157880348,2.865240639849543,0.0016840796347974965,0.2950808457109415,0.29975431218239923
hypothetical_sensitivity_only,hypothetical_grid_not_measured,1.0,1.47,1.34,0.01,0.01,central,near_disparity,96,2.751591795291551,2.759960110156571,0.0017171423088565758,0.29817895174609554,0.3040859127627344
hypothetical_sensitivity_only,hypothetical_grid_not_measured,1.0,1.47,1.34,0.01,0.01,mid_fov,far_disparity,415,3.0532700101781067,3.1333843669755286,0.0014762967481856098,0.3075963261268517,0.32911183412974443
hypothetical_sensitivity_only,hypothetical_grid_not_measured,1.0,1.47,1.34,0.01,0.01,mid_fov,mid_disparity,335,2.8746599590140893,2.874347077471637,0.001684284994505076,0.30748214146361885,0.33017346708586215
hypothetical_sensitivity_only,hypothetical_grid_not_measured,1.0,1.47,1.34,0.01,0.01,mid_fov,near_disparity,429,2.7653918142474545,2.7679644692617957,0.001907722657914288,0.3128202648642737,0.3338073658306155
hypothetical_sensitivity_only,hypothetical_grid_not_measured,1.0,1.47,1.34,0.01,0.01,near_edge,far_disparity,339,3.134796062770894,3.2522057116228864,0.0016214211632387123,0.34240040388011606,0.39969539294913053
hypothetical_sensitivity_only,hypothetical_grid_not_measured,1.0,1.47,1.34,0.01,0.01,near_edge,mid_disparity,353,2.897016869084737,2.8963509950123703,0.0011449806701670068,0.327086545329063,0.3514349882047295
hypothetical_sensitivity_only,hypothetical_grid_not_measured,1.0,1.47,1.34,0.01,0.01,near_edge,near_disparity,268,2.790432582019075,2.7905020436622223,0.003727336760880365,0.3303930798826269,0.447734169673459
hypothetical_sensitivity_only,hypothetical_grid_not_measured,1.0,1.47,1.34,0.02,0.003,central,far_disparity,39,3.0280101721564816,3.0676919049587648,0.0022586627564159206,0.29298654445191863,0.29673999142835306
hypothetical_sensitivity_only,hypothetical_grid_not_measured,1.0,1.47,1.34,0.02,0.003,central,mid_disparity,104,2.8615734531169323,2.8617334428365138,0.0016839141419422022,0.29349108072061325,0.298116201017758
hypothetical_sensitivity_only,hypothetical_grid_not_measured,1.0,1.47,1.34,0.02,0.003,central,near_disparity,96,2.748001041829216,2.756417958059867,0.0017177505247479832,0.29650367020732593,0.30233764433269233
hypothetical_sensitivity_only,hypothetical_grid_not_measured,1.0,1.47,1.34,0.02,0.003,mid_fov,far_disparity,415,3.0494776300708457,3.1296875153572006,0.0014754651369609342,0.30599664268736126,0.32732277404777044
hypothetical_sensitivity_only,hypothetical_grid_not_measured,1.0,1.47,1.34,0.02,0.003,mid_fov,mid_disparity,335,2.8709465121305264,2.870633160495492,0.001683036722226682,0.30579571408705775,0.32835528236450545
hypothetical_sensitivity_only,hypothetical_grid_not_measured,1.0,1.47,1.34,0.02,0.003,mid_fov,near_disparity,429,2.7617460304461345,2.764217468206812,0.0019063023363828234,0.3110943721971191,0.3318465492643325
hypothetical_sensitivity_only,hypothetical_grid_not_measured,1.0,1.47,1.34,0.02,0.003,near_edge,far_disparity,339,3.130363123812974,3.2480620659794037,0.0016161374183050578,0.3405502008627024,0.39772163187118625
hypothetical_sensitivity_only,hypothetical_grid_not_measured,1.0,1.47,1.34,0.02,0.003,near_edge,mid_disparity,353,2.8931955251058112,2.8924145243660186,0.0011454988043193188,0.32529133611894756,0.3495074905634761
hypothetical_sensitivity_only,hypothetical_grid_not_measured,1.0,1.47,1.34,0.02,0.003,near_edge,near_disparity,268,2.7865716602599138,2.786449886649937,0.0037233795528710946,0.3286386225824126,0.44513356844209345
hypothetical_sensitivity_only,hypothetical_grid_not_measured,1.0,1.47,1.34,0.02,0.005,central,far_disparity,39,3.0281620338156205,3.06784407639484,0.002258660825515242,0.29305142195792167,0.29680811423336473
hypothetical_sensitivity_only,hypothetical_grid_not_measured,1.0,1.47,1.34,0.02,0.005,central,mid_disparity,104,2.861728199317199,2.8618871523048903,0.0016839206677532205,0.29356081101340403,0.2981873678107012
hypothetical_sensitivity_only,hypothetical_grid_not_measured,1.0,1.47,1.34,0.02,0.005,central,near_disparity,96,2.7481573832831083,2.7565729282728975,0.00171772960339623,0.29657706074400536,0.30241333589059344
hypothetical_sensitivity_only,hypothetical_grid_not_measured,1.0,1.47,1.34,0.02,0.005,mid_fov,far_disparity,415,3.0496381064107396,3.129845229787693,0.0014754756495847289,0.3060650889275287,0.3273973049488659
hypothetical_sensitivity_only,hypothetical_grid_not_measured,1.0,1.47,1.34,0.02,0.005,mid_fov,mid_disparity,335,2.871107292010712,2.870792201066684,0.0016830757685659162,0.30586833893837695,0.32843098386232517
hypothetical_sensitivity_only,hypothetical_grid_not_measured,1.0,1.47,1.34,0.02,0.005,mid_fov,near_disparity,429,2.7619023341864173,2.7643777139921983,0.0019063263720166296,0.3111712541233025,0.3319281265304959
hypothetical_sensitivity_only,hypothetical_grid_not_measured,1.0,1.47,1.34,0.02,0.005,near_edge,far_disparity,339,3.130538433558999,3.248229893041109,0.0016163112928409534,0.3406259502566027,0.3977968015222172
hypothetical_sensitivity_only,hypothetical_grid_not_measured,1.0,1.47,1.34,0.02,0.005,near_edge,mid_disparity,353,2.8933571084777396,2.892578915778916,0.0011459285969176837,0.32536632712874813,0.349585569946062
hypothetical_sensitivity_only,hypothetical_grid_not_measured,1.0,1.47,1.34,0.02,0.005,near_edge,near_disparity,268,2.7867345393451686,2.786616857434249,0.003723518865283938,0.3287129591467849,0.44523293906769884
hypothetical_sensitivity_only,hypothetical_grid_not_measured,1.0,1.47,1.34,0.02,0.008,central,far_disparity,39,3.0283898263043314,3.0680723335489537,0.0022586579291642194,0.293148738216926,0.2969102984408828
hypothetical_sensitivity_only,hypothetical_grid_not_measured,1.0,1.47,1.34,0.02,0.008,central,mid_disparity,104,2.8619603186175975,2.8621177165074565,0.0016839304564697575,0.29366540645259054,0.29829411800011624
hypothetical_sensitivity_only,hypothetical_grid_not_measured,1.0,1.47,1.34,0.02,0.008,central,near_disparity,96,2.7483918954639477,2.7568053835924435,0.0017176982213686133,0.29668714654902495,0.30252687322744504
hypothetical_sensitivity_only,hypothetical_grid_not_measured,1.0,1.47,1.34,0.02,0.008,mid_fov,far_disparity,415,3.0498788209205805,3.130081801433431,0.001475491418520502,0.3061677582877782,0.3275091013005102
hypothetical_sensitivity_only,hypothetical_grid_not_measured,1.0,1.47,1.34,0.02,0.008,mid_fov,mid_disparity,335,2.8713484618309906,2.871030761923471,0.0016831343380748626,0.3059772762153561,0.3285445361090542
hypothetical_sensitivity_only,hypothetical_grid_not_measured,1.0,1.47,1.34,0.02,0.008,mid_fov,near_disparity,429,2.7621367897968403,2.764618082670278,0.0019063624254672842,0.31128657701257634,0.33205049242974066
hypothetical_sensitivity_only,hypothetical_grid_not_measured,1.0,1.47,1.34,0.02,0.008,near_edge,far_disparity,339,3.1308013981780354,3.248481633633666,0.0016165721046447225,0.3407395743474537,0.3979095559987625
hypothetical_sensitivity_only,hypothetical_grid_not_measured,1.0,1.47,1.34,0.02,0.008,near_edge,mid_disparity,353,2.893599483535631,2.892825502898263,0.001146573285815485,0.3254790667674574,0.3497026890199411
hypothetical_sensitivity_only,hypothetical_grid_not_measured,1.0,1.47,1.34,0.02,0.008,near_edge,near_disparity,268,2.7869788579730503,2.7868673136107174,0.0037237278339032082,0.3288244639933434,0.44538199500610653
hypothetical_sensitivity_only,hypothetical_grid_not_measured,1.0,1.47,1.34,0.02,0.01,central,far_disparity,39,3.028541687963471,3.068224504985029,0.0022586559982635443,0.29321361572292903,0.29697842124589435
hypothetical_sensitivity_only,hypothetical_grid_not_measured,1.0,1.47,1.34,0.02,0.01,central,mid_disparity,104,2.8621150648178633,2.8622714259758344,0.00168393698228079,0.2937351367453813,0.2983652847930602
hypothetical_sensitivity_only,hypothetical_grid_not_measured,1.0,1.47,1.34,0.02,0.01,central,near_disparity,96,2.74854823691784,2.756960353805475,0.0017176773000168654,0.29676053708570493,0.30260256478534614
hypothetical_sensitivity_only,hypothetical_grid_not_measured,1.0,1.47,1.34,0.02,0.01,mid_fov,far_disparity,415,3.0500392972604735,3.1302395158639227,0.0014755019311443532,0.3062362045279452,0.327583632201606
hypothetical_sensitivity_only,hypothetical_grid_not_measured,1.0,1.47,1.34,0.02,0.01,mid_fov,mid_disparity,335,2.8715092417111765,2.871189802494663,0.001683173384414125,0.3060499010666753,0.32862023760687353
hypothetical_sensitivity_only,hypothetical_grid_not_measured,1.0,1.47,1.34,0.02,0.01,mid_fov,near_disparity,429,2.7622930935371235,2.764778328455664,0.0019063864611010741,0.31136345893875905,0.3321320696959039
hypothetical_sensitivity_only,hypothetical_grid_not_measured,1.0,1.47,1.34,0.02,0.01,near_edge,far_disparity,339,3.1309767079240602,3.2486494606953698,0.0016167459791805068,0.34081532374135404,0.3979847256497925
hypothetical_sensitivity_only,hypothetical_grid_not_measured,1.0,1.47,1.34,0.02,0.01,near_edge,mid_disparity,353,2.8937610669075595,2.892989894311161,0.001147003078413933,0.3255542265265967,0.349780768402527
hypothetical_sensitivity_only,hypothetical_grid_not_measured,1.0,1.47,1.34,0.02,0.01,near_edge,near_disparity,268,2.7871417370583043,2.787034284395029,0.003723867146316109,0.3288988005577157,0.44548136563171165
hypothetical_sensitivity_only,hypothetical_grid_not_measured,1.0,1.47,1.34,0.03,0.003,central,far_disparity,39,3.0250801288816103,3.064748631958209,0.002258708246682177,0.2917356561112301,0.2954112541821998
hypothetical_sensitivity_only,hypothetical_grid_not_measured,1.0,1.47,1.34,0.03,0.003,central,mid_disparity,104,2.8585683600544485,2.858764228962805,0.0016837714894254925,0.29214537175505295,0.29672717362841866
hypothetical_sensitivity_only,hypothetical_grid_not_measured,1.0,1.47,1.34,0.03,0.003,central,near_disparity,96,2.7449574834555053,2.7534182017087705,0.001718285515908274,0.29507586490086934,0.30085429635530375
hypothetical_sensitivity_only,hypothetical_grid_not_measured,1.0,1.47,1.34,0.03,0.003,mid_fov,far_disparity,415,3.046246917153213,3.1265426642455956,0.0014746703199196214,0.3046365210884545,0.32579457211963153
hypothetical_sensitivity_only,hypothetical_grid_not_measured,1.0,1.47,1.34,0.03,0.003,mid_fov,mid_disparity,335,2.8677312804449144,2.8674758855185183,0.0016819251121357025,0.3043634736901144,0.32680205288551667
hypothetical_sensitivity_only,hypothetical_grid_not_measured,1.0,1.47,1.34,0.03,0.003,mid_fov,near_disparity,429,2.758565993970821,2.7610313274006812,0.0019049661395696253,0.3095646128399816,0.33017125312962076
hypothetical_sensitivity_only,hypothetical_grid_not_measured,1.0,1.47,1.34,0.03,0.003,near_edge,far_disparity,339,3.126543768966139,3.244505815051888,0.0016095906365333717,0.33896512072394125,0.39601096457184864
hypothetical_sensitivity_only,hypothetical_grid_not_measured,1.0,1.47,1.34,0.03,0.003,near_edge,mid_disparity,353,2.8899397229286343,2.8890534236648087,0.001142482168777202,0.3237648777457829,0.3478532707612739
hypothetical_sensitivity_only,hypothetical_grid_not_measured,1.0,1.47,1.34,0.03,0.003,near_edge,near_disparity,268,2.7832808152991424,2.7829821273827444,0.0037172857872026766,0.32714434325750175,0.4428807644003461
hypothetical_sensitivity_only,hypothetical_grid_not_measured,1.0,1.47,1.34,0.03,0.005,central,far_disparity,39,3.0252319905407523,3.0649008033942846,0.002258706315781503,0.29180053361723335,0.29547937698721194
hypothetical_sensitivity_only,hypothetical_grid_not_measured,1.0,1.47,1.34,0.03,0.005,central,mid_disparity,104,2.858723106254714,2.858917938431183,0.0016837780152365138,0.29221510204784407,0.2967983404213623
hypothetical_sensitivity_only,hypothetical_grid_not_measured,1.0,1.47,1.34,0.03,0.005,central,near_disparity,96,2.7451138249093985,2.753573171921802,0.0017182645945565324,0.2951501987240289,0.3009299879132051
hypothetical_sensitivity_only,hypothetical_grid_not_measured,1.0,1.47,1.34,0.03,0.005,mid_fov,far_disparity,415,3.0464073934931064,3.126700378676088,0.0014746808325434868,0.3047049673286215,0.3258691030207271
hypothetical_sensitivity_only,hypothetical_grid_not_measured,1.0,1.47,1.34,0.03,0.005,mid_fov,mid_disparity,335,2.8678920603251,2.86763492608971,0.0016819641584749727,0.3044360985414334,0.3268777543833366
hypothetical_sensitivity_only,hypothetical_grid_not_measured,1.0,1.47,1.34,0.03,0.005,mid_fov,near_disparity,429,2.758732367051193,2.7611915731860677,0.0019049901752033877,0.30964149476616476,0.33025283039578396
hypothetical_sensitivity_only,hypothetical_grid_not_measured,1.0,1.47,1.34,0.03,0.005,near_edge,far_disparity,339,3.1267190787121644,3.244673642113593,0.0016097645110691931,0.33904087011784156,0.39608613422287914
hypothetical_sensitivity_only,hypothetical_grid_not_measured,1.0,1.47,1.34,0.03,0.005,near_edge,mid_disparity,353,2.8901013063005614,2.889217815077707,0.001142690645166435,0.32383979610384817,0.3479313501438597
hypothetical_sensitivity_only,hypothetical_grid_not_measured,1.0,1.47,1.34,0.03,0.005,near_edge,near_disparity,268,2.7834436943843976,2.783149098167056,0.0037174250996154365,0.32721867982187414,0.4429801350259514
hypothetical_sensitivity_only,hypothetical_grid_not_measured,1.0,1.47,1.34,0.03,0.008,central,far_disparity,39,3.025459783029462,3.0651290605483985,0.00225870341943048,0.29189784987623746,0.2955815611947296
hypothetical_sensitivity_only,hypothetical_grid_not_measured,1.0,1.47,1.34,0.03,0.008,central,mid_disparity,104,2.858955225555113,2.859148502633749,0.0016837878039530534,0.29231969748703013,0.2969050906107777
hypothetical_sensitivity_only,hypothetical_grid_not_measured,1.0,1.47,1.34,0.03,0.008,central,near_disparity,96,2.745348337090237,2.753805627241347,0.0017182332125289038,0.295261699458768,0.30104352525005634
hypothetical_sensitivity_only,hypothetical_grid_not_measured,1.0,1.47,1.34,0.03,0.008,mid_fov,far_disparity,415,3.0466481080029473,3.1269369503218254,0.0014746966014792594,0.3048076366888719,0.3259808993723711
hypothetical_sensitivity_only,hypothetical_grid_not_measured,1.0,1.47,1.34,0.03,0.008,mid_fov,mid_disparity,335,2.868133230145378,2.8678734869464972,0.001682022727983931,0.3045450358184123,0.32699130663006554
hypothetical_sensitivity_only,hypothetical_grid_not_measured,1.0,1.47,1.34,0.03,0.008,mid_fov,near_disparity,429,2.7589819266717517,2.761431941864147,0.0019050262286540707,0.3097568176554393,0.330375196295029
hypothetical_sensitivity_only,hypothetical_grid_not_measured,1.0,1.47,1.34,0.03,0.008,near_edge,far_disparity,339,3.1269820433312,3.2449253827061497,0.0016100253228728165,0.3391544942086926,0.39619888869942427
hypothetical_sensitivity_only,hypothetical_grid_not_measured,1.0,1.47,1.34,0.03,0.008,near_edge,mid_disparity,353,2.8903436813584533,2.8894644021970532,0.0011430033597499751,0.32395217364094453,0.3480484692177387
hypothetical_sensitivity_only,hypothetical_grid_not_measured,1.0,1.47,1.34,0.03,0.008,near_edge,near_disparity,268,2.78368801301228,2.7833995543435246,0.0037176340682346775,0.32733018466843256,0.4431291909643595
hypothetical_sensitivity_only,hypothetical_grid_not_measured,1.0,1.47,1.34,0.03,0.01,central,far_disparity,39,3.0256116446886043,3.065281231984474,0.0022587014885297983,0.2919627273822407,0.29564968399974156
hypothetical_sensitivity_only,hypothetical_grid_not_measured,1.0,1.47,1.34,0.03,0.01,central,mid_disparity,104,2.8591099717553785,2.8593022121021265,0.0016837943297640786,0.29238942777982124,0.2969762574037211
hypothetical_sensitivity_only,hypothetical_grid_not_measured,1.0,1.47,1.34,0.03,0.01,central,near_disparity,96,2.7455046785441306,2.753960597454379,0.0017182122911771692,0.29533603328192737,0.3011192168079574
hypothetical_sensitivity_only,hypothetical_grid_not_measured,1.0,1.47,1.34,0.03,0.01,mid_fov,far_disparity,415,3.046808584342841,3.1270946647523177,0.0014747071141030825,0.3048760829290389,0.32605543027346745
hypothetical_sensitivity_only,hypothetical_grid_not_measured,1.0,1.47,1.34,0.03,0.01,mid_fov,mid_disparity,335,2.868294010025565,2.868032527517689,0.0016820617743231884,0.3046176606697315,0.3270670081278847
hypothetical_sensitivity_only,hypothetical_grid_not_measured,1.0,1.47,1.34,0.03,0.01,mid_fov,near_disparity,429,2.759148299752124,2.7615921876495335,0.0019050502642878762,0.309833699581622,0.33045677356119224
hypothetical_sensitivity_only,hypothetical_grid_not_measured,1.0,1.47,1.34,0.03,0.01,near_edge,far_disparity,339,3.1271573530772265,3.2450932097678544,0.0016101991974086364,0.3392302436025936,0.39627405835045487
hypothetical_sensitivity_only,hypothetical_grid_not_measured,1.0,1.47,1.34,0.03,0.01,near_edge,mid_disparity,353,2.8905052647303817,2.889628793609952,0.0011432118361393328,0.3240270919990098,0.3481265486003246
hypothetical_sensitivity_only,hypothetical_grid_not_measured,1.0,1.47,1.34,0.03,0.01,near_edge,near_disparity,268,2.783850892097534,2.7835665251278363,0.0037177733806474525,0.32740452123280495,0.44322856158996465
hypothetical_sensitivity_only,hypothetical_grid_not_measured,1.0,1.5,1.34,0.005,0.003,central,far_disparity,39,3.0324521602067938,3.072153808609951,0.0022585939528296487,0.29488292619587697,0.29875409730372804
hypothetical_sensitivity_only,hypothetical_grid_not_measured,1.0,1.5,1.34,0.005,0.003,central,mid_disparity,104,2.866128841024074,2.8662347458274335,0.0016841300793341053,0.29553118876489326,0.30022167735466354
hypothetical_sensitivity_only,hypothetical_grid_not_measured,1.0,1.5,1.34,0.005,0.003,central,near_disparity,96,2.752614594284366,2.760965443058756,0.0017169420242593302,0.2986539606304657,0.30458597590286246
hypothetical_sensitivity_only,hypothetical_grid_not_measured,1.0,1.5,1.34,0.005,0.003,mid_fov,far_disparity,415,3.054372837445456,3.134453185311099,0.0014766586180788286,0.3080578414682207,0.3296378102308338
hypothetical_sensitivity_only,hypothetical_grid_not_measured,1.0,1.5,1.34,0.005,0.003,mid_fov,mid_disparity,335,2.8757277778173105,2.875417919167074,0.001684714979255609,0.3079664110317919,0.3307082133187756
hypothetical_sensitivity_only,hypothetical_grid_not_measured,1.0,1.5,1.34,0.005,0.003,mid_fov,near_disparity,429,2.766524881863922,2.769045879164492,0.0019083111322535412,0.3133358669995552,0.3343843660340569
hypothetical_sensitivity_only,hypothetical_grid_not_measured,1.0,1.5,1.34,0.005,0.003,near_edge,far_disparity,339,3.1361449644122557,3.2534473083537234,0.0016232491723890791,0.3429508346025649,0.40031006913996087
hypothetical_sensitivity_only,hypothetical_grid_not_measured,1.0,1.5,1.34,0.005,0.003,near_edge,mid_disparity,353,2.8981287032643115,2.897506359403262,0.001149390062872051,0.32761260306228457,0.3520124817366291
hypothetical_sensitivity_only,hypothetical_grid_not_measured,1.0,1.5,1.34,0.005,0.003,near_edge,near_disparity,268,2.7917276076057087,2.7917023512561956,0.0037287902326201914,0.3309273497664008,0.4485424760245268
hypothetical_sensitivity_only,hypothetical_grid_not_measured,1.0,1.5,1.34,0.005,0.005,central,far_disparity,39,3.03263530395794,3.0723373094795963,0.00225859164313772,0.29496116985716303,0.29883622011283695
hypothetical_sensitivity_only,hypothetical_grid_not_measured,1.0,1.5,1.34,0.005,0.005,central,mid_disparity,104,2.866315419433282,2.866420110082717,0.001684137910889688,0.29561528212164667,0.30030746764953903
hypothetical_sensitivity_only,hypothetical_grid_not_measured,1.0,1.5,1.34,0.005,0.005,central,near_disparity,96,2.7528030790013154,2.761152313586617,0.0017169170937420897,0.29874246345551525,0.3046772071968222
hypothetical_sensitivity_only,hypothetical_grid_not_measured,1.0,1.5,1.34,0.005,0.005,mid_fov,far_disparity,415,3.0545660724507897,3.134643161932585,0.0014766699677399824,0.308140298630059,0.3297274966591672
hypothetical_sensitivity_only,hypothetical_grid_not_measured,1.0,1.5,1.34,0.005,0.005,mid_fov,mid_disparity,335,2.875919157847459,2.875609523875679,0.0016847612535232576,0.3080539267826574,0.33079930597378476
hypothetical_sensitivity_only,hypothetical_grid_not_measured,1.0,1.5,1.34,0.005,0.005,mid_fov,near_disparity,429,2.7667169750694596,2.7692389247822002,0.0019083381683212394,0.3134278172145615,0.33448252501199127
hypothetical_sensitivity_only,hypothetical_grid_not_measured,1.0,1.5,1.34,0.005,0.005,near_edge,far_disparity,339,3.136355479710967,3.2536490460707927,0.0016233859482696511,0.34304192635093766,0.40040019633750507
hypothetical_sensitivity_only,hypothetical_grid_not_measured,1.0,1.5,1.34,0.005,0.005,near_edge,mid_disparity,353,2.8983232698980563,2.897704206806446,0.0011497486150036887,0.32770306781407577,0.35210633543244657
hypothetical_sensitivity_only,hypothetical_grid_not_measured,1.0,1.5,1.34,0.005,0.005,near_edge,near_disparity,268,2.7919454217457904,2.791903205844152,0.003728872724860742,0.3310208475571961,0.4486616476633456
hypothetical_sensitivity_only,hypothetical_grid_not_measured,1.0,1.5,1.34,0.005,0.008,central,far_disparity,39,3.0329100195846577,3.072612560784064,0.002258588178599817,0.2950785353490921,0.2989594043265006
hypothetical_sensitivity_only,hypothetical_grid_not_measured,1.0,1.5,1.34,0.005,0.008,central,mid_disparity,104,2.8665952870470948,2.866698156465642,0.0016841496582230692,0.2957414221567769,0.300436153091852
hypothetical_sensitivity_only,hypothetical_grid_not_measured,1.0,1.5,1.34,0.005,0.008,central,near_disparity,96,2.7530858060767383,2.7614326193784096,0.0017168796979662644,0.29887521769309033,0.3048140541377612
hypothetical_sensitivity_only,hypothetical_grid_not_measured,1.0,1.5,1.34,0.005,0.008,mid_fov,far_disparity,415,3.0548559249587894,3.1349281268648137,0.0014766869922317213,0.30826398437281655,0.32986202630166683
hypothetical_sensitivity_only,hypothetical_grid_not_measured,1.0,1.5,1.34,0.005,0.008,mid_fov,mid_disparity,335,2.8762062278926814,2.875896930938587,0.0016848306649247496,0.3081852004089547,0.33093594495629786
hypothetical_sensitivity_only,hypothetical_grid_not_measured,1.0,1.5,1.34,0.005,0.008,mid_fov,near_disparity,429,2.7670051148777666,2.769528493208762,0.0019083787224228146,0.3135657425370717,0.3346297634788923
hypothetical_sensitivity_only,hypothetical_grid_not_measured,1.0,1.5,1.34,0.005,0.008,near_edge,far_disparity,339,3.136671252659035,3.2539516526463976,0.0016235911120906792,0.3431785639734968,0.40053538713382164
hypothetical_sensitivity_only,hypothetical_grid_not_measured,1.0,1.5,1.34,0.005,0.008,near_edge,mid_disparity,353,2.8986151198486745,2.898000977911222,0.0011502864432011433,0.32783876494176245,0.3522471159761736
hypothetical_sensitivity_only,hypothetical_grid_not_measured,1.0,1.5,1.34,0.005,0.008,near_edge,near_disparity,268,2.7922721429559134,2.792204487726088,0.003728996463221658,0.3311610942433889,0.44884040512157436
hypothetical_sensitivity_only,hypothetical_grid_not_measured,1.0,1.5,1.34,0.005,0.01,central,far_disparity,39,3.033093163335805,3.0727960616537096,0.002258585868907884,0.2951567790103782,0.29904152713560933
hypothetical_sensitivity_only,hypothetical_grid_not_measured,1.0,1.5,1.34,0.005,0.01,central,mid_disparity,104,2.8667818654563035,2.866883520720926,0.0016841574897786585,0.2958255155135302,0.3005219433867269
hypothetical_sensitivity_only,hypothetical_grid_not_measured,1.0,1.5,1.34,0.005,0.01,central,near_disparity,96,2.7532742907936876,2.761619489906271,0.0017168547674490486,0.2989640232893195,0.304905285431721
hypothetical_sensitivity_only,hypothetical_grid_not_measured,1.0,1.5,1.34,0.005,0.01,mid_fov,far_disparity,415,3.0550491599641223,3.1351181034863,0.0014766983418929185,0.30834644153465485,0.32995171273000035
hypothetical_sensitivity_only,hypothetical_grid_not_measured,1.0,1.5,1.34,0.005,0.01,mid_fov,mid_disparity,335,2.87639760792283,2.876088535647193,0.0016848769391924687,0.3082727161598202,0.3310270376113065
hypothetical_sensitivity_only,hypothetical_grid_not_measured,1.0,1.5,1.34,0.005,0.01,mid_fov,near_disparity,429,2.7671972080833047,2.7697215388264707,0.0019084057584905282,0.3136576927520778,0.33472792245682687
hypothetical_sensitivity_only,hypothetical_grid_not_measured,1.0,1.5,1.34,0.005,0.01,near_edge,far_disparity,339,3.136881767957748,3.254153390363467,0.0016237278879714437,0.3432696557218704,0.40062551433136606
hypothetical_sensitivity_only,hypothetical_grid_not_measured,1.0,1.5,1.34,0.005,0.01,near_edge,mid_disparity,353,2.8988096864824207,2.898198825314406,0.0011506449953327263,0.3279292296935534,0.3523409696719922
hypothetical_sensitivity_only,hypothetical_grid_not_measured,1.0,1.5,1.34,0.005,0.01,near_edge,near_disparity,268,2.7924899570959947,2.7924053423140447,0.0037290789554621246,0.3312545920341843,0.4489595767603932
hypothetical_sensitivity_only,hypothetical_grid_not_measured,1.0,1.5,1.34,0.01,0.003,central,far_disparity,39,3.0309871385693583,3.070682172109672,0.002258616697962777,0.29425748202553237,0.29808972868065176
hypothetical_sensitivity_only,hypothetical_grid_not_measured,1.0,1.5,1.34,0.01,0.003,central,mid_disparity,104,2.8646262944928322,2.864750138890579,0.0016840587530757485,0.2948583342821135,0.29952716365999404
hypothetical_sensitivity_only,hypothetical_grid_not_measured,1.0,1.5,1.34,0.01,0.003,central,near_disparity,96,2.7510928150975102,2.759465564883208,0.0017172095198394644,0.2979447533002708,0.3038443019141682
hypothetical_sensitivity_only,hypothetical_grid_not_measured,1.0,1.5,1.34,0.01,0.003,mid_fov,far_disparity,415,3.0527574809866405,3.132880759755296,0.001476261209558172,0.3073777806687672,0.32887370926676457
hypothetical_sensitivity_only,hypothetical_grid_not_measured,1.0,1.5,1.34,0.01,0.003,mid_fov,mid_disparity,335,2.874152788088118,2.8738392816785874,0.0016841591742101515,0.30725029083332056,0.32993159857928156
hypothetical_sensitivity_only,hypothetical_grid_not_measured,1.0,1.5,1.34,0.01,0.003,mid_fov,near_disparity,429,2.7648589885563153,2.7674528087614267,0.0019076430338469128,0.3125922944804338,0.3335467179667009
hypothetical_sensitivity_only,hypothetical_grid_not_measured,1.0,1.5,1.34,0.01,0.003,near_edge,far_disparity,339,3.134235286988839,3.251669182889965,0.001621039731523961,0.34215829453318425,0.3994547354902913
hypothetical_sensitivity_only,hypothetical_grid_not_measured,1.0,1.5,1.34,0.01,0.003,near_edge,mid_disparity,353,2.8965008021757215,2.895825809052657,0.0011439887081257465,0.32684644366105164,0.3511853718355278
hypothetical_sensitivity_only,hypothetical_grid_not_measured,1.0,1.5,1.34,0.01,0.003,near_edge,near_disparity,268,2.789912346739982,2.7899684716225988,0.0037271008331330622,0.3301556741421149,0.4474160740036532
hypothetical_sensitivity_only,hypothetical_grid_not_measured,1.0,1.5,1.34,0.01,0.005,central,far_disparity,39,3.031170282320505,3.0708656729793185,0.002258614388270846,0.2943357256868182,0.29817185148976044
hypothetical_sensitivity_only,hypothetical_grid_not_measured,1.0,1.5,1.34,0.01,0.005,central,mid_disparity,104,2.86481287290204,2.864935503145863,0.001684066584631333,0.2949424276388666,0.2996129539548694
hypothetical_sensitivity_only,hypothetical_grid_not_measured,1.0,1.5,1.34,0.01,0.005,central,near_disparity,96,2.75128129981446,2.7596524354110694,0.0017171845893222434,0.2980332561253206,0.30393553320812755
hypothetical_sensitivity_only,hypothetical_grid_not_measured,1.0,1.5,1.34,0.01,0.005,mid_fov,far_disparity,415,3.0529507159919724,3.1330707363767822,0.0014762725592193555,0.3074602378306055,0.3289633956950976
hypothetical_sensitivity_only,hypothetical_grid_not_measured,1.0,1.5,1.34,0.01,0.005,mid_fov,mid_disparity,335,2.8743441681182658,2.8740308863871924,0.001684205448477835,0.30733780658418564,0.3300226912342903
hypothetical_sensitivity_only,hypothetical_grid_not_measured,1.0,1.5,1.34,0.01,0.005,mid_fov,near_disparity,429,2.7650596720071476,2.7676458543791345,0.0019076700699146244,0.3126783211134434,0.3336448769446355
hypothetical_sensitivity_only,hypothetical_grid_not_measured,1.0,1.5,1.34,0.01,0.005,near_edge,far_disparity,339,3.134445802287549,3.251870920607035,0.001621176507404615,0.342249386281557,0.3995448626878362
hypothetical_sensitivity_only,hypothetical_grid_not_measured,1.0,1.5,1.34,0.01,0.005,near_edge,mid_disparity,353,2.8966953688094677,2.8960236564558413,0.0011443472602573842,0.32693690841284306,0.3512792255313458
hypothetical_sensitivity_only,hypothetical_grid_not_measured,1.0,1.5,1.34,0.01,0.005,near_edge,near_disparity,268,2.7901084535047747,2.790169326210556,0.0037271833253736657,0.3302451921963486,0.4475352456424725
hypothetical_sensitivity_only,hypothetical_grid_not_measured,1.0,1.5,1.34,0.01,0.008,central,far_disparity,39,3.031444997947224,3.071140924283786,0.002258610923732948,0.2944530911787475,0.29829503570342386
hypothetical_sensitivity_only,hypothetical_grid_not_measured,1.0,1.5,1.34,0.01,0.008,central,mid_disparity,104,2.8650927405158524,2.8652135495287885,0.0016840783319647084,0.2950685676739966,0.29974163939718207
hypothetical_sensitivity_only,hypothetical_grid_not_measured,1.0,1.5,1.34,0.01,0.008,central,near_disparity,96,2.7515640268898833,2.7599327412028614,0.0017171471935464066,0.29816601036289503,0.30407238014906673
hypothetical_sensitivity_only,hypothetical_grid_not_measured,1.0,1.5,1.34,0.01,0.008,mid_fov,far_disparity,415,3.053240568499973,3.133355701309011,0.0014762895837110933,0.30758392357336306,0.32909792533759763
hypothetical_sensitivity_only,hypothetical_grid_not_measured,1.0,1.5,1.34,0.01,0.008,mid_fov,mid_disparity,335,2.874631238163488,2.8743182934501004,0.0016842748598792558,0.3074690802104829,0.33015933021680344
hypothetical_sensitivity_only,hypothetical_grid_not_measured,1.0,1.5,1.34,0.01,0.008,mid_fov,near_disparity,429,2.7653606971833957,2.767935422805697,0.001907710624016202,0.3128073610629567,0.33379211541153675
hypothetical_sensitivity_only,hypothetical_grid_not_measured,1.0,1.5,1.34,0.01,0.008,near_edge,far_disparity,339,3.1347615752356184,3.252173527182639,0.0016213816712254401,0.3423860239041161,0.39968005348415253
hypothetical_sensitivity_only,hypothetical_grid_not_measured,1.0,1.5,1.34,0.01,0.008,near_edge,mid_disparity,353,2.8969872187600854,2.8963204275606174,0.001144885088454715,0.3270726055405293,0.35142000607507284
hypothetical_sensitivity_only,hypothetical_grid_not_measured,1.0,1.5,1.34,0.01,0.008,near_edge,near_disparity,268,2.790402613651963,2.790470608092491,0.0037273070637345437,0.33037946927769857,0.44771400310070025
hypothetical_sensitivity_only,hypothetical_grid_not_measured,1.0,1.5,1.34,0.01,0.01,central,far_disparity,39,3.031628141698371,3.071324425153432,0.002258608614041016,0.29453133484003313,0.2983771585125326
hypothetical_sensitivity_only,hypothetical_grid_not_measured,1.0,1.5,1.34,0.01,0.01,central,mid_disparity,104,2.865279318925061,2.865398913784072,0.0016840861635202993,0.2951526610307501,0.2998274296920574
hypothetical_sensitivity_only,hypothetical_grid_not_measured,1.0,1.5,1.34,0.01,0.01,central,near_disparity,96,2.7517525116068327,2.7601196117307225,0.001717122263029191,0.29825451318794494,0.3041636114430263
hypothetical_sensitivity_only,hypothetical_grid_not_measured,1.0,1.5,1.34,0.01,0.01,mid_fov,far_disparity,415,3.053433803505307,3.1335456779304978,0.001476300933372262,0.3076663807352018,0.32918761176593075
hypothetical_sensitivity_only,hypothetical_grid_not_measured,1.0,1.5,1.34,0.01,0.01,mid_fov,mid_disparity,335,2.8748226181936367,2.8745098981587054,0.0016843211341468843,0.30755659596134843,0.3302504228718118
hypothetical_sensitivity_only,hypothetical_grid_not_measured,1.0,1.5,1.34,0.01,0.01,mid_fov,near_disparity,429,2.765561380634227,2.7681284684234053,0.0019077376600839153,0.3128983684109725,0.3338902743894713
hypothetical_sensitivity_only,hypothetical_grid_not_measured,1.0,1.5,1.34,0.01,0.01,near_edge,far_disparity,339,3.1349720905343306,3.2523752648997095,0.0016215184471061205,0.34247711565248906,0.3997701806816972
hypothetical_sensitivity_only,hypothetical_grid_not_measured,1.0,1.5,1.34,0.01,0.01,near_edge,mid_disparity,353,2.8971817853938315,2.8965182749638014,0.001145243640586367,0.32716307029232095,0.3515138597708907
hypothetical_sensitivity_only,hypothetical_grid_not_measured,1.0,1.5,1.34,0.01,0.01,near_edge,near_disparity,268,2.790598720416755,2.790671462680448,0.0037273895559751385,0.33046898733193153,0.44783317473952017
hypothetical_sensitivity_only,hypothetical_grid_not_measured,1.0,1.5,1.34,0.02,0.003,central,far_disparity,39,3.028057095294489,3.0677388991091172,0.002258662188229035,0.29300659368484383,0.2967609914344985
hypothetical_sensitivity_only,hypothetical_grid_not_measured,1.0,1.5,1.34,0.02,0.003,central,mid_disparity,104,2.8616212014303466,2.861780925016871,0.0016839161005590402,0.2935126253165531,0.2981381362706555
hypothetical_sensitivity_only,hypothetical_grid_not_measured,1.0,1.5,1.34,0.02,0.003,central,near_disparity,96,2.7480492567238004,2.7564658085321123,0.0017177445109997623,0.29652633863988054,0.30236095393677953
hypothetical_sensitivity_only,hypothetical_grid_not_measured,1.0,1.5,1.34,0.02,0.003,mid_fov,far_disparity,415,3.0495267680690072,3.1297359086436916,0.0014754663925169024,0.3060176590698609,0.3273455073386258
hypothetical_sensitivity_only,hypothetical_grid_not_measured,1.0,1.5,1.34,0.02,0.003,mid_fov,mid_disparity,335,2.870995811407732,2.8706820067016134,0.0016830475641191923,0.3058180504363768,0.3283783691002933
hypothetical_sensitivity_only,hypothetical_grid_not_measured,1.0,1.5,1.34,0.02,0.003,mid_fov,near_disparity,429,2.761794220543148,2.764266667955295,0.0019063068370337298,0.3111179718253967,0.33187142183198903
hypothetical_sensitivity_only,hypothetical_grid_not_measured,1.0,1.5,1.34,0.02,0.003,near_edge,far_disparity,339,3.1304159321420046,3.2481129319624498,0.0016161808604945548,0.3405732143944231,0.3977440681909534
hypothetical_sensitivity_only,hypothetical_grid_not_measured,1.0,1.5,1.34,0.02,0.003,near_edge,mid_disparity,353,2.893244999998545,2.892464708351448,0.001145608363148995,0.32531422343581085,0.3495311520333252
hypothetical_sensitivity_only,hypothetical_grid_not_measured,1.0,1.5,1.34,0.02,0.003,near_edge,near_disparity,268,2.786621501779212,2.7865007123554055,0.003723411893444993,0.328661394817204,0.44516326996190575
hypothetical_sensitivity_only,hypothetical_grid_not_measured,1.0,1.5,1.34,0.02,0.005,central,far_disparity,39,3.028240239045635,3.0679223999787624,0.002258659878537106,0.29308483734612945,0.2968431142436075
hypothetical_sensitivity_only,hypothetical_grid_not_measured,1.0,1.5,1.34,0.02,0.005,central,mid_disparity,104,2.8618077798395554,2.8619662892721545,0.0016839239321146263,0.2935967186733063,0.2982239265655306
hypothetical_sensitivity_only,hypothetical_grid_not_measured,1.0,1.5,1.34,0.02,0.005,central,near_disparity,96,2.748237741440749,2.7566526790599735,0.0017177195804825409,0.29661484146493033,0.3024521852307391
hypothetical_sensitivity_only,hypothetical_grid_not_measured,1.0,1.5,1.34,0.02,0.005,mid_fov,far_disparity,415,3.0497200030743397,3.129925885265177,0.00147547774217807,0.3061001162316992,0.3274351937669591
hypothetical_sensitivity_only,hypothetical_grid_not_measured,1.0,1.5,1.34,0.02,0.005,mid_fov,mid_disparity,335,2.8711894574727164,2.870873611410219,0.0016830938383868915,0.3059055661872423,0.32846946175530173
hypothetical_sensitivity_only,hypothetical_grid_not_measured,1.0,1.5,1.34,0.02,0.005,mid_fov,near_disparity,429,2.761982651014772,2.7644597135730034,0.0019063338731014122,0.3112105868370938,0.33196958080992367
hypothetical_sensitivity_only,hypothetical_grid_not_measured,1.0,1.5,1.34,0.02,0.005,near_edge,far_disparity,339,3.130626447440716,3.2483146696795195,0.001616383696489853,0.34066430614279586,0.3978341953884975
hypothetical_sensitivity_only,hypothetical_grid_not_measured,1.0,1.5,1.34,0.02,0.005,near_edge,mid_disparity,353,2.8934395666322894,2.8926625557546317,0.0011461111949668892,0.32540458961037677,0.3496250057291431
hypothetical_sensitivity_only,hypothetical_grid_not_measured,1.0,1.5,1.34,0.02,0.005,near_edge,near_disparity,268,2.786817608544004,2.786701566943363,0.0037235727662405333,0.3287509128714373,0.44528244160072505
hypothetical_sensitivity_only,hypothetical_grid_not_measured,1.0,1.5,1.34,0.02,0.008,central,far_disparity,39,3.0285149546723553,3.0681976512832305,0.0022586564139992055,0.29320220283805853,0.2969662984572707
hypothetical_sensitivity_only,hypothetical_grid_not_measured,1.0,1.5,1.34,0.02,0.008,central,mid_disparity,104,2.8620876474533676,2.86224433565508,0.0016839356794480088,0.2937228587084365,0.29835261200784313
hypothetical_sensitivity_only,hypothetical_grid_not_measured,1.0,1.5,1.34,0.02,0.008,central,near_disparity,96,2.748520468516173,2.7569329848517654,0.0017176821847067095,0.296747595702505,0.30258903217167843
hypothetical_sensitivity_only,hypothetical_grid_not_measured,1.0,1.5,1.34,0.02,0.008,mid_fov,far_disparity,415,3.0500098555823403,3.1302108501974057,0.0014754947666698376,0.30622380197445676,0.327569723409459
hypothetical_sensitivity_only,hypothetical_grid_not_measured,1.0,1.5,1.34,0.02,0.008,mid_fov,mid_disparity,335,2.871479926570194,2.8711610184731264,0.0016831632497883123,0.30603683981353935,0.3286061007378149
hypothetical_sensitivity_only,hypothetical_grid_not_measured,1.0,1.5,1.34,0.02,0.008,mid_fov,near_disparity,429,2.7622652967222088,2.764749281999566,0.001906374427202974,0.31134950935463923,0.33211681927682524
hypothetical_sensitivity_only,hypothetical_grid_not_measured,1.0,1.5,1.34,0.02,0.008,near_edge,far_disparity,339,3.1309422203887847,3.248617276255124,0.001616687950482604,0.34080094376535497,0.39796938618481453
hypothetical_sensitivity_only,hypothetical_grid_not_measured,1.0,1.5,1.34,0.02,0.008,near_edge,mid_disparity,353,2.893731416582909,2.8929593268594074,0.00114686544269417,0.3255402867380641,0.34976578627287014
hypothetical_sensitivity_only,hypothetical_grid_not_measured,1.0,1.5,1.34,0.02,0.008,near_edge,near_disparity,268,2.787111768691192,2.7870028488252983,0.0037238140754336357,0.32888518995278715,0.44546119905895315
hypothetical_sensitivity_only,hypothetical_grid_not_measured,1.0,1.5,1.34,0.02,0.01,central,far_disparity,39,3.0286980984235026,3.0683811521528765,0.0022586541043072743,0.2932804464993446,0.29704842126638004
hypothetical_sensitivity_only,hypothetical_grid_not_measured,1.0,1.5,1.34,0.02,0.01,central,mid_disparity,104,2.862274225862576,2.862429699910364,0.0016839435110035895,0.2938069520651898,0.2984384023027185
hypothetical_sensitivity_only,hypothetical_grid_not_measured,1.0,1.5,1.34,0.02,0.01,central,near_disparity,96,2.7487089532331224,2.7571198553796266,0.0017176572541894885,0.29683609852755477,0.3026802634656379
hypothetical_sensitivity_only,hypothetical_grid_not_measured,1.0,1.5,1.34,0.02,0.01,mid_fov,far_disparity,415,3.0502030905876745,3.1304008268188923,0.0014755061163309769,0.30630625913629483,0.3276594098377918
hypothetical_sensitivity_only,hypothetical_grid_not_measured,1.0,1.5,1.34,0.02,0.01,mid_fov,mid_disparity,335,2.871672638735249,2.871352623181732,0.001683209524056039,0.30612435556440487,0.3286971933928231
hypothetical_sensitivity_only,hypothetical_grid_not_measured,1.0,1.5,1.34,0.02,0.01,mid_fov,near_disparity,429,2.7624537271938348,2.7649423276172738,0.0019064014632707027,0.3114421243663361,0.3322149782547593
hypothetical_sensitivity_only,hypothetical_grid_not_measured,1.0,1.5,1.34,0.02,0.01,near_edge,far_disparity,339,3.131152735687495,3.2488190139721937,0.0016168907864777934,0.3408920355137277,0.3980595133823589
hypothetical_sensitivity_only,hypothetical_grid_not_measured,1.0,1.5,1.34,0.02,0.01,near_edge,mid_disparity,353,2.8939259832166537,2.893157174262592,0.0011473682745122295,0.32563075148985443,0.3498596399686885
hypothetical_sensitivity_only,hypothetical_grid_not_measured,1.0,1.5,1.34,0.02,0.01,near_edge,near_disparity,268,2.787307875455984,2.787203703413255,0.0037239749482290752,0.32897470800702056,0.4455803706977723
hypothetical_sensitivity_only,hypothetical_grid_not_measured,1.0,1.5,1.34,0.03,0.003,central,far_disparity,39,3.0251270520196205,3.064795626108562,0.0022587076784953016,0.2917557053441544,0.29543225418834557
hypothetical_sensitivity_only,hypothetical_grid_not_measured,1.0,1.5,1.34,0.03,0.003,central,mid_disparity,104,2.858616108367862,2.8588117111431623,0.0016837734480423328,0.2921669163509928,0.2967491088813161
hypothetical_sensitivity_only,hypothetical_grid_not_measured,1.0,1.5,1.34,0.03,0.003,central,near_disparity,96,2.7450056983500897,2.753466052181016,0.0017182795021600588,0.2950988154837646,0.3008776059593911
hypothetical_sensitivity_only,hypothetical_grid_not_measured,1.0,1.5,1.34,0.03,0.003,mid_fov,far_disparity,415,3.046296055151374,3.126591057532086,0.001474671575475645,0.30465753747095414,0.32581730541048737
hypothetical_sensitivity_only,hypothetical_grid_not_measured,1.0,1.5,1.34,0.03,0.003,mid_fov,mid_disparity,335,2.86778057972212,2.8675247317246395,0.0016819359540282762,0.3043858100394332,0.3268251396213042
hypothetical_sensitivity_only,hypothetical_grid_not_measured,1.0,1.5,1.34,0.03,0.003,mid_fov,near_disparity,429,2.7586167616085238,2.7610805271491645,0.0019049706402204873,0.30958821246825985,0.3301961256972775
hypothetical_sensitivity_only,hypothetical_grid_not_measured,1.0,1.5,1.34,0.03,0.003,near_edge,far_disparity,339,3.1265965772951696,3.2445566810349344,0.0016096340787227948,0.33898813425566154,0.3960334008916152
hypothetical_sensitivity_only,hypothetical_grid_not_measured,1.0,1.5,1.34,0.03,0.003,near_edge,mid_disparity,353,2.8899891978213663,2.8891036076502385,0.0011425347570041852,0.3237877650626466,0.34787693223112276
hypothetical_sensitivity_only,hypothetical_grid_not_measured,1.0,1.5,1.34,0.03,0.003,near_edge,near_disparity,268,2.783330656818441,2.7830329530882127,0.0037173181277765097,0.32716711549229305,0.44291046592015876
hypothetical_sensitivity_only,hypothetical_grid_not_measured,1.0,1.5,1.34,0.03,0.005,central,far_disparity,39,3.0253101957707678,3.0649791269782076,0.0022587053688033604,0.29183394900544046,0.2955143769974543
hypothetical_sensitivity_only,hypothetical_grid_not_measured,1.0,1.5,1.34,0.03,0.005,central,mid_disparity,104,2.8588026867770706,2.8589970753984466,0.0016837812795979191,0.2922510097077463,0.2968348991761915
hypothetical_sensitivity_only,hypothetical_grid_not_measured,1.0,1.5,1.34,0.03,0.005,central,near_disparity,96,2.745194183067039,2.753652922708877,0.001718254571642837,0.2951884496955206,0.30096883725335055
hypothetical_sensitivity_only,hypothetical_grid_not_measured,1.0,1.5,1.34,0.03,0.005,mid_fov,far_disparity,415,3.046489290156707,3.1267810341535713,0.0014746829251368286,0.30473999463279267,0.3259069918388205
hypothetical_sensitivity_only,hypothetical_grid_not_measured,1.0,1.5,1.34,0.03,0.005,mid_fov,mid_disparity,335,2.867974225787105,2.8677163364332454,0.0016819822282959323,0.3044733257902983,0.32691623227631306
hypothetical_sensitivity_only,hypothetical_grid_not_measured,1.0,1.5,1.34,0.03,0.005,mid_fov,near_disparity,429,2.758816979780685,2.761273572766873,0.0019049976762882002,0.30968082747995673,0.33029428467521166
hypothetical_sensitivity_only,hypothetical_grid_not_measured,1.0,1.5,1.34,0.03,0.005,near_edge,far_disparity,339,3.1268070925938813,3.2447584187520038,0.0016098369147179842,0.3390792260040343,0.39612352808916007
hypothetical_sensitivity_only,hypothetical_grid_not_measured,1.0,1.5,1.34,0.03,0.005,near_edge,mid_disparity,353,2.890183764455113,2.8893014550534226,0.001142778292211342,0.3238779416319455,0.3479707859269407
hypothetical_sensitivity_only,hypothetical_grid_not_measured,1.0,1.5,1.34,0.03,0.005,near_edge,near_disparity,268,2.7835267635832333,2.78323380767617,0.0037174790005719167,0.3272566335465267,0.4430296375589779
hypothetical_sensitivity_only,hypothetical_grid_not_measured,1.0,1.5,1.34,0.03,0.008,central,far_disparity,39,3.0255849113974866,3.0652543782826753,0.002258701904265466,0.29195131449736955,0.2956375612111179
hypothetical_sensitivity_only,hypothetical_grid_not_measured,1.0,1.5,1.34,0.03,0.008,central,mid_disparity,104,2.8590825543908824,2.859275121781372,0.0016837930269312967,0.2923771497428762,0.29696358461850414
hypothetical_sensitivity_only,hypothetical_grid_not_measured,1.0,1.5,1.34,0.03,0.008,central,near_disparity,96,2.7454769101424623,2.7539332285006695,0.001718217175867013,0.29532290101315484,0.3011056841942897
hypothetical_sensitivity_only,hypothetical_grid_not_measured,1.0,1.5,1.34,0.03,0.008,mid_fov,far_disparity,415,3.046779142664708,3.1270659990858003,0.0014746999496285387,0.30486368037555023,0.3260415214813202
hypothetical_sensitivity_only,hypothetical_grid_not_measured,1.0,1.5,1.34,0.03,0.008,mid_fov,mid_disparity,335,2.8682646948845814,2.8680037434961525,0.001682051639697381,0.304604599416596,0.327052871258826
hypothetical_sensitivity_only,hypothetical_grid_not_measured,1.0,1.5,1.34,0.03,0.008,mid_fov,near_disparity,429,2.7591173070389257,2.761563141193435,0.0019050382303897485,0.3098197499975015,0.3304415231421135
hypothetical_sensitivity_only,hypothetical_grid_not_measured,1.0,1.5,1.34,0.03,0.008,near_edge,far_disparity,339,3.1271228655419496,3.2450610253276078,0.001610141168710623,0.3392158636265936,0.39625871888547665
hypothetical_sensitivity_only,hypothetical_grid_not_measured,1.0,1.5,1.34,0.03,0.008,near_edge,mid_disparity,353,2.890475614405731,2.8895982261581983,0.0011431435950220073,0.3240132064858938,0.34811156647066804
hypothetical_sensitivity_only,hypothetical_grid_not_measured,1.0,1.5,1.34,0.03,0.008,near_edge,near_disparity,268,2.7838209237304206,2.7835350895581055,0.003717720309765231,0.3273909106278765,0.44320839501720594
hypothetical_sensitivity_only,hypothetical_grid_not_measured,1.0,1.5,1.34,0.03,0.01,central,far_disparity,39,3.0257680551486335,3.065437879152321,0.0022586995945735283,0.2920295581586554,0.2957196840202264
hypothetical_sensitivity_only,hypothetical_grid_not_measured,1.0,1.5,1.34,0.03,0.01,central,mid_disparity,104,2.859269132800091,2.8594604860366553,0.0016838008584868845,0.2924612430996295,0.2970493749133798
hypothetical_sensitivity_only,hypothetical_grid_not_measured,1.0,1.5,1.34,0.03,0.01,central,near_disparity,96,2.7456653948594116,2.7541200990285315,0.0017181922453497855,0.29541253522491084,0.3011969154882493
hypothetical_sensitivity_only,hypothetical_grid_not_measured,1.0,1.5,1.34,0.03,0.01,mid_fov,far_disparity,415,3.0469723776700404,3.127255975707287,0.0014747112992897066,0.30494613753738853,0.3261312079096534
hypothetical_sensitivity_only,hypothetical_grid_not_measured,1.0,1.5,1.34,0.03,0.01,mid_fov,mid_disparity,335,2.8684583409495668,2.8681953482047584,0.0016820979139650803,0.3046921151674611,0.3271439639138346
hypothetical_sensitivity_only,hypothetical_grid_not_measured,1.0,1.5,1.34,0.03,0.01,mid_fov,near_disparity,429,2.7593159541315586,2.761756186811143,0.001905065266457474,0.3099123650091986,0.33053968212004786
hypothetical_sensitivity_only,hypothetical_grid_not_measured,1.0,1.5,1.34,0.03,0.01,near_edge,far_disparity,339,3.1273333808406614,3.2452627630446775,0.001610344004706106,0.3393069553749666,0.39634884608302073
hypothetical_sensitivity_only,hypothetical_grid_not_measured,1.0,1.5,1.34,0.03,0.01,near_edge,mid_disparity,353,2.890670181039477,2.889796073561383,0.0011433871302294549,0.3241033830551927,0.348205420166486
hypothetical_sensitivity_only,hypothetical_grid_not_measured,1.0,1.5,1.34,0.03,0.01,near_edge,near_disparity,268,2.7840170304952134,2.783735944146062,0.003717881182560682,0.3274804286821098,0.44332756665602474
hypothetical_sensitivity_only,hypothetical_grid_not_measured,1.0,1.52,1.34,0.005,0.003,central,far_disparity,39,3.0324824068372394,3.0721840967367546,0.0022585935915159848,0.29489585043939814,0.2987676254101909
hypothetical_sensitivity_only,hypothetical_grid_not_measured,1.0,1.52,1.34,0.005,0.003,central,mid_disparity,104,2.86615960811226,2.866265350757823,0.0016841313318243702,0.29554507621096704,0.3002358074026153
hypothetical_sensitivity_only,hypothetical_grid_not_measured,1.0,1.52,1.34,0.005,0.003,central,near_disparity,96,2.752645657565009,2.7609962817048337,0.0017169382259735902,0.2986685712655843,0.3046009877526571
hypothetical_sensitivity_only,hypothetical_grid_not_measured,1.0,1.52,1.34,0.005,0.003,mid_fov,far_disparity,415,3.0544044347929504,3.1344843213497753,0.0014766590832423654,0.3080713657405798,0.3296524133198998
hypothetical_sensitivity_only,hypothetical_grid_not_measured,1.0,1.52,1.34,0.005,0.003,mid_fov,mid_disparity,335,2.875759183844994,2.875449354568611,0.0016847217560588433,0.30798079114192434,0.330723042811742
hypothetical_sensitivity_only,hypothetical_grid_not_measured,1.0,1.52,1.34,0.005,0.003,mid_fov,near_disparity,429,2.7665564235270446,2.769077539204874,0.0019083135284195935,0.31335094414240694,0.3344003415292811
hypothetical_sensitivity_only,hypothetical_grid_not_measured,1.0,1.52,1.34,0.005,0.003,near_edge,far_disparity,339,3.136178773723643,3.253479928372361,0.0016232667721556625,0.3429656022836052,0.40032439815300935
hypothetical_sensitivity_only,hypothetical_grid_not_measured,1.0,1.52,1.34,0.005,0.003,near_edge,mid_disparity,353,2.8981605171538307,2.8975386034780786,0.0011494382452545177,0.32762735593345815,0.35202765497427607
hypothetical_sensitivity_only,hypothetical_grid_not_measured,1.0,1.52,1.34,0.005,0.003,near_edge,near_disparity,268,2.7917623837923773,2.7917349833821485,0.003728799350526857,0.3309426153586549,0.4485614528105047
hypothetical_sensitivity_only,hypothetical_grid_not_measured,1.0,1.52,1.34,0.005,0.005,central,far_disparity,39,3.0326857150086823,3.072387789690939,0.002258591040948276,0.29498271026303646,0.298858766956947
hypothetical_sensitivity_only,hypothetical_grid_not_measured,1.0,1.52,1.34,0.005,0.005,central,mid_disparity,104,2.866366697913591,2.8664711183000318,0.001684139998373468,0.2956384278651002,0.3003310177294561
hypothetical_sensitivity_only,hypothetical_grid_not_measured,1.0,1.52,1.34,0.005,0.005,central,near_disparity,96,2.75285485113572,2.7612037113300807,0.0017169107632658762,0.2987668145140462,0.30470222694647964
hypothetical_sensitivity_only,hypothetical_grid_not_measured,1.0,1.52,1.34,0.005,0.005,mid_fov,far_disparity,415,3.0546187346966134,3.1346950553303787,0.0014766707430125363,0.30816283908398634,0.3297518351409433
hypothetical_sensitivity_only,hypothetical_grid_not_measured,1.0,1.52,1.34,0.005,0.005,mid_fov,mid_disparity,335,2.87597150122693,2.8756619162115746,0.0016847725481952888,0.3080778936328752,0.33082402179539544
hypothetical_sensitivity_only,hypothetical_grid_not_measured,1.0,1.52,1.34,0.005,0.005,mid_fov,near_disparity,429,2.766769544507997,2.76929169151617,0.0019083421619313463,0.3134529457859814,0.3345091508373651
hypothetical_sensitivity_only,hypothetical_grid_not_measured,1.0,1.52,1.34,0.005,0.005,near_edge,far_disparity,339,3.13641182856328,3.253703412768523,0.0016234152812140664,0.3430665391526708,0.40042407802591906
hypothetical_sensitivity_only,hypothetical_grid_not_measured,1.0,1.52,1.34,0.005,0.005,near_edge,mid_disparity,353,2.8983762930472503,2.89775794693114,0.001149828918974478,0.3277276559326987,0.35213162416185523
hypothetical_sensitivity_only,hypothetical_grid_not_measured,1.0,1.52,1.34,0.005,0.005,near_edge,near_disparity,268,2.792003382056909,2.7919575927207405,0.003728887921372032,0.33104629021095267,0.44869327563996947
hypothetical_sensitivity_only,hypothetical_grid_not_measured,1.0,1.52,1.34,0.005,0.008,central,far_disparity,39,3.0329906772658486,3.072693329122213,0.002258587215096717,0.2951129999984936,0.2989954792770805
hypothetical_sensitivity_only,hypothetical_grid_not_measured,1.0,1.52,1.34,0.005,0.008,central,mid_disparity,104,2.8666773326155885,2.8667797696133452,0.0016841529981971239,0.29577845534630054,0.3004738332197175
hypothetical_sensitivity_only,hypothetical_grid_not_measured,1.0,1.52,1.34,0.005,0.008,central,near_disparity,96,2.7531686414917864,2.761514855767951,0.0017168695692043245,0.2989141793867395,0.3048540857372136
hypothetical_sensitivity_only,hypothetical_grid_not_measured,1.0,1.52,1.34,0.005,0.008,mid_fov,far_disparity,415,3.054940184552109,3.135011156301285,0.0014766882326678406,0.3083000490990959,0.32990096787250867
hypothetical_sensitivity_only,hypothetical_grid_not_measured,1.0,1.52,1.34,0.005,0.008,mid_fov,mid_disparity,335,2.8762899772998356,2.8759807586760204,0.0016848487363999637,0.3082235473693007,0.330975490270876
hypothetical_sensitivity_only,hypothetical_grid_not_measured,1.0,1.52,1.34,0.005,0.008,mid_fov,near_disparity,429,2.767089225979427,2.769612919983113,0.0019083851121989772,0.3136059482513429,0.3346723647994911
hypothetical_sensitivity_only,hypothetical_grid_not_measured,1.0,1.52,1.34,0.005,0.008,near_edge,far_disparity,339,3.1367614108227357,3.2540386393627663,0.0016236380448014735,0.34321794445626974,0.40057359783528473
hypothetical_sensitivity_only,hypothetical_grid_not_measured,1.0,1.52,1.34,0.005,0.008,near_edge,mid_disparity,353,2.898699956887379,2.898086962110732,0.001150414929554276,0.3278781059315594,0.3522875779432232
hypothetical_sensitivity_only,hypothetical_grid_not_measured,1.0,1.52,1.34,0.005,0.008,near_edge,near_disparity,268,2.7923648794537055,2.7922915067286294,0.00372902077763977,0.3312018024893997,0.44889100988416597
hypothetical_sensitivity_only,hypothetical_grid_not_measured,1.0,1.52,1.34,0.005,0.01,central,far_disparity,39,3.0331939854372925,3.072897022076397,0.002258584664529005,0.29519985982213215,0.2990866208238364
hypothetical_sensitivity_only,hypothetical_grid_not_measured,1.0,1.52,1.34,0.005,0.01,central,mid_disparity,104,2.8668844224169208,2.866985537155555,0.001684161664746229,0.29587180700043403,0.30056904354655867
hypothetical_sensitivity_only,hypothetical_grid_not_measured,1.0,1.52,1.34,0.005,0.01,central,near_disparity,96,2.753377835062498,2.761722285393198,0.0017168421064966293,0.2990130734615817,0.30495532493103655
hypothetical_sensitivity_only,hypothetical_grid_not_measured,1.0,1.52,1.34,0.005,0.01,mid_fov,far_disparity,415,3.055154484455774,3.1352218902818882,0.0014766998924380388,0.30839152244250245,0.3300003896935523
hypothetical_sensitivity_only,hypothetical_grid_not_measured,1.0,1.52,1.34,0.005,0.01,mid_fov,mid_disparity,335,2.8765022946817718,2.8761933203189844,0.001684899528536488,0.30832064986025176,0.33107646925452944
hypothetical_sensitivity_only,hypothetical_grid_not_measured,1.0,1.52,1.34,0.005,0.01,mid_fov,near_disparity,429,2.7673023469603804,2.76982707229441,0.0019084137457107033,0.3137079498949171,0.3347811741075751
hypothetical_sensitivity_only,hypothetical_grid_not_measured,1.0,1.52,1.34,0.005,0.01,near_edge,far_disparity,339,3.136994465662373,3.2542621237589286,0.0016237865538600398,0.34331888132533583,0.40067327770819444
hypothetical_sensitivity_only,hypothetical_grid_not_measured,1.0,1.52,1.34,0.005,0.01,near_edge,mid_disparity,353,2.898915732780799,2.8983063055637945,0.0011508056032743194,0.32797840593079974,0.3523915471308019
hypothetical_sensitivity_only,hypothetical_grid_not_measured,1.0,1.52,1.34,0.005,0.01,near_edge,near_disparity,268,2.792605877718236,2.792514116067222,0.0037291093484848638,0.3313054773416979,0.4490228327136311
hypothetical_sensitivity_only,hypothetical_grid_not_measured,1.0,1.52,1.34,0.01,0.003,central,far_disparity,39,3.0310173851998057,3.0707124602364777,0.0022586163366491137,0.294270406269054,0.29810325678711463
hypothetical_sensitivity_only,hypothetical_grid_not_measured,1.0,1.52,1.34,0.01,0.003,central,mid_disparity,104,2.864657061581016,2.8647807438209685,0.0016840600055660127,0.2948722217281867,0.29954129370794524
hypothetical_sensitivity_only,hypothetical_grid_not_measured,1.0,1.52,1.34,0.01,0.003,central,near_disparity,96,2.751123878378153,2.7594964035292855,0.0017172057215537246,0.297959363935389,0.30385931376396286
hypothetical_sensitivity_only,hypothetical_grid_not_measured,1.0,1.52,1.34,0.01,0.003,mid_fov,far_disparity,415,3.0527890783341336,3.1329118957939723,0.0014762616747217238,0.30739130494112676,0.32888831235583044
hypothetical_sensitivity_only,hypothetical_grid_not_measured,1.0,1.52,1.34,0.01,0.003,mid_fov,mid_disparity,335,2.8741841941158004,2.8738707170801243,0.001684165951013322,0.3072646709434528,0.32994642807224794
hypothetical_sensitivity_only,hypothetical_grid_not_measured,1.0,1.52,1.34,0.01,0.003,mid_fov,near_disparity,429,2.7648916658411102,2.767484468801808,0.0019076454300129958,0.31260644091664846,0.3335626934619254
hypothetical_sensitivity_only,hypothetical_grid_not_measured,1.0,1.52,1.34,0.01,0.003,near_edge,far_disparity,339,3.1342690963002267,3.2517018029086033,0.001621057331290533,0.34217306221422383,0.3994690645033402
hypothetical_sensitivity_only,hypothetical_grid_not_measured,1.0,1.52,1.34,0.01,0.003,near_edge,mid_disparity,353,2.896532616065242,2.895858053127474,0.0011440368905080898,0.3268611965322257,0.3512005450731747
hypothetical_sensitivity_only,hypothetical_grid_not_measured,1.0,1.52,1.34,0.01,0.003,near_edge,near_disparity,268,2.789944391135573,2.7900011037485517,0.0037271099510398364,0.33017031933314944,0.447435050789631
hypothetical_sensitivity_only,hypothetical_grid_not_measured,1.0,1.52,1.34,0.01,0.005,central,far_disparity,39,3.0312206933712496,3.070916153190661,0.002258613786081402,0.29435726609269164,0.2981943983338704
hypothetical_sensitivity_only,hypothetical_grid_not_measured,1.0,1.52,1.34,0.01,0.005,central,mid_disparity,104,2.8648641513823487,2.864986511363178,0.0016840686721151217,0.2949655733823202,0.29963650403478653
hypothetical_sensitivity_only,hypothetical_grid_not_measured,1.0,1.52,1.34,0.01,0.005,central,near_disparity,96,2.7513330719488645,2.759703833154532,0.0017171782588460372,0.2980576071838512,0.3039605529577851
hypothetical_sensitivity_only,hypothetical_grid_not_measured,1.0,1.52,1.34,0.01,0.005,mid_fov,far_disparity,415,3.0530033782377974,3.1331226297745762,0.0014762733344919371,0.3074827782845331,0.3289877341768741
hypothetical_sensitivity_only,hypothetical_grid_not_measured,1.0,1.52,1.34,0.01,0.005,mid_fov,mid_disparity,335,2.874396511497737,2.874083278723088,0.0016842167431498506,0.3073617734344032,0.33004740705590135
hypothetical_sensitivity_only,hypothetical_grid_not_measured,1.0,1.52,1.34,0.01,0.005,mid_fov,near_disparity,429,2.7651141341484484,2.7676986211131047,0.0019076740635247352,0.3127018985071339,0.33367150277000934
hypothetical_sensitivity_only,hypothetical_grid_not_measured,1.0,1.52,1.34,0.01,0.005,near_edge,far_disparity,339,3.1345021511398636,3.251925287304766,0.001621205840349031,0.34227399908329015,0.3995687443762504
hypothetical_sensitivity_only,hypothetical_grid_not_measured,1.0,1.52,1.34,0.01,0.005,near_edge,mid_disparity,353,2.8967483919586616,2.896077396580535,0.0011444275642281728,0.326961496531466,0.3513045142607539
hypothetical_sensitivity_only,hypothetical_grid_not_measured,1.0,1.52,1.34,0.01,0.005,near_edge,near_disparity,268,2.7901618608307612,2.790223713087144,0.003727198521885032,0.33026960084807255,0.44756687361909603
hypothetical_sensitivity_only,hypothetical_grid_not_measured,1.0,1.52,1.34,0.01,0.008,central,far_disparity,39,3.0315256556284136,3.0712216926219353,0.0022586099602298453,0.29448755582814923,0.298331110654004
hypothetical_sensitivity_only,hypothetical_grid_not_measured,1.0,1.52,1.34,0.01,0.008,central,mid_disparity,104,2.8651747860843466,2.865295162676491,0.0016840816719387668,0.29510560086352033,0.29977931952504805
hypothetical_sensitivity_only,hypothetical_grid_not_measured,1.0,1.52,1.34,0.01,0.008,central,near_disparity,96,2.7516468623049315,2.7600149775924034,0.00171713706478448,0.2982049720565443,0.3041124117485194
hypothetical_sensitivity_only,hypothetical_grid_not_measured,1.0,1.52,1.34,0.01,0.008,mid_fov,far_disparity,415,3.0533248280932934,3.133438730745482,0.0014762908241472267,0.3076199882996429,0.3291368669084395
hypothetical_sensitivity_only,hypothetical_grid_not_measured,1.0,1.52,1.34,0.01,0.008,mid_fov,mid_disparity,335,2.8747149875706426,2.8744021211875332,0.0016842929313545133,0.30750742717082913,0.3301988755313812
hypothetical_sensitivity_only,hypothetical_grid_not_measured,1.0,1.52,1.34,0.01,0.008,mid_fov,near_disparity,429,2.7654478366094555,2.768019849580048,0.0019077170137923494,0.31284662391023677,0.3338347167321353
hypothetical_sensitivity_only,hypothetical_grid_not_measured,1.0,1.52,1.34,0.01,0.008,near_edge,far_disparity,339,3.1348517333993184,3.252260513899009,0.0016214286039363695,0.34242540438688907,0.39971826418561524
hypothetical_sensitivity_only,hypothetical_grid_not_measured,1.0,1.52,1.34,0.01,0.008,near_edge,mid_disparity,353,2.89707205579879,2.8964064117601276,0.0011450135748079712,0.32711194653032627,0.3514604680421217
hypothetical_sensitivity_only,hypothetical_grid_not_measured,1.0,1.52,1.34,0.01,0.008,near_edge,near_disparity,268,2.7904880653735447,2.790557627095033,0.0037273313781527487,0.3304185231204575,0.4477646078632929
hypothetical_sensitivity_only,hypothetical_grid_not_measured,1.0,1.52,1.34,0.01,0.01,central,far_disparity,39,3.031728963799858,3.071425385576119,0.0022586074096621364,0.2945744156517871,0.29842225220076035
hypothetical_sensitivity_only,hypothetical_grid_not_measured,1.0,1.52,1.34,0.01,0.01,central,mid_disparity,104,2.865381875885678,2.8655009302187002,0.0016840903384878658,0.29519895251765405,0.2998745298518891
hypothetical_sensitivity_only,hypothetical_grid_not_measured,1.0,1.52,1.34,0.01,0.01,central,near_disparity,96,2.7518560558756424,2.7602224072176504,0.0017171096020767774,0.2983032153050066,0.3042136509423419
hypothetical_sensitivity_only,hypothetical_grid_not_measured,1.0,1.52,1.34,0.01,0.01,mid_fov,far_disparity,415,3.053539127996957,3.1336494647260866,0.0014763024839174112,0.3077114616430492,0.329236288729483
hypothetical_sensitivity_only,hypothetical_grid_not_measured,1.0,1.52,1.34,0.01,0.01,mid_fov,mid_disparity,335,2.8749273049525783,2.8746146828304973,0.0016843437234909944,0.30760452966177976,0.3302998545150353
hypothetical_sensitivity_only,hypothetical_grid_not_measured,1.0,1.52,1.34,0.01,0.01,mid_fov,near_disparity,429,2.765670304916794,2.768234001891344,0.0019077456473040888,0.31294862555381164,0.3339435260402196
hypothetical_sensitivity_only,hypothetical_grid_not_measured,1.0,1.52,1.34,0.01,0.01,near_edge,far_disparity,339,3.135084788238955,3.2524839982951708,0.0016215771129949102,0.34252634125595494,0.39981794405852594
hypothetical_sensitivity_only,hypothetical_grid_not_measured,1.0,1.52,1.34,0.01,0.01,near_edge,mid_disparity,353,2.897287831692211,2.8966257552131895,0.0011454042485279463,0.3272122465295668,0.3515644372297007
hypothetical_sensitivity_only,hypothetical_grid_not_measured,1.0,1.52,1.34,0.01,0.01,near_edge,near_disparity,268,2.790705535068733,2.790780236433625,0.0037274199489978144,0.3305181853343344,0.4478964306927574
hypothetical_sensitivity_only,hypothetical_grid_not_measured,1.0,1.52,1.34,0.02,0.003,central,far_disparity,39,3.0280873419249352,3.0677691872359216,0.0022586618269153777,0.2930195179283652,0.2967745195409614
hypothetical_sensitivity_only,hypothetical_grid_not_measured,1.0,1.52,1.34,0.02,0.003,central,mid_disparity,104,2.861651968518532,2.8618115299472606,0.001683917353049306,0.29352651276262676,0.2981522663186069
hypothetical_sensitivity_only,hypothetical_grid_not_measured,1.0,1.52,1.34,0.02,0.003,central,near_disparity,96,2.7480803200044437,2.75649664717819,0.001717740712714022,0.29654094927499886,0.30237596578657444
hypothetical_sensitivity_only,hypothetical_grid_not_measured,1.0,1.52,1.34,0.02,0.003,mid_fov,far_disparity,415,3.0495583654165004,3.1297670446823678,0.0014754668576804674,0.30603118334222024,0.32736011042769186
hypothetical_sensitivity_only,hypothetical_grid_not_measured,1.0,1.52,1.34,0.02,0.003,mid_fov,mid_disparity,335,2.8710275242069256,2.870713442103151,0.0016830543409223986,0.305832430546509,0.3283931985932593
hypothetical_sensitivity_only,hypothetical_grid_not_measured,1.0,1.52,1.34,0.02,0.003,mid_fov,near_disparity,429,2.7618252655975524,2.764298327995678,0.001906309233199799,0.31113315723437984,0.3318873973272138
hypothetical_sensitivity_only,hypothetical_grid_not_measured,1.0,1.52,1.34,0.02,0.003,near_edge,far_disparity,339,3.1304497414533916,3.248145551981088,0.0016162071046389344,0.3405879820754627,0.39775839720400213
hypothetical_sensitivity_only,hypothetical_grid_not_measured,1.0,1.52,1.34,0.02,0.003,near_edge,mid_disparity,353,2.893276813888063,2.8924969524262645,0.001145675050588114,0.3253289318491204,0.34954632527097246
hypothetical_sensitivity_only,hypothetical_grid_not_measured,1.0,1.52,1.34,0.02,0.003,near_edge,near_disparity,268,2.7866535461748025,2.7865333444813585,0.003723430919040164,0.32867604000823836,0.44518224674788426
hypothetical_sensitivity_only,hypothetical_grid_not_measured,1.0,1.52,1.34,0.02,0.005,central,far_disparity,39,3.0282906500963795,3.067972880190105,0.0022586592763476692,0.2931063777520031,0.2968656610877174
hypothetical_sensitivity_only,hypothetical_grid_not_measured,1.0,1.52,1.34,0.02,0.005,central,mid_disparity,104,2.8618590583198635,2.8620172974894698,0.001683926019598404,0.29361986441676047,0.29824747664544765
hypothetical_sensitivity_only,hypothetical_grid_not_measured,1.0,1.52,1.34,0.02,0.005,central,near_disparity,96,2.748289513575154,2.756704076803437,0.0017177132500063143,0.29663919252346105,0.30247720498039704
hypothetical_sensitivity_only,hypothetical_grid_not_measured,1.0,1.52,1.34,0.02,0.005,mid_fov,far_disparity,415,3.0497726653201647,3.1299777786629703,0.0014754785174506517,0.3061226566856263,0.32745953224873514
hypothetical_sensitivity_only,hypothetical_grid_not_measured,1.0,1.52,1.34,0.02,0.005,mid_fov,mid_disparity,335,2.871242312138039,2.870926003746114,0.001683105133058907,0.3059295330374594,0.3284941775769132
hypothetical_sensitivity_only,hypothetical_grid_not_measured,1.0,1.52,1.34,0.02,0.005,mid_fov,near_disparity,429,2.7620343927721143,2.7645124803069736,0.0019063378667115369,0.3112358958520707,0.3319962066352976
hypothetical_sensitivity_only,hypothetical_grid_not_measured,1.0,1.52,1.34,0.02,0.005,near_edge,far_disparity,339,3.130682796293029,3.24836903637725,0.0016164274367302216,0.3406889189445288,0.3978580770769125
hypothetical_sensitivity_only,hypothetical_grid_not_measured,1.0,1.52,1.34,0.02,0.005,near_edge,mid_disparity,353,2.8934925897814834,2.892716295879326,0.0011462223406987924,0.32542917772900015,0.3496502944585514
hypothetical_sensitivity_only,hypothetical_grid_not_measured,1.0,1.52,1.34,0.02,0.005,near_edge,near_disparity,268,2.7868710158699908,2.786755953819951,0.0037236044755659544,0.3287753215231617,0.4453140695773481
hypothetical_sensitivity_only,hypothetical_grid_not_measured,1.0,1.52,1.34,0.02,0.008,central,far_disparity,39,3.028595612353545,3.06827841962138,0.0022586554504961096,0.29323666748746025,0.2970023734078512
hypothetical_sensitivity_only,hypothetical_grid_not_measured,1.0,1.52,1.34,0.02,0.008,central,mid_disparity,104,2.862169693021862,2.8623259488027832,0.0016839390194220557,0.29375989189796037,0.2983902921357091
hypothetical_sensitivity_only,hypothetical_grid_not_measured,1.0,1.52,1.34,0.02,0.008,central,near_disparity,96,2.7486033039312208,2.7570152212413075,0.0017176720559447692,0.2967865573961541,0.30262906377113075
hypothetical_sensitivity_only,hypothetical_grid_not_measured,1.0,1.52,1.34,0.02,0.008,mid_fov,far_disparity,415,3.05009411517566,3.1302938796338773,0.0014754960071059564,0.30625986670073657,0.3276086649803004
hypothetical_sensitivity_only,hypothetical_grid_not_measured,1.0,1.52,1.34,0.02,0.008,mid_fov,mid_disparity,335,2.8715644940347103,2.8712448462105598,0.0016831813212635693,0.30607518677388557,0.32864564605239294
hypothetical_sensitivity_only,hypothetical_grid_not_measured,1.0,1.52,1.34,0.02,0.008,mid_fov,near_disparity,429,2.762348083533957,2.764833708773917,0.001906380816979109,0.31139000377860593,0.33215942059742376
hypothetical_sensitivity_only,hypothetical_grid_not_measured,1.0,1.52,1.34,0.02,0.008,near_edge,far_disparity,339,3.1310323785524847,3.248704262971493,0.001616757934867371,0.3408403242481275,0.39800759688627774
hypothetical_sensitivity_only,hypothetical_grid_not_measured,1.0,1.52,1.34,0.02,0.008,near_edge,mid_disparity,353,2.8938162536216123,2.8930453110589185,0.0011470432758654764,0.32557962772786064,0.3498062482399197
hypothetical_sensitivity_only,hypothetical_grid_not_measured,1.0,1.52,1.34,0.02,0.008,near_edge,near_disparity,268,2.787197220412774,2.7870898678278397,0.003723864810354301,0.3289242437955462,0.4455118038215456
hypothetical_sensitivity_only,hypothetical_grid_not_measured,1.0,1.52,1.34,0.02,0.01,central,far_disparity,39,3.028798920524989,3.068482112575563,0.0022586528999283977,0.29332352731109834,0.29709351495460695
hypothetical_sensitivity_only,hypothetical_grid_not_measured,1.0,1.52,1.34,0.02,0.01,central,mid_disparity,104,2.862376782823193,2.862531716344992,0.0016839476859711574,0.29385324355209386,0.29848550246255
hypothetical_sensitivity_only,hypothetical_grid_not_measured,1.0,1.52,1.34,0.02,0.01,central,near_disparity,96,2.7488124975019312,2.7572226508665545,0.0017176445932370688,0.2968848006446163,0.30273030296495335
hypothetical_sensitivity_only,hypothetical_grid_not_measured,1.0,1.52,1.34,0.02,0.01,mid_fov,far_disparity,415,3.050308415079323,3.130504613614481,0.0014755076668761385,0.3063513400441429,0.3277080868013444
hypothetical_sensitivity_only,hypothetical_grid_not_measured,1.0,1.52,1.34,0.02,0.01,mid_fov,mid_disparity,335,2.8717773254941923,2.8714574078535238,0.001683232113400015,0.3061722892648364,0.32874662503604635
hypothetical_sensitivity_only,hypothetical_grid_not_measured,1.0,1.52,1.34,0.02,0.01,mid_fov,near_disparity,429,2.7625572107085175,2.7650478610852134,0.001906409450490861,0.3114927423962961,0.3322682299055076
hypothetical_sensitivity_only,hypothetical_grid_not_measured,1.0,1.52,1.34,0.02,0.01,near_edge,far_disparity,339,3.131265433392121,3.248927747367655,0.0016169782669585133,0.340941261117194,0.39810727675918767
hypothetical_sensitivity_only,hypothetical_grid_not_measured,1.0,1.52,1.34,0.02,0.01,near_edge,mid_disparity,353,2.894032029515032,2.8932646545119804,0.001147590565976046,0.32567992772710075,0.3499102174274983
hypothetical_sensitivity_only,hypothetical_grid_not_measured,1.0,1.52,1.34,0.02,0.01,near_edge,near_disparity,268,2.787414690107962,2.787312477166432,0.0037240383668799646,0.3290235253104694,0.44564362665101
hypothetical_sensitivity_only,hypothetical_grid_not_measured,1.0,1.52,1.34,0.03,0.003,central,far_disparity,39,3.0251572986500666,3.0648259142353664,0.0022587073171816325,0.29176862958767646,0.2954457822948086
hypothetical_sensitivity_only,hypothetical_grid_not_measured,1.0,1.52,1.34,0.03,0.003,central,mid_disparity,104,2.858646875456047,2.858842316073552,0.0016837747005325964,0.2921808037970667,0.29676323892926776
hypothetical_sensitivity_only,hypothetical_grid_not_measured,1.0,1.52,1.34,0.03,0.003,central,near_disparity,96,2.7450367616307316,2.7534968908270936,0.001718275703874318,0.29511360637822426,0.3008926178091857
hypothetical_sensitivity_only,hypothetical_grid_not_measured,1.0,1.52,1.34,0.03,0.003,mid_fov,far_disparity,415,3.046327652498868,3.126622193570762,0.0014746720406391832,0.3046710617433137,0.325831908499553
hypothetical_sensitivity_only,hypothetical_grid_not_measured,1.0,1.52,1.34,0.03,0.003,mid_fov,mid_disparity,335,2.867812292521313,2.8675561671261764,0.0016819427308314466,0.3044001901495652,0.326839969114271
hypothetical_sensitivity_only,hypothetical_grid_not_measured,1.0,1.52,1.34,0.03,0.003,mid_fov,near_disparity,429,2.758649376492957,2.7611121871895468,0.0019049730363865408,0.3096033978772432,0.33021210119250216
hypothetical_sensitivity_only,hypothetical_grid_not_measured,1.0,1.52,1.34,0.03,0.003,near_edge,far_disparity,339,3.126630386606558,3.2445893010535722,0.0016096603228671735,0.33900290193670135,0.3960477299046647
hypothetical_sensitivity_only,hypothetical_grid_not_measured,1.0,1.52,1.34,0.03,0.003,near_edge,mid_disparity,353,2.8900210117108864,2.889135851725055,0.0011425666390747933,0.3238024734759566,0.3478921054687699
hypothetical_sensitivity_only,hypothetical_grid_not_measured,1.0,1.52,1.34,0.03,0.003,near_edge,near_disparity,268,2.7833627012140316,2.7830655852141652,0.003717337153371683,0.3271817606833276,0.44292944270613677
hypothetical_sensitivity_only,hypothetical_grid_not_measured,1.0,1.52,1.34,0.03,0.005,central,far_disparity,39,3.0253606068215104,3.0650296071895493,0.0022587047666139232,0.29185548941131456,0.29553692384156477
hypothetical_sensitivity_only,hypothetical_grid_not_measured,1.0,1.52,1.34,0.03,0.005,central,mid_disparity,104,2.8588539652573783,2.859048083615761,0.0016837833670816957,0.29227415545120006,0.29685844925610866
hypothetical_sensitivity_only,hypothetical_grid_not_measured,1.0,1.52,1.34,0.03,0.005,central,near_disparity,96,2.745245955201444,2.7537043204523406,0.0017182482411666235,0.2952131011862872,0.30099385700300835
hypothetical_sensitivity_only,hypothetical_grid_not_measured,1.0,1.52,1.34,0.03,0.005,mid_fov,far_disparity,415,3.0465419524025323,3.1268329275513658,0.0014746837004093799,0.30476253508672,0.32593133032059635
hypothetical_sensitivity_only,hypothetical_grid_not_measured,1.0,1.52,1.34,0.03,0.005,mid_fov,mid_disparity,335,2.8680270804524284,2.8677687287691405,0.0016819935229679633,0.3044972926405154,0.3269409480979245
hypothetical_sensitivity_only,hypothetical_grid_not_measured,1.0,1.52,1.34,0.03,0.005,mid_fov,near_disparity,429,2.758871337921408,2.761326339500842,0.0019050016698983231,0.3097061364949334,0.3303209105005862
hypothetical_sensitivity_only,hypothetical_grid_not_measured,1.0,1.52,1.34,0.03,0.005,near_edge,far_disparity,339,3.126863441446195,3.244812785449734,0.0016098806549584613,0.33910383880576744,0.39614740977757423
hypothetical_sensitivity_only,hypothetical_grid_not_measured,1.0,1.52,1.34,0.03,0.005,near_edge,mid_disparity,353,2.890236787604306,2.889355195178117,0.0011428314289957595,0.3239024556541359,0.347996074656349
hypothetical_sensitivity_only,hypothetical_grid_not_measured,1.0,1.52,1.34,0.03,0.005,near_edge,near_disparity,268,2.7835801709092207,2.7832881945527586,0.003717510709897301,0.3272810421982505,0.443061265535601
hypothetical_sensitivity_only,hypothetical_grid_not_measured,1.0,1.52,1.34,0.03,0.008,central,far_disparity,39,3.0256655690786776,3.065335146620825,0.0022587009407623666,0.29198577914677126,0.295673636161698
hypothetical_sensitivity_only,hypothetical_grid_not_measured,1.0,1.52,1.34,0.03,0.008,central,mid_disparity,104,2.859164599959376,2.8593567349290745,0.0016837963669053494,0.29241418293239974,0.29700126474637023
hypothetical_sensitivity_only,hypothetical_grid_not_measured,1.0,1.52,1.34,0.03,0.008,central,near_disparity,96,2.74555974555751,2.754015464890212,0.0017182070471050653,0.29536234339838097,0.3011457157937422
hypothetical_sensitivity_only,hypothetical_grid_not_measured,1.0,1.52,1.34,0.03,0.008,mid_fov,far_disparity,415,3.046863402258027,3.1271490285222714,0.0014747011900646573,0.3048997451018294,0.3260804630521618
hypothetical_sensitivity_only,hypothetical_grid_not_measured,1.0,1.52,1.34,0.03,0.008,mid_fov,mid_disparity,335,2.8683492623490983,2.868087571233586,0.0016820697111726535,0.304642946376942,0.3270924165734044
hypothetical_sensitivity_only,hypothetical_grid_not_measured,1.0,1.52,1.34,0.03,0.008,mid_fov,near_disparity,429,2.759204280064081,2.7616475679677865,0.0019050446201659096,0.30986024442146887,0.3304841244627119
hypothetical_sensitivity_only,hypothetical_grid_not_measured,1.0,1.52,1.34,0.03,0.008,near_edge,far_disparity,339,3.1272130237056497,3.245148012043977,0.0016102111530955018,0.3392552441093666,0.3962969295869397
hypothetical_sensitivity_only,hypothetical_grid_not_measured,1.0,1.52,1.34,0.03,0.008,near_edge,mid_disparity,353,2.8905604514444345,2.889684210357709,0.0011432286138769979,0.3240524289214053,0.3481520284377172
hypothetical_sensitivity_only,hypothetical_grid_not_measured,1.0,1.52,1.34,0.03,0.008,near_edge,near_disparity,268,2.783906375452003,2.783622108560647,0.0037177710446857975,0.3274299644706352,0.44325899977979816
hypothetical_sensitivity_only,hypothetical_grid_not_measured,1.0,1.52,1.34,0.03,0.01,central,far_disparity,39,3.0258688772501214,3.0655388395750074,0.0022586983901946517,0.29207263897040936,0.2957647777084541
hypothetical_sensitivity_only,hypothetical_grid_not_measured,1.0,1.52,1.34,0.03,0.01,central,mid_disparity,104,2.8593716897607084,2.859562502471284,0.0016838050334544508,0.29250753458653356,0.2970964750732113
hypothetical_sensitivity_only,hypothetical_grid_not_measured,1.0,1.52,1.34,0.03,0.01,central,near_disparity,96,2.745768939128221,2.754222894515459,0.0017181795843973639,0.2954618382064441,0.3012469549875651
hypothetical_sensitivity_only,hypothetical_grid_not_measured,1.0,1.52,1.34,0.03,0.01,mid_fov,far_disparity,415,3.0470777021616904,3.1273597625028753,0.001474712849834883,0.30499121844523613,0.3261798848732055
hypothetical_sensitivity_only,hypothetical_grid_not_measured,1.0,1.52,1.34,0.03,0.01,mid_fov,mid_disparity,335,2.868564050280213,2.86830013287655,0.0016821205033091349,0.30474004886789263,0.32719339555705795
hypothetical_sensitivity_only,hypothetical_grid_not_measured,1.0,1.52,1.34,0.03,0.01,mid_fov,near_disparity,429,2.7594210930086347,2.7618617202790823,0.0019050732536776492,0.30996298303915926,0.3305929337707961
hypothetical_sensitivity_only,hypothetical_grid_not_measured,1.0,1.52,1.34,0.03,0.01,near_edge,far_disparity,339,3.1274460785452867,3.2453714964401397,0.0016104314851867515,0.3393561809784329,0.39639660945984984
hypothetical_sensitivity_only,hypothetical_grid_not_measured,1.0,1.52,1.34,0.03,0.01,near_edge,mid_disparity,353,2.8907762273378546,2.889903553810771,0.001143493403797924,0.3241524110995859,0.348255997625296
hypothetical_sensitivity_only,hypothetical_grid_not_measured,1.0,1.52,1.34,0.03,0.01,near_edge,near_disparity,268,2.7841238451471924,2.7838447178992394,0.003717944601211439,0.3275292459855582,0.4433908226092623
