status,physical_status,set,port_geometry,interface_parallelism,n_air,n_glass,n_water,camera_to_inner_interface_m,glass_thickness_m,input_correspondence_count,valid_count,failure_count,z_left_rig_median,z_left_rig_p05,z_left_rig_p95,range_from_left_camera_median,ray_gap_median,ray_angle_deg_median,native_dry_z_median_for_same_rows,median_ratio_to_native_dry_z
HYPOTHETICAL_R1_SENSITIVITY_ONLY,NOT_IDENTIFIABLE,Set_A_model_agnostic,shared_parallel_flat_port_assumption_in_rig_frame,assumed exactly parallel; not measured,1.0,1.47,1.33,0.005,0.003,50,50,0,3.140709526956201,3.0124924279716665,3.2258471546915257,3.313408809691457,0.012376384988625956,1.9728761925054616,2.123261608735686,1.4791910304573175
HYPOTHETICAL_R1_SENSITIVITY_ONLY,NOT_IDENTIFIABLE,Set_A_model_agnostic,shared_parallel_flat_port_assumption_in_rig_frame,assumed exactly parallel; not measured,1.0,1.47,1.33,0.005,0.005,50,50,0,3.140938994530962,3.0127556486799483,3.226079501943574,3.313618221540068,0.012376277719936326,1.9728761925054616,2.123261608735686,1.479299103609404
HYPOTHETICAL_R1_SENSITIVITY_ONLY,NOT_IDENTIFIABLE,Set_A_model_agnostic,shared_parallel_flat_port_assumption_in_rig_frame,assumed exactly parallel; not measured,1.0,1.47,1.33,0.005,0.008,50,50,0,3.141283195893103,3.01315047974237,3.226428022821648,3.313932342408968,0.012376116816902184,1.9728761925054616,2.123261608735686,1.4794612133375342
HYPOTHETICAL_R1_SENSITIVITY_ONLY,NOT_IDENTIFIABLE,Set_A_model_agnostic,shared_parallel_flat_port_assumption_in_rig_frame,assumed exactly parallel; not measured,1.0,1.47,1.33,0.005,0.01,50,50,0,3.1415126634678643,3.0134137004506503,3.2266603700736978,3.314141758385102,0.012376009548212673,1.9728761925054616,2.123261608735686,1.479569286489621
HYPOTHETICAL_R1_SENSITIVITY_ONLY,NOT_IDENTIFIABLE,Set_A_model_agnostic,shared_parallel_flat_port_assumption_in_rig_frame,assumed exactly parallel; not measured,1.0,1.47,1.33,0.01,0.003,50,50,0,3.1383468660195755,3.009438695739513,3.2234541582162453,3.31131249078296,0.012378557914029732,1.9728761925054616,2.123261608735686,1.4780782797124705
HYPOTHETICAL_R1_SENSITIVITY_ONLY,NOT_IDENTIFIABLE,Set_A_model_agnostic,shared_parallel_flat_port_assumption_in_rig_frame,assumed exactly parallel; not measured,1.0,1.47,1.33,0.01,0.005,50,50,0,3.1385763335943366,3.0097019164477943,3.223686505468295,3.311521886885424,0.012378450645340235,1.9728761925054616,2.123261608735686,1.4781863528645574
HYPOTHETICAL_R1_SENSITIVITY_ONLY,NOT_IDENTIFIABLE,Set_A_model_agnostic,shared_parallel_flat_port_assumption_in_rig_frame,assumed exactly parallel; not measured,1.0,1.47,1.33,0.01,0.008,50,50,0,3.1389205349564775,3.0100967475102154,3.2240350263463684,3.3118359841407963,0.012378289742305983,1.9728761925054616,2.123261608735686,1.4783484625926873
HYPOTHETICAL_R1_SENSITIVITY_ONLY,NOT_IDENTIFIABLE,Set_A_model_agnostic,shared_parallel_flat_port_assumption_in_rig_frame,assumed exactly parallel; not measured,1.0,1.47,1.33,0.01,0.01,50,50,0,3.139150002531239,3.010359968218497,3.2242673735984178,3.312045384378373,0.012378182473616502,1.9728761925054616,2.123261608735686,1.4784565357447743
HYPOTHETICAL_R1_SENSITIVITY_ONLY,NOT_IDENTIFIABLE,Set_A_model_agnostic,shared_parallel_flat_port_assumption_in_rig_frame,assumed exactly parallel; not measured,1.0,1.47,1.33,0.02,0.003,50,50,0,3.133621544146325,3.0033312312752054,3.2186681652656866,3.3071203037320034,0.012382903764837349,1.9728761925054616,2.123261608735686,1.4758527782227768
HYPOTHETICAL_R1_SENSITIVITY_ONLY,NOT_IDENTIFIABLE,Set_A_model_agnostic,shared_parallel_flat_port_assumption_in_rig_frame,assumed exactly parallel; not measured,1.0,1.47,1.33,0.02,0.005,50,50,0,3.133851011721086,3.003594451983486,3.2189005125177355,3.307329668253753,0.01238279649614784,1.9728761925054616,2.123261608735686,1.4759608513748637
HYPOTHETICAL_R1_SENSITIVITY_ONLY,NOT_IDENTIFIABLE,Set_A_model_agnostic,shared_parallel_flat_port_assumption_in_rig_frame,assumed exactly parallel; not measured,1.0,1.47,1.33,0.02,0.008,50,50,0,3.1341952130832267,3.0039892830459083,3.21924903339581,3.3076437181494844,0.012382635593113606,1.9728761925054616,2.123261608735686,1.4761229611029936
HYPOTHETICAL_R1_SENSITIVITY_ONLY,NOT_IDENTIFIABLE,Set_A_model_agnostic,shared_parallel_flat_port_assumption_in_rig_frame,assumed exactly parallel; not measured,1.0,1.47,1.33,0.02,0.01,50,50,0,3.134424680657987,3.0042525037541883,3.2194813806478577,3.307853086821582,0.01238252832442413,1.9728761925054616,2.123261608735686,1.47623103425508
HYPOTHETICAL_R1_SENSITIVITY_ONLY,NOT_IDENTIFIABLE,Set_A_model_agnostic,shared_parallel_flat_port_assumption_in_rig_frame,assumed exactly parallel; not measured,1.0,1.47,1.33,0.03,0.003,50,50,0,3.128896222273073,2.997223766810898,3.213882172315127,3.3029287196094907,0.01238724961564492,1.9728761925054616,2.123261608735686,1.4736272767330825
HYPOTHETICAL_R1_SENSITIVITY_ONLY,NOT_IDENTIFIABLE,Set_A_model_agnostic,shared_parallel_flat_port_assumption_in_rig_frame,assumed exactly parallel; not measured,1.0,1.47,1.33,0.03,0.005,50,50,0,3.1291256898478346,2.9974869875191796,3.214114519567176,3.303138052432156,0.012387142346955433,1.9728761925054616,2.123261608735686,1.4737353498851697
HYPOTHETICAL_R1_SENSITIVITY_ONLY,NOT_IDENTIFIABLE,Set_A_model_agnostic,shared_parallel_flat_port_assumption_in_rig_frame,assumed exactly parallel; not measured,1.0,1.47,1.33,0.03,0.008,50,50,0,3.1294698912099754,2.997881818581601,3.2144630404452506,3.3034520547907427,0.012386981443921155,1.9728761925054616,2.123261608735686,1.4738974596132997
HYPOTHETICAL_R1_SENSITIVITY_ONLY,NOT_IDENTIFIABLE,Set_A_model_agnostic,shared_parallel_flat_port_assumption_in_rig_frame,assumed exactly parallel; not measured,1.0,1.47,1.33,0.03,0.01,50,50,0,3.1296993587847366,2.9981450392898816,3.2146953876973,3.3036613917790647,0.012386874175231741,1.9728761925054616,2.123261608735686,1.4740055327653865
HYPOTHETICAL_R1_SENSITIVITY_ONLY,NOT_IDENTIFIABLE,Set_A_model_agnostic,shared_parallel_flat_port_assumption_in_rig_frame,assumed exactly parallel; not measured,1.0,1.5,1.33,0.005,0.003,50,50,0,3.1407725517891354,3.0125628093113948,3.225910880568287,3.313466648522758,0.012376361635069463,1.972876192505277,2.123261608735686,1.4792207134849176
HYPOTHETICAL_R1_SENSITIVITY_ONLY,NOT_IDENTIFIABLE,Set_A_model_agnostic,shared_parallel_flat_port_assumption_in_rig_frame,assumed exactly parallel; not measured,1.0,1.5,1.33,0.005,0.005,50,50,0,3.141044035919201,3.012872950912822,3.226185711738177,3.3137146204320134,0.012376238797342416,1.972876192505277,2.123261608735686,1.479348575322078
HYPOTHETICAL_R1_SENSITIVITY_ONLY,NOT_IDENTIFIABLE,Set_A_model_agnostic,shared_parallel_flat_port_assumption_in_rig_frame,assumed exactly parallel; not measured,1.0,1.5,1.33,0.005,0.008,50,50,0,3.141451262114299,3.0133381633149625,3.2265979584930133,3.3140865826510195,0.012376054540751793,1.972876192505277,2.123261608735686,1.479540368077819
HYPOTHETICAL_R1_SENSITIVITY_ONLY,NOT_IDENTIFIABLE,Set_A_model_agnostic,shared_parallel_flat_port_assumption_in_rig_frame,assumed exactly parallel; not measured,1.0,1.5,1.33,0.005,0.01,50,50,0,3.1417227462443647,3.0136483049163902,3.2268727896629046,3.3143345603663454,0.01237593170302476,1.972876192505277,2.123261608735686,1.4796682299149795
HYPOTHETICAL_R1_SENSITIVITY_ONLY,NOT_IDENTIFIABLE,Set_A_model_agnostic,shared_parallel_flat_port_assumption_in_rig_frame,assumed exactly parallel; not measured,1.0,1.5,1.33,0.01,0.003,50,50,0,3.1384098908525093,3.009509077079241,3.223517884093007,3.311370325218447,0.012378534560473366,1.972876192505277,2.123261608735686,1.4781079627400704
HYPOTHETICAL_R1_SENSITIVITY_ONLY,NOT_IDENTIFIABLE,Set_A_model_agnostic,shared_parallel_flat_port_assumption_in_rig_frame,assumed exactly parallel; not measured,1.0,1.5,1.33,0.01,0.005,50,50,0,3.1386813749825757,3.009819218680669,3.2237927152628982,3.3116182784525514,0.01237841172274623,1.972876192505277,2.123261608735686,1.4782358245772313
HYPOTHETICAL_R1_SENSITIVITY_ONLY,NOT_IDENTIFIABLE,Set_A_model_agnostic,shared_parallel_flat_port_assumption_in_rig_frame,assumed exactly parallel; not measured,1.0,1.5,1.33,0.01,0.008,50,50,0,3.1390886011776735,3.010284431082808,3.2242049620177338,3.311990212666829,0.01237822746615557,1.972876192505277,2.123261608735686,1.478427617332972
HYPOTHETICAL_R1_SENSITIVITY_ONLY,NOT_IDENTIFIABLE,Set_A_model_agnostic,shared_parallel_flat_port_assumption_in_rig_frame,assumed exactly parallel; not measured,1.0,1.5,1.33,0.01,0.01,50,50,0,3.1393600853077395,3.0105945726842362,3.2244797931876255,3.312238171717669,0.012378104628428505,1.972876192505277,2.123261608735686,1.4785554791701327
HYPOTHETICAL_R1_SENSITIVITY_ONLY,NOT_IDENTIFIABLE,Set_A_model_agnostic,shared_parallel_flat_port_assumption_in_rig_frame,assumed exactly parallel; not measured,1.0,1.5,1.33,0.02,0.003,50,50,0,3.133684568979259,3.0034016126149337,3.2187318911424474,3.307178129351262,0.012382880411280932,1.972876192505277,2.123261608735686,1.4758824612503767
HYPOTHETICAL_R1_SENSITIVITY_ONLY,NOT_IDENTIFIABLE,Set_A_model_agnostic,shared_parallel_flat_port_assumption_in_rig_frame,assumed exactly parallel; not measured,1.0,1.5,1.33,0.02,0.005,50,50,0,3.1339560531093245,3.00371175421636,3.219006722312338,3.3074260451302546,0.012382757573553803,1.972876192505277,2.123261608735686,1.4760103230875374
HYPOTHETICAL_R1_SENSITIVITY_ONLY,NOT_IDENTIFIABLE,Set_A_model_agnostic,shared_parallel_flat_port_assumption_in_rig_frame,assumed exactly parallel; not measured,1.0,1.5,1.33,0.02,0.008,50,50,0,3.1343632793044223,3.0041769666185014,3.219418969067174,3.307797923177925,0.012382573316963227,1.972876192505277,2.123261608735686,1.476202115843278
HYPOTHETICAL_R1_SENSITIVITY_ONLY,NOT_IDENTIFIABLE,Set_A_model_agnostic,shared_parallel_flat_port_assumption_in_rig_frame,assumed exactly parallel; not measured,1.0,1.5,1.33,0.02,0.01,50,50,0,3.1346347634344873,3.0044871082199287,3.219693800237064,3.3080458447950614,0.012382450479236102,1.972876192505277,2.123261608735686,1.4763299776804384
HYPOTHETICAL_R1_SENSITIVITY_ONLY,NOT_IDENTIFIABLE,Set_A_model_agnostic,shared_parallel_flat_port_assumption_in_rig_frame,assumed exactly parallel; not measured,1.0,1.5,1.33,0.03,0.003,50,50,0,3.1289592471060077,2.9972941481506257,3.213945898191888,3.3029865363795885,0.012387226262088557,1.972876192505277,2.123261608735686,1.4736569597606828
HYPOTHETICAL_R1_SENSITIVITY_ONLY,NOT_IDENTIFIABLE,Set_A_model_agnostic,shared_parallel_flat_port_assumption_in_rig_frame,assumed exactly parallel; not measured,1.0,1.5,1.33,0.03,0.005,50,50,0,3.129230731236073,2.9976042897520534,3.214220729361779,3.3032344145631582,0.012387103424361483,1.972876192505277,2.123261608735686,1.4737848215978435
HYPOTHETICAL_R1_SENSITIVITY_ONLY,NOT_IDENTIFIABLE,Set_A_model_agnostic,shared_parallel_flat_port_assumption_in_rig_frame,assumed exactly parallel; not measured,1.0,1.5,1.33,0.03,0.008,50,50,0,3.129637957431172,2.9980695021541934,3.214632976116615,3.3036062362338297,0.012386919167770887,1.972876192505277,2.123261608735686,1.4739766143535844
HYPOTHETICAL_R1_SENSITIVITY_ONLY,NOT_IDENTIFIABLE,Set_A_model_agnostic,shared_parallel_flat_port_assumption_in_rig_frame,assumed exactly parallel; not measured,1.0,1.5,1.33,0.03,0.01,50,50,0,3.129909441561237,2.9983796437556207,3.214907807286506,3.3038541202770526,0.012386796330043689,1.972876192505277,2.123261608735686,1.474104476190745
HYPOTHETICAL_R1_SENSITIVITY_ONLY,NOT_IDENTIFIABLE,Set_A_model_agnostic,shared_parallel_flat_port_assumption_in_rig_frame,assumed exactly parallel; not measured,1.0,1.52,1.33,0.005,0.003,50,50,0,3.1408128173755148,3.0126074751005962,3.2259515769258056,3.3135036511869584,0.012376347673451448,1.972876192505277,2.123261608735686,1.479239677509988
HYPOTHETICAL_R1_SENSITIVITY_ONLY,NOT_IDENTIFIABLE,Set_A_model_agnostic,shared_parallel_flat_port_assumption_in_rig_frame,assumed exactly parallel; not measured,1.0,1.52,1.33,0.005,0.005,50,50,0,3.1411111452298326,3.0129473938948164,3.2262535390007083,3.3137762921529057,0.012376215527978903,1.972876192505277,2.123261608735686,1.4793801820305288
HYPOTHETICAL_R1_SENSITIVITY_ONLY,NOT_IDENTIFIABLE,Set_A_model_agnostic,shared_parallel_flat_port_assumption_in_rig_frame,assumed exactly parallel; not measured,1.0,1.52,1.33,0.005,0.008,50,50,0,3.1415586370113076,3.013457272086147,3.2267064821130633,3.3141852588773535,0.012376017309770063,1.972876192505277,2.123261608735686,1.4795909388113389
HYPOTHETICAL_R1_SENSITIVITY_ONLY,NOT_IDENTIFIABLE,Set_A_model_agnostic,shared_parallel_flat_port_assumption_in_rig_frame,assumed exactly parallel; not measured,1.0,1.52,1.33,0.005,0.01,50,50,0,3.1418569648656245,3.0137971908803673,3.227008444187967,3.314457906876324,0.012375885164297488,1.972876192505277,2.123261608735686,1.4797314433318791
HYPOTHETICAL_R1_SENSITIVITY_ONLY,NOT_IDENTIFIABLE,Set_A_model_agnostic,shared_parallel_flat_port_assumption_in_rig_frame,assumed exactly parallel; not measured,1.0,1.52,1.33,0.01,0.003,50,50,0,3.1384501564388896,3.009553742868442,3.2235585804505256,3.311407325063156,0.012378520598855206,1.972876192505277,2.123261608735686,1.4781269267651413
HYPOTHETICAL_R1_SENSITIVITY_ONLY,NOT_IDENTIFIABLE,Set_A_model_agnostic,shared_parallel_flat_port_assumption_in_rig_frame,assumed exactly parallel; not measured,1.0,1.52,1.33,0.01,0.005,50,50,0,3.138748484293207,3.009893661662663,3.2238605425254296,3.3116799454754138,0.012378388453382683,1.972876192505277,2.123261608735686,1.4782674312856818
HYPOTHETICAL_R1_SENSITIVITY_ONLY,NOT_IDENTIFIABLE,Set_A_model_agnostic,shared_parallel_flat_port_assumption_in_rig_frame,assumed exactly parallel; not measured,1.0,1.52,1.33,0.01,0.008,50,50,0,3.1391959760746815,3.0104035398539932,3.2243134856377837,3.3120888813790117,0.012378190235173822,1.972876192505277,2.123261608735686,1.4784781880664917
HYPOTHETICAL_R1_SENSITIVITY_ONLY,NOT_IDENTIFIABLE,Set_A_model_agnostic,shared_parallel_flat_port_assumption_in_rig_frame,assumed exactly parallel; not measured,1.0,1.52,1.33,0.01,0.01,50,50,0,3.139494303928998,3.010743458648213,3.224615447712687,3.312361508837203,0.012378058089701388,1.972876192505277,2.123261608735686,1.4786186925870317
HYPOTHETICAL_R1_SENSITIVITY_ONLY,NOT_IDENTIFIABLE,Set_A_model_agnostic,shared_parallel_flat_port_assumption_in_rig_frame,assumed exactly parallel; not measured,1.0,1.52,1.33,0.02,0.003,50,50,0,3.1337248345656383,3.0034462784041343,3.218772587499966,3.3072151235412246,0.012382866449662876,1.972876192505277,2.123261608735686,1.4759014252754472
HYPOTHETICAL_R1_SENSITIVITY_ONLY,NOT_IDENTIFIABLE,Set_A_model_agnostic,shared_parallel_flat_port_assumption_in_rig_frame,assumed exactly parallel; not measured,1.0,1.52,1.33,0.02,0.005,50,50,0,3.1340231624199557,3.003786197198355,3.219074549574869,3.3074877027307936,0.012382734304190282,1.972876192505277,2.123261608735686,1.4760419297959877
HYPOTHETICAL_R1_SENSITIVITY_ONLY,NOT_IDENTIFIABLE,Set_A_model_agnostic,shared_parallel_flat_port_assumption_in_rig_frame,assumed exactly parallel; not measured,1.0,1.52,1.33,0.02,0.008,50,50,0,3.1344706542014307,3.004296075389685,3.2195274926872246,3.3078965768197977,0.01238253608598152,1.972876192505277,2.123261608735686,1.476252686576798
HYPOTHETICAL_R1_SENSITIVITY_ONLY,NOT_IDENTIFIABLE,Set_A_model_agnostic,shared_parallel_flat_port_assumption_in_rig_frame,assumed exactly parallel; not measured,1.0,1.52,1.33,0.02,0.01,50,50,0,3.1347689820557485,3.0046359941839045,3.219829454762128,3.308169163081214,0.01238240394050898,1.972876192505277,2.123261608735686,1.4763931910973387
HYPOTHETICAL_R1_SENSITIVITY_ONLY,NOT_IDENTIFIABLE,Set_A_model_agnostic,shared_parallel_flat_port_assumption_in_rig_frame,assumed exactly parallel; not measured,1.0,1.52,1.33,0.03,0.003,50,50,0,3.128999512692387,2.9973388139398267,3.2139865945494073,3.303023524893698,0.012387212300470487,1.972876192505277,2.123261608735686,1.4736759237857533
HYPOTHETICAL_R1_SENSITIVITY_ONLY,NOT_IDENTIFIABLE,Set_A_model_agnostic,shared_parallel_flat_port_assumption_in_rig_frame,assumed exactly parallel; not measured,1.0,1.52,1.33,0.03,0.005,50,50,0,3.129297840546705,2.9976787327340473,3.214288556624311,3.3032960627062087,0.012387080154997947,1.972876192505277,2.123261608735686,1.473816428306294
HYPOTHETICAL_R1_SENSITIVITY_ONLY,NOT_IDENTIFIABLE,Set_A_model_agnostic,shared_parallel_flat_port_assumption_in_rig_frame,assumed exactly parallel; not measured,1.0,1.52,1.33,0.03,0.008,50,50,0,3.129745332328179,2.9981886109253773,3.214741499736666,3.3037048747491546,0.012386881936789093,1.972876192505277,2.123261608735686,1.4740271850871038
HYPOTHETICAL_R1_SENSITIVITY_ONLY,NOT_IDENTIFIABLE,Set_A_model_agnostic,shared_parallel_flat_port_assumption_in_rig_frame,assumed exactly parallel; not measured,1.0,1.52,1.33,0.03,0.01,50,50,0,3.130043660182497,2.9985285297195974,3.215043461811569,3.3039774196595495,0.012386749791316525,1.972876192505277,2.123261608735686,1.4741676896076445
HYPOTHETICAL_R1_SENSITIVITY_ONLY,NOT_IDENTIFIABLE,Set_A_model_agnostic,shared_parallel_flat_port_assumption_in_rig_frame,assumed exactly parallel; not measured,1.0,1.47,1.333,0.005,0.003,50,50,0,3.1495006000267116,3.0222286309940163,3.234999265115323,3.3213022387104623,0.012372333575103032,1.9681565770563303,2.123261608735686,1.4833313931118022
HYPOTHETICAL_R1_SENSITIVITY_ONLY,NOT_IDENTIFIABLE,Set_A_model_agnostic,shared_parallel_flat_port_assumption_in_rig_frame,assumed exactly parallel; not measured,1.0,1.47,1.333,0.005,0.005,50,50,0,3.149725103742937,3.022477196202044,3.2352265848162483,3.3215071798372695,0.012372228978593934,1.9681565770563303,2.123261608735686,1.483437128417947
HYPOTHETICAL_R1_SENSITIVITY_ONLY,NOT_IDENTIFIABLE,Set_A_model_agnostic,shared_parallel_flat_port_assumption_in_rig_frame,assumed exactly parallel; not measured,1.0,1.47,1.333,0.005,0.008,50,50,0,3.150061859317275,3.022850044014086,3.2355675643676367,3.321814594471181,0.01237207208383052,1.9681565770563303,2.123261608735686,1.4835957313771644
HYPOTHETICAL_R1_SENSITIVITY_ONLY,NOT_IDENTIFIABLE,Set_A_model_agnostic,shared_parallel_flat_port_assumption_in_rig_frame,assumed exactly parallel; not measured,1.0,1.47,1.333,0.005,0.01,50,50,0,3.1502633061695406,3.0230986092221133,3.235794884068562,3.3220195395224996,0.012371967487321608,1.9681565770563303,2.123261608735686,1.4836906075108622
HYPOTHETICAL_R1_SENSITIVITY_ONLY,NOT_IDENTIFIABLE,Set_A_model_agnostic,shared_parallel_flat_port_assumption_in_rig_frame,assumed exactly parallel; not measured,1.0,1.47,1.333,0.01,0.003,50,50,0,3.1471171842089936,3.019305094913163,3.232585241273048,3.3191869547716486,0.012374518935801614,1.9681565770563303,2.123261608735686,1.482208867367489
HYPOTHETICAL_R1_SENSITIVITY_ONLY,NOT_IDENTIFIABLE,Set_A_model_agnostic,shared_parallel_flat_port_assumption_in_rig_frame,assumed exactly parallel; not measured,1.0,1.47,1.333,0.01,0.005,50,50,0,3.14734168792522,3.019562596849591,3.232812560973974,3.319391880460914,0.01237441433929265,1.9681565770563303,2.123261608735686,1.4823146026736342
HYPOTHETICAL_R1_SENSITIVITY_ONLY,NOT_IDENTIFIABLE,Set_A_model_agnostic,shared_parallel_flat_port_assumption_in_rig_frame,assumed exactly parallel; not measured,1.0,1.47,1.333,0.01,0.008,50,50,0,3.1476784434995575,3.0199488497542326,3.233153540525361,3.319699271943961,0.012374257444529234,1.9681565770563303,2.123261608735686,1.4824732056328513
HYPOTHETICAL_R1_SENSITIVITY_ONLY,NOT_IDENTIFIABLE,Set_A_model_agnostic,shared_parallel_flat_port_assumption_in_rig_frame,assumed exactly parallel; not measured,1.0,1.47,1.333,0.01,0.01,50,50,0,3.1479029472157833,3.020206351690661,3.2333808602262883,3.319904201565002,0.012374152848020322,1.9681565770563303,2.123261608735686,1.4825789409389964
HYPOTHETICAL_R1_SENSITIVITY_ONLY,NOT_IDENTIFIABLE,Set_A_model_agnostic,shared_parallel_flat_port_assumption_in_rig_frame,assumed exactly parallel; not measured,1.0,1.47,1.333,0.02,0.003,50,50,0,3.1423503525735583,3.0131445896832103,3.2277571935884986,3.3149568425805285,0.012378889657198883,1.9681565770563303,2.123261608735686,1.4799638158788624
HYPOTHETICAL_R1_SENSITIVITY_ONLY,NOT_IDENTIFIABLE,Set_A_model_agnostic,shared_parallel_flat_port_assumption_in_rig_frame,assumed exactly parallel; not measured,1.0,1.47,1.333,0.02,0.005,50,50,0,3.1425748562897833,3.013402091619638,3.227984513289424,3.3151617373074425,0.012378785060689899,1.9681565770563303,2.123261608735686,1.4800695511850073
HYPOTHETICAL_R1_SENSITIVITY_ONLY,NOT_IDENTIFIABLE,Set_A_model_agnostic,shared_parallel_flat_port_assumption_in_rig_frame,assumed exactly parallel; not measured,1.0,1.47,1.333,0.02,0.008,50,50,0,3.142911611864122,3.0137883445242797,3.228325492840812,3.315469082357903,0.012378628165926494,1.9681565770563303,2.123261608735686,1.4802281541442248
HYPOTHETICAL_R1_SENSITIVITY_ONLY,NOT_IDENTIFIABLE,Set_A_model_agnostic,shared_parallel_flat_port_assumption_in_rig_frame,assumed exactly parallel; not measured,1.0,1.47,1.333,0.02,0.01,50,50,0,3.1431361155803472,3.014045846460708,3.2285528125417375,3.3156739810311766,0.012378523569417606,1.9681565770563303,2.123261608735686,1.4803338894503697
HYPOTHETICAL_R1_SENSITIVITY_ONLY,NOT_IDENTIFIABLE,Set_A_model_agnostic,shared_parallel_flat_port_assumption_in_rig_frame,assumed exactly parallel; not measured,1.0,1.47,1.333,0.03,0.003,50,50,0,3.1375835209381213,3.006984084453258,3.2229291459039486,3.3107273399121553,0.01238326037859619,1.9681565770563303,2.123261608735686,1.4777187643902352
HYPOTHETICAL_R1_SENSITIVITY_ONLY,NOT_IDENTIFIABLE,Set_A_model_agnostic,shared_parallel_flat_port_assumption_in_rig_frame,assumed exactly parallel; not measured,1.0,1.47,1.333,0.03,0.005,50,50,0,3.1378080246543476,3.007241586389686,3.223156465604874,3.3109322035598874,0.012383155782087292,1.9681565770563303,2.123261608735686,1.4778244996963805
HYPOTHETICAL_R1_SENSITIVITY_ONLY,NOT_IDENTIFIABLE,Set_A_model_agnostic,shared_parallel_flat_port_assumption_in_rig_frame,assumed exactly parallel; not measured,1.0,1.47,1.333,0.03,0.008,50,50,0,3.1381447802286853,3.007627839294327,3.223497445156262,3.31123950200257,0.012382998887323842,1.9681565770563303,2.123261608735686,1.4779831026555978
HYPOTHETICAL_R1_SENSITIVITY_ONLY,NOT_IDENTIFIABLE,Set_A_model_agnostic,shared_parallel_flat_port_assumption_in_rig_frame,assumed exactly parallel; not measured,1.0,1.47,1.333,0.03,0.01,50,50,0,3.1383692839449115,3.007885341230756,3.223724764857187,3.3114443696113156,0.01238289429081492,1.9681565770563303,2.123261608735686,1.4780888379617432
HYPOTHETICAL_R1_SENSITIVITY_ONLY,NOT_IDENTIFIABLE,Set_A_model_agnostic,shared_parallel_flat_port_assumption_in_rig_frame,assumed exactly parallel; not measured,1.0,1.5,1.333,0.005,0.003,50,50,0,3.1495638027301567,3.022297261997567,3.235063172243524,3.3213602512375564,0.01237231011110526,1.9681565770563303,2.123261608735686,1.4833611599117034
HYPOTHETICAL_R1_SENSITIVITY_ONLY,NOT_IDENTIFIABLE,Set_A_model_agnostic,shared_parallel_flat_port_assumption_in_rig_frame,assumed exactly parallel; not measured,1.0,1.5,1.333,0.005,0.005,50,50,0,3.149830441582009,3.022591581207951,3.235333096696584,3.321603868202289,0.012372189871931302,1.9681565770563303,2.123261608735686,1.4834867397511142
HYPOTHETICAL_R1_SENSITIVITY_ONLY,NOT_IDENTIFIABLE,Set_A_model_agnostic,shared_parallel_flat_port_assumption_in_rig_frame,assumed exactly parallel; not measured,1.0,1.5,1.333,0.005,0.008,50,50,0,3.1502166049963725,3.0230330600235282,3.235737983376174,3.321969297822384,0.012372009513170239,1.9681565770563303,2.123261608735686,1.4836686124948095
HYPOTHETICAL_R1_SENSITIVITY_ONLY,NOT_IDENTIFIABLE,Set_A_model_agnostic,shared_parallel_flat_port_assumption_in_rig_frame,assumed exactly parallel; not measured,1.0,1.5,1.333,0.005,0.01,50,50,0,3.1504561364210084,3.0233273792339133,3.2360079078292334,3.3222129203503963,0.01237188927399624,1.9681565770563303,2.123261608735686,1.4837814254537263
HYPOTHETICAL_R1_SENSITIVITY_ONLY,NOT_IDENTIFIABLE,Set_A_model_agnostic,shared_parallel_flat_port_assumption_in_rig_frame,assumed exactly parallel; not measured,1.0,1.5,1.333,0.01,0.003,50,50,0,3.1471803869124386,3.0193757080083232,3.232649148401249,3.319244962882869,0.012374495471803935,1.9681565770563303,2.123261608735686,1.4822386341673899
HYPOTHETICAL_R1_SENSITIVITY_ONLY,NOT_IDENTIFIABLE,Set_A_model_agnostic,shared_parallel_flat_port_assumption_in_rig_frame,assumed exactly parallel; not measured,1.0,1.5,1.333,0.01,0.005,50,50,0,3.1474470257642917,3.0196802853415106,3.232919072854309,3.319488561467657,0.012374375232629908,1.9681565770563303,2.123261608735686,1.4823642140068012
HYPOTHETICAL_R1_SENSITIVITY_ONLY,NOT_IDENTIFIABLE,Set_A_model_agnostic,shared_parallel_flat_port_assumption_in_rig_frame,assumed exactly parallel; not measured,1.0,1.5,1.333,0.01,0.008,50,50,0,3.1478469840420713,3.020137151341292,3.2333239595338994,3.3198539635255493,0.01237419487386887,1.9681565770563303,2.123261608735686,1.4825525837659181
HYPOTHETICAL_R1_SENSITIVITY_ONLY,NOT_IDENTIFIABLE,Set_A_model_agnostic,shared_parallel_flat_port_assumption_in_rig_frame,assumed exactly parallel; not measured,1.0,1.5,1.333,0.01,0.01,50,50,0,3.1481136228939244,3.0204417286744794,3.2335938839869596,3.320097567683904,0.012374074634694952,1.9681565770563303,2.123261608735686,1.4826781636053292
HYPOTHETICAL_R1_SENSITIVITY_ONLY,NOT_IDENTIFIABLE,Set_A_model_agnostic,shared_parallel_flat_port_assumption_in_rig_frame,assumed exactly parallel; not measured,1.0,1.5,1.333,0.02,0.003,50,50,0,3.1424135552770025,3.0132152027783703,3.227821100716699,3.315014841835124,0.01237886619320126,1.9681565770563303,2.123261608735686,1.4799935826787631
HYPOTHETICAL_R1_SENSITIVITY_ONLY,NOT_IDENTIFIABLE,Set_A_model_agnostic,shared_parallel_flat_port_assumption_in_rig_frame,assumed exactly parallel; not measured,1.0,1.5,1.333,0.02,0.005,50,50,0,3.1426801941288556,3.0135197801115567,3.228091025169759,3.3152584035561796,0.01237874595402724,1.9681565770563303,2.123261608735686,1.4801191625181744
HYPOTHETICAL_R1_SENSITIVITY_ONLY,NOT_IDENTIFIABLE,Set_A_model_agnostic,shared_parallel_flat_port_assumption_in_rig_frame,assumed exactly parallel; not measured,1.0,1.5,1.333,0.02,0.008,50,50,0,3.143080152406635,3.01397664611134,3.22849591184935,3.3156237503339643,0.012378565595266209,1.9681565770563303,2.123261608735686,1.4803075322772914
HYPOTHETICAL_R1_SENSITIVITY_ONLY,NOT_IDENTIFIABLE,Set_A_model_agnostic,shared_parallel_flat_port_assumption_in_rig_frame,assumed exactly parallel; not measured,1.0,1.5,1.333,0.02,0.01,50,50,0,3.1433467912584883,3.0142812234445264,3.228765836302409,3.3158673176492357,0.012378445356092133,1.9681565770563303,2.123261608735686,1.4804331121167025
HYPOTHETICAL_R1_SENSITIVITY_ONLY,NOT_IDENTIFIABLE,Set_A_model_agnostic,shared_parallel_flat_port_assumption_in_rig_frame,assumed exactly parallel; not measured,1.0,1.5,1.333,0.03,0.003,50,50,0,3.137646723641567,3.0070546975484174,3.2229930530321496,3.310785330276817,0.012383236914598555,1.9681565770563303,2.123261608735686,1.4777485311901366
HYPOTHETICAL_R1_SENSITIVITY_ONLY,NOT_IDENTIFIABLE,Set_A_model_agnostic,shared_parallel_flat_port_assumption_in_rig_frame,assumed exactly parallel; not measured,1.0,1.5,1.333,0.03,0.005,50,50,0,3.13791336249342,3.007359274881605,3.2232629774852097,3.3110288549951195,0.012383116675424584,1.9681565770563303,2.123261608735686,1.477874111029548
HYPOTHETICAL_R1_SENSITIVITY_ONLY,NOT_IDENTIFIABLE,Set_A_model_agnostic,shared_parallel_flat_port_assumption_in_rig_frame,assumed exactly parallel; not measured,1.0,1.5,1.333,0.03,0.008,50,50,0,3.138313320771199,3.007816140881386,3.2236678641647996,3.3113941462843397,0.012382936316663477,1.9681565770563303,2.123261608735686,1.4780624807886646
HYPOTHETICAL_R1_SENSITIVITY_ONLY,NOT_IDENTIFIABLE,Set_A_model_agnostic,shared_parallel_flat_port_assumption_in_rig_frame,assumed exactly parallel; not measured,1.0,1.5,1.333,0.03,0.01,50,50,0,3.138579959623052,3.008120718214574,3.2239377886178593,3.3116376766176083,0.012382816077489442,1.9681565770563303,2.123261608735686,1.4781880606280757
HYPOTHETICAL_R1_SENSITIVITY_ONLY,NOT_IDENTIFIABLE,Set_A_model_agnostic,shared_parallel_flat_port_assumption_in_rig_frame,assumed exactly parallel; not measured,1.0,1.52,1.333,0.005,0.003,50,50,0,3.1496041819143095,3.0223408929993494,3.2351039843510128,3.32139736508382,0.01237229607941474,1.9681565770563303,2.123261608735686,1.4833801774383175
HYPOTHETICAL_R1_SENSITIVITY_ONLY,NOT_IDENTIFIABLE,Set_A_model_agnostic,shared_parallel_flat_port_assumption_in_rig_frame,assumed exactly parallel; not measured,1.0,1.52,1.333,0.005,0.005,50,50,0,3.149897740222267,3.0226642995442545,3.2354011168757273,3.3216657252137085,0.012372166485780378,1.9681565770563303,2.123261608735686,1.483518435628806
HYPOTHETICAL_R1_SENSITIVITY_ONLY,NOT_IDENTIFIABLE,Set_A_model_agnostic,shared_parallel_flat_port_assumption_in_rig_frame,assumed exactly parallel; not measured,1.0,1.52,1.333,0.005,0.008,50,50,0,3.1503157122327057,3.0231494093616145,3.235846815662801,3.322068270482606,0.012371972095328762,1.9681565770563303,2.123261608735686,1.4837152893790546
HYPOTHETICAL_R1_SENSITIVITY_ONLY,NOT_IDENTIFIABLE,Set_A_model_agnostic,shared_parallel_flat_port_assumption_in_rig_frame,assumed exactly parallel; not measured,1.0,1.52,1.333,0.005,0.01,50,50,0,3.1505800204664265,3.0234728159065196,3.2361439481875163,3.3223366373769565,0.01237184250169435,1.9681565770563303,2.123261608735686,1.4838397715590335
HYPOTHETICAL_R1_SENSITIVITY_ONLY,NOT_IDENTIFIABLE,Set_A_model_agnostic,shared_parallel_flat_port_assumption_in_rig_frame,assumed exactly parallel; not measured,1.0,1.52,1.333,0.01,0.003,50,50,0,3.1472207660965914,3.0194205208749447,3.232689960508738,3.319282073896776,0.012374481440113438,1.9681565770563303,2.123261608735686,1.482257651694004
HYPOTHETICAL_R1_SENSITIVITY_ONLY,NOT_IDENTIFIABLE,Set_A_model_agnostic,shared_parallel_flat_port_assumption_in_rig_frame,assumed exactly parallel; not measured,1.0,1.52,1.333,0.01,0.005,50,50,0,3.1475143244045496,3.0197549734525477,3.232987093033454,3.319550413759589,0.012374351846479033,1.9681565770563303,2.123261608735686,1.482395909884493
HYPOTHETICAL_R1_SENSITIVITY_ONLY,NOT_IDENTIFIABLE,Set_A_model_agnostic,shared_parallel_flat_port_assumption_in_rig_frame,assumed exactly parallel; not measured,1.0,1.52,1.333,0.01,0.008,50,50,0,3.147954661866487,3.0202566523189507,3.2334327918205266,3.3199529286372473,0.01237415745602741,1.9681565770563303,2.123261608735686,1.482603297170226
HYPOTHETICAL_R1_SENSITIVITY_ONLY,NOT_IDENTIFIABLE,Set_A_model_agnostic,shared_parallel_flat_port_assumption_in_rig_frame,assumed exactly parallel; not measured,1.0,1.52,1.333,0.01,0.01,50,50,0,3.148248220174444,3.020590179990243,3.2337299243452424,3.3202212752770204,0.012374027862392972,1.9681565770563303,2.123261608735686,1.4827415553607146
HYPOTHETICAL_R1_SENSITIVITY_ONLY,NOT_IDENTIFIABLE,Set_A_model_agnostic,shared_parallel_flat_port_assumption_in_rig_frame,assumed exactly parallel; not measured,1.0,1.52,1.333,0.02,0.003,50,50,0,3.1424539344611553,3.013260015644992,3.227861912824188,3.315051947168372,0.012378852161510785,1.9681565770563303,2.123261608735686,1.4800126002053773
HYPOTHETICAL_R1_SENSITIVITY_ONLY,NOT_IDENTIFIABLE,Set_A_model_agnostic,shared_parallel_flat_port_assumption_in_rig_frame,assumed exactly parallel; not measured,1.0,1.52,1.333,0.02,0.005,50,50,0,3.142747492769114,3.0135944682225944,3.228159045348904,3.3153202463825715,0.012378722567876362,1.9681565770563303,2.123261608735686,1.4801508583958662
HYPOTHETICAL_R1_SENSITIVITY_ONLY,NOT_IDENTIFIABLE,Set_A_model_agnostic,shared_parallel_flat_port_assumption_in_rig_frame,assumed exactly parallel; not measured,1.0,1.52,1.333,0.02,0.008,50,50,0,3.1431878302310503,3.014096147088998,3.228604744135976,3.3157227003061287,0.012378528177424727,1.9681565770563303,2.123261608735686,1.4803582456815991
HYPOTHETICAL_R1_SENSITIVITY_ONLY,NOT_IDENTIFIABLE,Set_A_model_agnostic,shared_parallel_flat_port_assumption_in_rig_frame,assumed exactly parallel; not measured,1.0,1.52,1.333,0.02,0.01,50,50,0,3.1434813885390085,3.0144305996666008,3.2289018766606916,3.3159910063223763,0.01237839858379028,1.9681565770563303,2.123261608735686,1.4804965038720879
HYPOTHETICAL_R1_SENSITIVITY_ONLY,NOT_IDENTIFIABLE,Set_A_model_agnostic,shared_parallel_flat_port_assumption_in_rig_frame,assumed exactly parallel; not measured,1.0,1.52,1.333,0.03,0.003,50,50,0,3.137687102825719,3.0070995104150393,3.2230338651396373,3.310822429908063,0.012383222882908065,1.9681565770563303,2.123261608735686,1.4777675487167505
HYPOTHETICAL_R1_SENSITIVITY_ONLY,NOT_IDENTIFIABLE,Set_A_model_agnostic,shared_parallel_flat_port_assumption_in_rig_frame,assumed exactly parallel; not measured,1.0,1.52,1.333,0.03,0.005,50,50,0,3.1379806611336774,3.007433962992642,3.223330997664354,3.311090688320407,0.012383093289273717,1.9681565770563303,2.123261608735686,1.4779058069072393
HYPOTHETICAL_R1_SENSITIVITY_ONLY,NOT_IDENTIFIABLE,Set_A_model_agnostic,shared_parallel_flat_port_assumption_in_rig_frame,assumed exactly parallel; not measured,1.0,1.52,1.333,0.03,0.008,50,50,0,3.138420998595614,3.0079356418590453,3.2237766964514267,3.3114930810600933,0.01238289889882196,1.9681565770563303,2.123261608735686,1.4781131941929724
HYPOTHETICAL_R1_SENSITIVITY_ONLY,NOT_IDENTIFIABLE,Set_A_model_agnostic,shared_parallel_flat_port_assumption_in_rig_frame,assumed exactly parallel; not measured,1.0,1.52,1.333,0.03,0.01,50,50,0,3.138714556903573,3.008270094436648,3.224073828976142,3.311761346299698,0.01238276930518755,1.9681565770563303,2.123261608735686,1.4782514523834613
HYPOTHETICAL_R1_SENSITIVITY_ONLY,NOT_IDENTIFIABLE,Set_A_model_agnostic,shared_parallel_flat_port_assumption_in_rig_frame,assumed exactly parallel; not measured,1.0,1.47,1.336,0.005,0.003,50,50,0,3.1572752276567275,3.0317155964715843,3.2441471049733765,3.3291942501755925,0.012368310609393217,1.963460272374653,2.123261608735686,1.4869930368762958
HYPOTHETICAL_R1_SENSITIVITY_ONLY,NOT_IDENTIFIABLE,Set_A_model_agnostic,shared_parallel_flat_port_assumption_in_rig_frame,assumed exactly parallel; not measured,1.0,1.47,1.336,0.005,0.005,50,50,0,3.1574717753037262,3.0319586502346847,3.2443693994693286,3.329394719655757,0.012368208666396145,1.963460272374653,2.123261608735686,1.4870856056140294
HYPOTHETICAL_R1_SENSITIVITY_ONLY,NOT_IDENTIFIABLE,Set_A_model_agnostic,shared_parallel_flat_port_assumption_in_rig_frame,assumed exactly parallel; not measured,1.0,1.47,1.336,0.005,0.008,50,50,0,3.1577665967742257,3.032323230879337,3.2447028412132575,3.3296954266722767,0.012368055751900593,1.963460272374653,2.123261608735686,1.4872244587206302
HYPOTHETICAL_R1_SENSITIVITY_ONLY,NOT_IDENTIFIABLE,Set_A_model_agnostic,shared_parallel_flat_port_assumption_in_rig_frame,assumed exactly parallel; not measured,1.0,1.47,1.336,0.005,0.01,50,50,0,3.1579631444212253,3.0325662846424377,3.244925135709211,3.329895899880413,0.012367953808903598,1.963460272374653,2.123261608735686,1.4873170274583642
HYPOTHETICAL_R1_SENSITIVITY_ONLY,NOT_IDENTIFIABLE,Set_A_model_agnostic,shared_parallel_flat_port_assumption_in_rig_frame,assumed exactly parallel; not measured,1.0,1.47,1.336,0.01,0.003,50,50,0,3.155345727995103,3.028808100694435,3.241712063577357,3.3270600034409332,0.012370508318686017,1.963460272374653,2.123261608735686,1.4860842936231395
HYPOTHETICAL_R1_SENSITIVITY_ONLY,NOT_IDENTIFIABLE,Set_A_model_agnostic,shared_parallel_flat_port_assumption_in_rig_frame,assumed exactly parallel; not measured,1.0,1.47,1.336,0.01,0.005,50,50,0,3.155542275642103,3.0290511544575365,3.241934358073309,3.3272604577943294,0.012370406375689029,1.963460272374653,2.123261608735686,1.4861768623608735
HYPOTHETICAL_R1_SENSITIVITY_ONLY,NOT_IDENTIFIABLE,Set_A_model_agnostic,shared_parallel_flat_port_assumption_in_rig_frame,assumed exactly parallel; not measured,1.0,1.47,1.336,0.01,0.008,50,50,0,3.155837097112601,3.029415735102188,3.2422677998172382,3.3275611421259086,0.012370253461193505,1.963460272374653,2.123261608735686,1.486315715467474
HYPOTHETICAL_R1_SENSITIVITY_ONLY,NOT_IDENTIFIABLE,Set_A_model_agnostic,shared_parallel_flat_port_assumption_in_rig_frame,assumed exactly parallel; not measured,1.0,1.47,1.336,0.01,0.01,50,50,0,3.156033644759601,3.02965878886529,3.242490094313191,3.3277616002142234,0.01237015151819652,1.963460272374653,2.123261608735686,1.4864082842052082
HYPOTHETICAL_R1_SENSITIVITY_ONLY,NOT_IDENTIFIABLE,Set_A_model_agnostic,shared_parallel_flat_port_assumption_in_rig_frame,assumed exactly parallel; not measured,1.0,1.47,1.336,0.02,0.003,50,50,0,3.151075176836006,3.0229515241992724,3.236841980785319,3.322791970565787,0.012374903737271604,1.963460272374653,2.123261608735686,1.484072977098823
HYPOTHETICAL_R1_SENSITIVITY_ONLY,NOT_IDENTIFIABLE,Set_A_model_agnostic,shared_parallel_flat_port_assumption_in_rig_frame,assumed exactly parallel; not measured,1.0,1.47,1.336,0.02,0.005,50,50,0,3.151294718950373,3.0232033111078733,3.2370642752812704,3.322992394579575,0.01237480179427472,1.963460272374653,2.123261608735686,1.484176375621861
HYPOTHETICAL_R1_SENSITIVITY_ONLY,NOT_IDENTIFIABLE,Set_A_model_agnostic,shared_parallel_flat_port_assumption_in_rig_frame,assumed exactly parallel; not measured,1.0,1.47,1.336,0.02,0.008,50,50,0,3.1516240321219238,3.0235809914707743,3.2373977170252,3.323293033412202,0.012374648879779154,1.963460272374653,2.123261608735686,1.4843314734064186
HYPOTHETICAL_R1_SENSITIVITY_ONLY,NOT_IDENTIFIABLE,Set_A_model_agnostic,shared_parallel_flat_port_assumption_in_rig_frame,assumed exactly parallel; not measured,1.0,1.47,1.336,0.02,0.01,50,50,0,3.1518435742362896,3.0238327783793753,3.2376200115211518,3.323493461174852,0.012374546936782145,1.963460272374653,2.123261608735686,1.4844348719294562
HYPOTHETICAL_R1_SENSITIVITY_ONLY,NOT_IDENTIFIABLE,Set_A_model_agnostic,shared_parallel_flat_port_assumption_in_rig_frame,assumed exactly parallel; not measured,1.0,1.47,1.336,0.03,0.003,50,50,0,3.1462668547545505,3.0167380129494865,3.23197189799328,3.318524553790784,0.012379299155857271,1.963460272374653,2.123261608735686,1.4818083847086658
HYPOTHETICAL_R1_SENSITIVITY_ONLY,NOT_IDENTIFIABLE,Set_A_model_agnostic,shared_parallel_flat_port_assumption_in_rig_frame,assumed exactly parallel; not measured,1.0,1.47,1.336,0.03,0.005,50,50,0,3.146486396868918,3.0169897998580875,3.2321941924892323,3.3187249473497253,0.012379197212860387,1.963460272374653,2.123261608735686,1.4819117832317044
HYPOTHETICAL_R1_SENSITIVITY_ONLY,NOT_IDENTIFIABLE,Set_A_model_agnostic,shared_parallel_flat_port_assumption_in_rig_frame,assumed exactly parallel; not measured,1.0,1.47,1.336,0.03,0.008,50,50,0,3.1468157100404666,3.017367480220988,3.2325276342331617,3.319025540510591,0.012379044298364759,1.963460272374653,2.123261608735686,1.4820668810162607
HYPOTHETICAL_R1_SENSITIVITY_ONLY,NOT_IDENTIFIABLE,Set_A_model_agnostic,shared_parallel_flat_port_assumption_in_rig_frame,assumed exactly parallel; not measured,1.0,1.47,1.336,0.03,0.01,50,50,0,3.147035252154834,3.0176192671295894,3.2327499287291137,3.319225937832408,0.012378942355367817,1.963460272374653,2.123261608735686,1.4821702795392993
HYPOTHETICAL_R1_SENSITIVITY_ONLY,NOT_IDENTIFIABLE,Set_A_model_agnostic,shared_parallel_flat_port_assumption_in_rig_frame,assumed exactly parallel; not measured,1.0,1.5,1.336,0.005,0.003,50,50,0,3.157333218924136,3.031784443927741,3.2442111932683972,3.3292524362941003,0.012368287035723957,1.9634602723745598,2.123261608735686,1.4870203492278073
HYPOTHETICAL_R1_SENSITIVITY_ONLY,NOT_IDENTIFIABLE,Set_A_model_agnostic,shared_parallel_flat_port_assumption_in_rig_frame,assumed exactly parallel; not measured,1.0,1.5,1.336,0.005,0.005,50,50,0,3.1575684274160887,3.032073395994948,3.244476213294384,3.329491697320047,0.012368169376947399,1.9634602723745598,2.123261608735686,1.4871311261998887
HYPOTHETICAL_R1_SENSITIVITY_ONLY,NOT_IDENTIFIABLE,Set_A_model_agnostic,shared_parallel_flat_port_assumption_in_rig_frame,assumed exactly parallel; not measured,1.0,1.5,1.336,0.005,0.008,50,50,0,3.1579212401540193,3.0325068240957593,3.2448737433333643,3.3298505928549416,0.012367992888782695,1.9634602723745598,2.123261608735686,1.4872972916580118
HYPOTHETICAL_R1_SENSITIVITY_ONLY,NOT_IDENTIFIABLE,Set_A_model_agnostic,shared_parallel_flat_port_assumption_in_rig_frame,assumed exactly parallel; not measured,1.0,1.5,1.336,0.005,0.01,50,50,0,3.1581564486459723,3.0327957761629665,3.2451387633593516,3.330089859208181,0.012367875230006172,1.9634602723745598,2.123261608735686,1.4874080686300937
HYPOTHETICAL_R1_SENSITIVITY_ONLY,NOT_IDENTIFIABLE,Set_A_model_agnostic,shared_parallel_flat_port_assumption_in_rig_frame,assumed exactly parallel; not measured,1.0,1.5,1.336,0.01,0.003,50,50,0,3.155403719262511,3.0288769481505935,3.241776151872378,3.327118185123733,0.012370484745016792,1.9634602723745598,2.123261608735686,1.4861116059746506
HYPOTHETICAL_R1_SENSITIVITY_ONLY,NOT_IDENTIFIABLE,Set_A_model_agnostic,shared_parallel_flat_port_assumption_in_rig_frame,assumed exactly parallel; not measured,1.0,1.5,1.336,0.01,0.005,50,50,0,3.1556389277544654,3.0291659002178006,3.242041171898365,3.3273574280672618,0.012370367086240269,1.9634602723745598,2.123261608735686,1.4862223829467331
HYPOTHETICAL_R1_SENSITIVITY_ONLY,NOT_IDENTIFIABLE,Set_A_model_agnostic,shared_parallel_flat_port_assumption_in_rig_frame,assumed exactly parallel; not measured,1.0,1.5,1.336,0.01,0.008,50,50,0,3.1559917404923943,3.0295993283186116,3.242438701937346,3.327716296485963,0.012370190598075592,1.9634602723745598,2.123261608735686,1.4863885484048553
HYPOTHETICAL_R1_SENSITIVITY_ONLY,NOT_IDENTIFIABLE,Set_A_model_agnostic,shared_parallel_flat_port_assumption_in_rig_frame,assumed exactly parallel; not measured,1.0,1.5,1.336,0.01,0.01,50,50,0,3.1562269489843477,3.0298882803858183,3.2427037219633323,3.327955544766699,0.01237007293929901,1.9634602723745598,2.123261608735686,1.4864993253769372
HYPOTHETICAL_R1_SENSITIVITY_ONLY,NOT_IDENTIFIABLE,Set_A_model_agnostic,shared_parallel_flat_port_assumption_in_rig_frame,assumed exactly parallel; not measured,1.0,1.5,1.336,0.02,0.003,50,50,0,3.1511385573267208,3.023022368898056,3.2369060690803395,3.3228501433520172,0.012374880163602477,1.9634602723745598,2.123261608735686,1.4841028276318209
HYPOTHETICAL_R1_SENSITIVITY_ONLY,NOT_IDENTIFIABLE,Set_A_model_agnostic,shared_parallel_flat_port_assumption_in_rig_frame,assumed exactly parallel; not measured,1.0,1.5,1.336,0.02,0.005,50,50,0,3.151400353101586,3.023321385605843,3.2371710891063263,3.323089350027871,0.012374762504825956,1.9634602723745598,2.123261608735686,1.4842261265102012
HYPOTHETICAL_R1_SENSITIVITY_ONLY,NOT_IDENTIFIABLE,Set_A_model_agnostic,shared_parallel_flat_port_assumption_in_rig_frame,assumed exactly parallel; not measured,1.0,1.5,1.336,0.02,0.008,50,50,0,3.151793046763886,3.023769910667524,3.2375686191453066,3.3234481640599935,0.012374586016661183,1.9634602723745598,2.123261608735686,1.484411074827773
HYPOTHETICAL_R1_SENSITIVITY_ONLY,NOT_IDENTIFIABLE,Set_A_model_agnostic,shared_parallel_flat_port_assumption_in_rig_frame,assumed exactly parallel; not measured,1.0,1.5,1.336,0.02,0.01,50,50,0,3.1520548425387513,3.024068927375311,3.2378336391712943,3.3236873760929613,0.012374468357884714,1.9634602723745598,2.123261608735686,1.4845343737061534
HYPOTHETICAL_R1_SENSITIVITY_ONLY,NOT_IDENTIFIABLE,Set_A_model_agnostic,shared_parallel_flat_port_assumption_in_rig_frame,assumed exactly parallel; not measured,1.0,1.5,1.336,0.03,0.003,50,50,0,3.146330235245266,3.0168088576482694,3.2320359862883006,3.3185827176467617,0.012379275582188067,1.9634602723745598,2.123261608735686,1.4818382352416641
HYPOTHETICAL_R1_SENSITIVITY_ONLY,NOT_IDENTIFIABLE,Set_A_model_agnostic,shared_parallel_flat_port_assumption_in_rig_frame,assumed exactly parallel; not measured,1.0,1.5,1.336,0.03,0.005,50,50,0,3.1465920310201314,3.017107874356057,3.2323010063142883,3.318821887917263,0.012379157923411599,1.9634602723745598,2.123261608735686,1.4819615341200447
HYPOTHETICAL_R1_SENSITIVITY_ONLY,NOT_IDENTIFIABLE,Set_A_model_agnostic,shared_parallel_flat_port_assumption_in_rig_frame,assumed exactly parallel; not measured,1.0,1.5,1.336,0.03,0.008,50,50,0,3.1469847246824294,3.017556399417739,3.232698536353268,3.3191806473563603,0.01237898143524684,1.9634602723745598,2.123261608735686,1.4821464824376154
HYPOTHETICAL_R1_SENSITIVITY_ONLY,NOT_IDENTIFIABLE,Set_A_model_agnostic,shared_parallel_flat_port_assumption_in_rig_frame,assumed exactly parallel; not measured,1.0,1.5,1.336,0.03,0.01,50,50,0,3.147246520457296,3.017855416125525,3.2329635563792554,3.319419823003978,0.012378863776470296,1.9634602723745598,2.123261608735686,1.4822697813159962
HYPOTHETICAL_R1_SENSITIVITY_ONLY,NOT_IDENTIFIABLE,Set_A_model_agnostic,shared_parallel_flat_port_assumption_in_rig_frame,assumed exactly parallel; not measured,1.0,1.52,1.336,0.005,0.003,50,50,0,3.157370475484713,3.031828212517864,3.244252121071825,3.329289661255488,0.012368272934449354,1.963460272374653,2.123261608735686,1.4870378960813952
HYPOTHETICAL_R1_SENSITIVITY_ONLY,NOT_IDENTIFIABLE,Set_A_model_agnostic,shared_parallel_flat_port_assumption_in_rig_frame,assumed exactly parallel; not measured,1.0,1.52,1.336,0.005,0.005,50,50,0,3.157630521683718,3.0321463436451523,3.2445444263000973,3.3295537395105534,0.012368145874823206,1.963460272374653,2.123261608735686,1.487160370955869
HYPOTHETICAL_R1_SENSITIVITY_ONLY,NOT_IDENTIFIABLE,Set_A_model_agnostic,shared_parallel_flat_port_assumption_in_rig_frame,assumed exactly parallel; not measured,1.0,1.52,1.336,0.005,0.008,50,50,0,3.1580205909822268,3.0326235403360857,3.2449828841425052,3.329949861771018,0.012367955285383782,1.963460272374653,2.123261608735686,1.4873440832675802
HYPOTHETICAL_R1_SENSITIVITY_ONLY,NOT_IDENTIFIABLE,Set_A_model_agnostic,shared_parallel_flat_port_assumption_in_rig_frame,assumed exactly parallel; not measured,1.0,1.52,1.336,0.005,0.01,50,50,0,3.158280637181232,3.032941671463374,3.245275189370777,3.330213946529,0.01236782822575751,1.963460272374653,2.123261608735686,1.4874665581420543
HYPOTHETICAL_R1_SENSITIVITY_ONLY,NOT_IDENTIFIABLE,Set_A_model_agnostic,shared_parallel_flat_port_assumption_in_rig_frame,assumed exactly parallel; not measured,1.0,1.52,1.336,0.01,0.003,50,50,0,3.1554409758230886,3.0289207167407155,3.241817079675806,3.327155407240043,0.012370470643742184,1.963460272374653,2.123261608735686,1.4861291528282388
HYPOTHETICAL_R1_SENSITIVITY_ONLY,NOT_IDENTIFIABLE,Set_A_model_agnostic,shared_parallel_flat_port_assumption_in_rig_frame,assumed exactly parallel; not measured,1.0,1.52,1.336,0.01,0.005,50,50,0,3.1557010220220936,3.029238847868004,3.242109384904078,3.327419465517062,0.012370343584116003,1.963460272374653,2.123261608735686,1.4862516277027125
HYPOTHETICAL_R1_SENSITIVITY_ONLY,NOT_IDENTIFIABLE,Set_A_model_agnostic,shared_parallel_flat_port_assumption_in_rig_frame,assumed exactly parallel; not measured,1.0,1.52,1.336,0.01,0.008,50,50,0,3.1560910913206026,3.0297160445589366,3.242547842746486,3.3278155578195276,0.012370152994676606,1.963460272374653,2.123261608735686,1.4864353400144241
HYPOTHETICAL_R1_SENSITIVITY_ONLY,NOT_IDENTIFIABLE,Set_A_model_agnostic,shared_parallel_flat_port_assumption_in_rig_frame,assumed exactly parallel; not measured,1.0,1.52,1.336,0.01,0.01,50,50,0,3.1563511375196076,3.0300341756862257,3.242840147974758,3.3280796226115585,0.012370025935050344,1.963460272374653,2.123261608735686,1.4865578148888978
HYPOTHETICAL_R1_SENSITIVITY_ONLY,NOT_IDENTIFIABLE,Set_A_model_agnostic,shared_parallel_flat_port_assumption_in_rig_frame,assumed exactly parallel; not measured,1.0,1.52,1.336,0.02,0.003,50,50,0,3.1511790500556125,3.023067328745787,3.236946996883767,3.322887359762048,0.012374866062327919,1.963460272374653,2.123261608735686,1.4841218986350007
HYPOTHETICAL_R1_SENSITIVITY_ONLY,NOT_IDENTIFIABLE,Set_A_model_agnostic,shared_parallel_flat_port_assumption_in_rig_frame,assumed exactly parallel; not measured,1.0,1.52,1.336,0.02,0.005,50,50,0,3.1514678409830763,3.0233963186853985,3.2372393021120396,3.3231513779693973,0.012374739002701703,1.963460272374653,2.123261608735686,1.4842579115155028
HYPOTHETICAL_R1_SENSITIVITY_ONLY,NOT_IDENTIFIABLE,Set_A_model_agnostic,shared_parallel_flat_port_assumption_in_rig_frame,assumed exactly parallel; not measured,1.0,1.52,1.336,0.02,0.008,50,50,0,3.1519010273742722,3.0238898035948143,3.2376777599544475,3.3235474101855718,0.012374548413262285,1.963460272374653,2.123261608735686,1.4844619308362563
HYPOTHETICAL_R1_SENSITIVITY_ONLY,NOT_IDENTIFIABLE,Set_A_model_agnostic,shared_parallel_flat_port_assumption_in_rig_frame,assumed exactly parallel; not measured,1.0,1.52,1.336,0.02,0.01,50,50,0,3.1521898183017347,3.0242187935344256,3.23797006518272,3.3238114349322117,0.012374421353636054,1.963460272374653,2.123261608735686,1.4845979437167578
HYPOTHETICAL_R1_SENSITIVITY_ONLY,NOT_IDENTIFIABLE,Set_A_model_agnostic,shared_parallel_flat_port_assumption_in_rig_frame,assumed exactly parallel; not measured,1.0,1.52,1.336,0.03,0.003,50,50,0,3.1463707279741566,3.016853817496001,3.232076914091729,3.3186199283289275,0.012379261480913579,1.963460272374653,2.123261608735686,1.4818573062448435
HYPOTHETICAL_R1_SENSITIVITY_ONLY,NOT_IDENTIFIABLE,Set_A_model_agnostic,shared_parallel_flat_port_assumption_in_rig_frame,assumed exactly parallel; not measured,1.0,1.52,1.336,0.03,0.005,50,50,0,3.146659518901621,3.0171828074356117,3.232369219320001,3.3188839063145505,0.012379134421287352,1.963460272374653,2.123261608735686,1.4819933191253458
HYPOTHETICAL_R1_SENSITIVITY_ONLY,NOT_IDENTIFIABLE,Set_A_model_agnostic,shared_parallel_flat_port_assumption_in_rig_frame,assumed exactly parallel; not measured,1.0,1.52,1.336,0.03,0.008,50,50,0,3.147092705292816,3.017676292345028,3.2328076771624086,3.319279878216434,0.012378943831847948,1.963460272374653,2.123261608735686,1.4821973384460987
HYPOTHETICAL_R1_SENSITIVITY_ONLY,NOT_IDENTIFIABLE,Set_A_model_agnostic,shared_parallel_flat_port_assumption_in_rig_frame,assumed exactly parallel; not measured,1.0,1.52,1.336,0.03,0.01,50,50,0,3.1473814962202806,3.0180052822846393,3.233099982390681,3.3195438627657463,0.01237881677222162,1.963460272374653,2.123261608735686,1.4823333513266013
HYPOTHETICAL_R1_SENSITIVITY_ONLY,NOT_IDENTIFIABLE,Set_A_model_agnostic,shared_parallel_flat_port_assumption_in_rig_frame,assumed exactly parallel; not measured,1.0,1.47,1.34,0.005,0.003,50,50,0,3.1675600170916542,3.0443559282159613,3.2563376312927375,3.339714749463838,0.012362990443652364,1.957234485687819,2.123261608735686,1.4918369003892102
HYPOTHETICAL_R1_SENSITIVITY_ONLY,NOT_IDENTIFIABLE,Set_A_model_agnostic,shared_parallel_flat_port_assumption_in_rig_frame,assumed exactly parallel; not measured,1.0,1.47,1.34,0.005,0.005,50,50,0,3.1677506757381133,3.0445916385854646,3.2565532291377055,3.3399092553360754,0.012362892009933445,1.957234485687819,2.123261608735686,1.491926695563613
HYPOTHETICAL_R1_SENSITIVITY_ONLY,NOT_IDENTIFIABLE,Set_A_model_agnostic,shared_parallel_flat_port_assumption_in_rig_frame,assumed exactly parallel; not measured,1.0,1.47,1.34,0.005,0.008,50,50,0,3.1680366637077997,3.044945204139719,3.256876625905156,3.340201016751534,0.01236274435935535,1.957234485687819,2.123261608735686,1.492061388325216
HYPOTHETICAL_R1_SENSITIVITY_ONLY,NOT_IDENTIFIABLE,Set_A_model_agnostic,shared_parallel_flat_port_assumption_in_rig_frame,assumed exactly parallel; not measured,1.0,1.47,1.34,0.005,0.01,50,50,0,3.1682273223542574,3.0451809145092223,3.257092223750123,3.3403955260995546,0.012362645925636562,1.957234485687819,2.123261608735686,1.4921511834996182
HYPOTHETICAL_R1_SENSITIVITY_ONLY,NOT_IDENTIFIABLE,Set_A_model_agnostic,shared_parallel_flat_port_assumption_in_rig_frame,assumed exactly parallel; not measured,1.0,1.47,1.34,0.01,0.003,50,50,0,3.165607875322861,3.0414153095705574,3.253874581642774,3.3375552224852054,0.012365204484270594,1.957234485687819,2.123261608735686,1.4909174933030738
HYPOTHETICAL_R1_SENSITIVITY_ONLY,NOT_IDENTIFIABLE,Set_A_model_agnostic,shared_parallel_flat_port_assumption_in_rig_frame,assumed exactly parallel; not measured,1.0,1.47,1.34,0.01,0.005,50,50,0,3.165798533969319,3.0416510199400615,3.2540901794877417,3.337749713648286,0.01236510605055188,1.957234485687819,2.123261608735686,1.491007288477476
HYPOTHETICAL_R1_SENSITIVITY_ONLY,NOT_IDENTIFIABLE,Set_A_model_agnostic,shared_parallel_flat_port_assumption_in_rig_frame,assumed exactly parallel; not measured,1.0,1.47,1.34,0.01,0.008,50,50,0,3.1660845219390046,3.0420045854943156,3.254413576255192,3.3380414530049114,0.012364958399973694,1.957234485687819,2.123261608735686,1.4911419812390787
HYPOTHETICAL_R1_SENSITIVITY_ONLY,NOT_IDENTIFIABLE,Set_A_model_agnostic,shared_parallel_flat_port_assumption_in_rig_frame,assumed exactly parallel; not measured,1.0,1.47,1.34,0.01,0.01,50,50,0,3.1662751805854628,3.0422402958638197,3.254629174100159,3.3382359476503076,0.012364859966254877,1.957234485687819,2.123261608735686,1.491231776413481
HYPOTHETICAL_R1_SENSITIVITY_ONLY,NOT_IDENTIFIABLE,Set_A_model_agnostic,shared_parallel_flat_port_assumption_in_rig_frame,assumed exactly parallel; not measured,1.0,1.47,1.34,0.02,0.003,50,50,0,3.161703591785273,3.0355340722797512,3.2489484823428465,3.3332366356453096,0.012369632565507237,1.957234485687819,2.123261608735686,1.4890786791308
HYPOTHETICAL_R1_SENSITIVITY_ONLY,NOT_IDENTIFIABLE,Set_A_model_agnostic,shared_parallel_flat_port_assumption_in_rig_frame,assumed exactly parallel; not measured,1.0,1.47,1.34,0.02,0.005,50,50,0,3.1618942504317293,3.035769782649253,3.2491640801878137,3.333431097305652,0.012369534131788412,1.957234485687819,2.123261608735686,1.4891684743052014
HYPOTHETICAL_R1_SENSITIVITY_ONLY,NOT_IDENTIFIABLE,Set_A_model_agnostic,shared_parallel_flat_port_assumption_in_rig_frame,assumed exactly parallel; not measured,1.0,1.47,1.34,0.02,0.008,50,50,0,3.162180238401416,3.036123348203509,3.249487476955264,3.333722792418006,0.012369386481210285,1.957234485687819,2.123261608735686,1.4893031670668047
HYPOTHETICAL_R1_SENSITIVITY_ONLY,NOT_IDENTIFIABLE,Set_A_model_agnostic,shared_parallel_flat_port_assumption_in_rig_frame,assumed exactly parallel; not measured,1.0,1.47,1.34,0.02,0.01,50,50,0,3.1623708970478743,3.0363590585730122,3.2497030748002316,3.3339172575737797,0.012369288047491527,1.957234485687819,2.123261608735686,1.489392962241207
HYPOTHETICAL_R1_SENSITIVITY_ONLY,NOT_IDENTIFIABLE,Set_A_model_agnostic,shared_parallel_flat_port_assumption_in_rig_frame,assumed exactly parallel; not measured,1.0,1.47,1.34,0.03,0.003,50,50,0,3.1577993082476836,3.029652834988944,3.2440223830429193,3.3289186736485057,0.012374060646743831,1.957234485687819,2.123261608735686,1.4872398649585257
HYPOTHETICAL_R1_SENSITIVITY_ONLY,NOT_IDENTIFIABLE,Set_A_model_agnostic,shared_parallel_flat_port_assumption_in_rig_frame,assumed exactly parallel; not measured,1.0,1.47,1.34,0.03,0.005,50,50,0,3.1579899668941405,3.029888545358448,3.244237980887886,3.3291131056930725,0.012373962213025017,1.957234485687819,2.123261608735686,1.4873296601329273
HYPOTHETICAL_R1_SENSITIVITY_ONLY,NOT_IDENTIFIABLE,Set_A_model_agnostic,shared_parallel_flat_port_assumption_in_rig_frame,assumed exactly parallel; not measured,1.0,1.47,1.34,0.03,0.008,50,50,0,3.158275954863827,3.030242110912702,3.244561377655337,3.32940475639165,0.012373814562446937,1.957234485687819,2.123261608735686,1.4874643528945304
HYPOTHETICAL_R1_SENSITIVITY_ONLY,NOT_IDENTIFIABLE,Set_A_model_agnostic,shared_parallel_flat_port_assumption_in_rig_frame,assumed exactly parallel; not measured,1.0,1.47,1.34,0.03,0.01,50,50,0,3.1584666135102855,3.0304778212822066,3.244776975500303,3.32959919194483,0.012373716128728143,1.957234485687819,2.123261608735686,1.487554148068933
HYPOTHETICAL_R1_SENSITIVITY_ONLY,NOT_IDENTIFIABLE,Set_A_model_agnostic,shared_parallel_flat_port_assumption_in_rig_frame,assumed exactly parallel; not measured,1.0,1.5,1.34,0.005,0.003,50,50,0,3.167618197906053,3.044425064070013,3.256401961012975,3.3397731668764896,0.012362966724939115,1.9572344856880055,2.123261608735686,1.4918643020123354
HYPOTHETICAL_R1_SENSITIVITY_ONLY,NOT_IDENTIFIABLE,Set_A_model_agnostic,shared_parallel_flat_port_assumption_in_rig_frame,assumed exactly parallel; not measured,1.0,1.5,1.34,0.005,0.005,50,50,0,3.167847643762115,3.044706865008875,3.2566604453381087,3.3400066184645345,0.012362852478744845,1.9572344856880055,2.123261608735686,1.4919723649354901
HYPOTHETICAL_R1_SENSITIVITY_ONLY,NOT_IDENTIFIABLE,Set_A_model_agnostic,shared_parallel_flat_port_assumption_in_rig_frame,assumed exactly parallel; not measured,1.0,1.5,1.34,0.005,0.008,50,50,0,3.1681918125462083,3.04512956641717,3.257048171825809,3.340356799614331,0.012362681109453367,1.9572344856880055,2.123261608735686,1.4921344593202222
HYPOTHETICAL_R1_SENSITIVITY_ONLY,NOT_IDENTIFIABLE,Set_A_model_agnostic,shared_parallel_flat_port_assumption_in_rig_frame,assumed exactly parallel; not measured,1.0,1.5,1.34,0.005,0.01,50,50,0,3.1684212584022706,3.0454113673560324,3.257306656150943,3.340590256225398,0.012362566863259063,1.9572344856880055,2.123261608735686,1.492242522243377
HYPOTHETICAL_R1_SENSITIVITY_ONLY,NOT_IDENTIFIABLE,Set_A_model_agnostic,shared_parallel_flat_port_assumption_in_rig_frame,assumed exactly parallel; not measured,1.0,1.5,1.34,0.01,0.003,50,50,0,3.1656660561372583,3.0414844454246093,3.253938911363011,3.3376136354360524,0.012365180765557409,1.9572344856880055,2.123261608735686,1.4909448949261983
HYPOTHETICAL_R1_SENSITIVITY_ONLY,NOT_IDENTIFIABLE,Set_A_model_agnostic,shared_parallel_flat_port_assumption_in_rig_frame,assumed exactly parallel; not measured,1.0,1.5,1.34,0.01,0.005,50,50,0,3.1658955019933215,3.0417662463634723,3.254197395688145,3.337847069341856,0.012365066519363036,1.9572344856880055,2.123261608735686,1.4910529578493534
HYPOTHETICAL_R1_SENSITIVITY_ONLY,NOT_IDENTIFIABLE,Set_A_model_agnostic,shared_parallel_flat_port_assumption_in_rig_frame,assumed exactly parallel; not measured,1.0,1.5,1.34,0.01,0.008,50,50,0,3.166239670777414,3.042188947771766,3.254585122175846,3.3381972239753606,0.01236489515007174,1.9572344856880055,2.123261608735686,1.4912150522340852
HYPOTHETICAL_R1_SENSITIVITY_ONLY,NOT_IDENTIFIABLE,Set_A_model_agnostic,shared_parallel_flat_port_assumption_in_rig_frame,assumed exactly parallel; not measured,1.0,1.5,1.34,0.01,0.01,50,50,0,3.1664691166334764,3.0424707487106293,3.25484360650098,3.338430662913616,0.01236478090387739,1.9572344856880055,2.123261608735686,1.4913231151572401
HYPOTHETICAL_R1_SENSITIVITY_ONLY,NOT_IDENTIFIABLE,Set_A_model_agnostic,shared_parallel_flat_port_assumption_in_rig_frame,assumed exactly parallel; not measured,1.0,1.5,1.34,0.02,0.003,50,50,0,3.16176177259967,3.035603208133803,3.2490128120630835,3.333295039647018,0.012369608846793998,1.9572344856880055,2.123261608735686,1.4891060807539243
HYPOTHETICAL_R1_SENSITIVITY_ONLY,NOT_IDENTIFIABLE,Set_A_model_agnostic,shared_parallel_flat_port_assumption_in_rig_frame,assumed exactly parallel; not measured,1.0,1.5,1.34,0.02,0.005,50,50,0,3.1619912184557313,3.0358850090726652,3.249271296388217,3.3335284380869004,0.012369494600599771,1.9572344856880055,2.123261608735686,1.4892141436770787
HYPOTHETICAL_R1_SENSITIVITY_ONLY,NOT_IDENTIFIABLE,Set_A_model_agnostic,shared_parallel_flat_port_assumption_in_rig_frame,assumed exactly parallel; not measured,1.0,1.5,1.34,0.02,0.008,50,50,0,3.1623353872398248,3.0363077104809593,3.2496590228759183,3.3338785395357275,0.012369323231308358,1.9572344856880055,2.123261608735686,1.4893762380618107
HYPOTHETICAL_R1_SENSITIVITY_ONLY,NOT_IDENTIFIABLE,Set_A_model_agnostic,shared_parallel_flat_port_assumption_in_rig_frame,assumed exactly parallel; not measured,1.0,1.5,1.34,0.02,0.01,50,50,0,3.162564833095887,3.0365895114198223,3.2499175072010513,3.3341119430269957,0.012369208985114014,1.9572344856880055,2.123261608735686,1.4894843009849656
HYPOTHETICAL_R1_SENSITIVITY_ONLY,NOT_IDENTIFIABLE,Set_A_model_agnostic,shared_parallel_flat_port_assumption_in_rig_frame,assumed exactly parallel; not measured,1.0,1.5,1.34,0.03,0.003,50,50,0,3.1578574890620814,3.029721970842995,3.244086712763156,3.328977068666896,0.012374036928030699,1.9572344856880055,2.123261608735686,1.4872672665816502
HYPOTHETICAL_R1_SENSITIVITY_ONLY,NOT_IDENTIFIABLE,Set_A_model_agnostic,shared_parallel_flat_port_assumption_in_rig_frame,assumed exactly parallel; not measured,1.0,1.5,1.34,0.03,0.005,50,50,0,3.1580869349181437,3.0300037717818586,3.2443451970882897,3.3292104315050506,0.01237392268183633,1.9572344856880055,2.123261608735686,1.487375329504805
HYPOTHETICAL_R1_SENSITIVITY_ONLY,NOT_IDENTIFIABLE,Set_A_model_agnostic,shared_parallel_flat_port_assumption_in_rig_frame,assumed exactly parallel; not measured,1.0,1.5,1.34,0.03,0.008,50,50,0,3.158431103702236,3.0304264731901527,3.2447329235759903,3.3295604795655565,0.012373751312544983,1.9572344856880055,2.123261608735686,1.4875374238895367
HYPOTHETICAL_R1_SENSITIVITY_ONLY,NOT_IDENTIFIABLE,Set_A_model_agnostic,shared_parallel_flat_port_assumption_in_rig_frame,assumed exactly parallel; not measured,1.0,1.5,1.34,0.03,0.01,50,50,0,3.1586605495582987,3.030708274129016,3.2449914079011237,3.329793847474122,0.012373637066350677,1.9572344856880055,2.123261608735686,1.4876454868126916
HYPOTHETICAL_R1_SENSITIVITY_ONLY,NOT_IDENTIFIABLE,Set_A_model_agnostic,shared_parallel_flat_port_assumption_in_rig_frame,assumed exactly parallel; not measured,1.0,1.52,1.34,0.005,0.003,50,50,0,3.1676555762354006,3.0444690159805883,3.256443042994268,3.3398105398881297,0.012362952531637661,1.9572344856879127,2.123261608735686,1.4918819062157902
HYPOTHETICAL_R1_SENSITIVITY_ONLY,NOT_IDENTIFIABLE,Set_A_model_agnostic,shared_parallel_flat_port_assumption_in_rig_frame,assumed exactly parallel; not measured,1.0,1.52,1.34,0.005,0.005,50,50,0,3.1679099409776783,3.0447801181931786,3.2567289153069234,3.340068907388579,0.012362828823242269,1.9572344856879127,2.123261608735686,1.4920017052745735
HYPOTHETICAL_R1_SENSITIVITY_ONLY,NOT_IDENTIFIABLE,Set_A_model_agnostic,shared_parallel_flat_port_assumption_in_rig_frame,assumed exactly parallel; not measured,1.0,1.52,1.34,0.005,0.008,50,50,0,3.1682914880910955,3.045246771512065,3.257157723775908,3.3404564632635525,0.012362643260649243,1.9572344856879127,2.123261608735686,1.4921814038627492
HYPOTHETICAL_R1_SENSITIVITY_ONLY,NOT_IDENTIFIABLE,Set_A_model_agnostic,shared_parallel_flat_port_assumption_in_rig_frame,assumed exactly parallel; not measured,1.0,1.52,1.34,0.005,0.01,50,50,0,3.1685458528333736,3.0455578737246554,3.257443596088564,3.3407148369288984,0.012362519552253873,1.9572344856879127,2.123261608735686,1.492301202921533
HYPOTHETICAL_R1_SENSITIVITY_ONLY,NOT_IDENTIFIABLE,Set_A_model_agnostic,shared_parallel_flat_port_assumption_in_rig_frame,assumed exactly parallel; not measured,1.0,1.52,1.34,0.01,0.003,50,50,0,3.1657034344666055,3.0415283973351848,3.2539799933443043,3.337651005585875,0.012365166572255958,1.9572344856879127,2.123261608735686,1.4909624991296528
HYPOTHETICAL_R1_SENSITIVITY_ONLY,NOT_IDENTIFIABLE,Set_A_model_agnostic,shared_parallel_flat_port_assumption_in_rig_frame,assumed exactly parallel; not measured,1.0,1.52,1.34,0.01,0.005,50,50,0,3.1659577992088845,3.041839499547775,3.2542658656569596,3.3379093534972735,0.012365042863860603,1.9572344856879127,2.123261608735686,1.4910822981884368
HYPOTHETICAL_R1_SENSITIVITY_ONLY,NOT_IDENTIFIABLE,Set_A_model_agnostic,shared_parallel_flat_port_assumption_in_rig_frame,assumed exactly parallel; not measured,1.0,1.52,1.34,0.01,0.008,50,50,0,3.166339346322301,3.0423061528666615,3.254694674125945,3.3382968799973436,0.012364857301267561,1.9572344856879127,2.123261608735686,1.491261996776612
HYPOTHETICAL_R1_SENSITIVITY_ONLY,NOT_IDENTIFIABLE,Set_A_model_agnostic,shared_parallel_flat_port_assumption_in_rig_frame,assumed exactly parallel; not measured,1.0,1.52,1.34,0.01,0.01,50,50,0,3.166593711064579,3.0426172550792523,3.254980546438601,3.3385552340852036,0.012364733592872167,1.9572344856879127,2.123261608735686,1.4913817958353957
HYPOTHETICAL_R1_SENSITIVITY_ONLY,NOT_IDENTIFIABLE,Set_A_model_agnostic,shared_parallel_flat_port_assumption_in_rig_frame,assumed exactly parallel; not measured,1.0,1.52,1.34,0.02,0.003,50,50,0,3.1617991509290175,3.035647160044378,3.249053894044376,3.3333324040568453,0.012369594653492653,1.9572344856879127,2.123261608735686,1.489123684957379
HYPOTHETICAL_R1_SENSITIVITY_ONLY,NOT_IDENTIFIABLE,Set_A_model_agnostic,shared_parallel_flat_port_assumption_in_rig_frame,assumed exactly parallel; not measured,1.0,1.52,1.34,0.02,0.005,50,50,0,3.1620535156712952,3.0359582622569685,3.2493397663570325,3.3335907126778066,0.012369470945097214,1.9572344856879127,2.123261608735686,1.4892434840161626
HYPOTHETICAL_R1_SENSITIVITY_ONLY,NOT_IDENTIFIABLE,Set_A_model_agnostic,shared_parallel_flat_port_assumption_in_rig_frame,assumed exactly parallel; not measured,1.0,1.52,1.34,0.02,0.008,50,50,0,3.162435062784713,3.036424915575855,3.2497685748260166,3.333978180259639,0.0123692853825042,1.9572344856879127,2.123261608735686,1.4894231826043383
HYPOTHETICAL_R1_SENSITIVITY_ONLY,NOT_IDENTIFIABLE,Set_A_model_agnostic,shared_parallel_flat_port_assumption_in_rig_frame,assumed exactly parallel; not measured,1.0,1.52,1.34,0.02,0.01,50,50,0,3.1626894275269906,3.0367360177884457,3.250054447138672,3.3342364950802805,0.012369161674108856,1.9572344856879127,2.123261608735686,1.4895429816631218
HYPOTHETICAL_R1_SENSITIVITY_ONLY,NOT_IDENTIFIABLE,Set_A_model_agnostic,shared_parallel_flat_port_assumption_in_rig_frame,assumed exactly parallel; not measured,1.0,1.52,1.34,0.03,0.003,50,50,0,3.157894867391428,3.0297659227535707,3.244127794744448,3.329014427314826,0.01237402273472913,1.9572344856879127,2.123261608735686,1.4872848707851045
HYPOTHETICAL_R1_SENSITIVITY_ONLY,NOT_IDENTIFIABLE,Set_A_model_agnostic,shared_parallel_flat_port_assumption_in_rig_frame,assumed exactly parallel; not measured,1.0,1.52,1.34,0.03,0.005,50,50,0,3.1581492321337055,3.030077024966162,3.2444136670571044,3.329272696494948,0.01237389902633388,1.9572344856879127,2.123261608735686,1.4874046698438879
HYPOTHETICAL_R1_SENSITIVITY_ONLY,NOT_IDENTIFIABLE,Set_A_model_agnostic,shared_parallel_flat_port_assumption_in_rig_frame,assumed exactly parallel; not measured,1.0,1.52,1.34,0.03,0.008,50,50,0,3.1585307792471227,3.0305436782850483,3.2448424755260885,3.3296601049330263,0.012373713463740818,1.9572344856879127,2.123261608735686,1.4875843684320635
HYPOTHETICAL_R1_SENSITIVITY_ONLY,NOT_IDENTIFIABLE,Set_A_model_agnostic,shared_parallel_flat_port_assumption_in_rig_frame,assumed exactly parallel; not measured,1.0,1.52,1.34,0.03,0.01,50,50,0,3.158785143989401,3.030854780497639,3.245128347838745,3.3299183803361654,0.012373589755345447,1.9572344856879127,2.123261608735686,1.487704167490847
HYPOTHETICAL_R1_SENSITIVITY_ONLY,NOT_IDENTIFIABLE,Set_B_custom_consistent,shared_parallel_flat_port_assumption_in_rig_frame,assumed exactly parallel; not measured,1.0,1.47,1.33,0.005,0.003,50,50,0,3.12059078818384,3.033164993820673,3.222651981217341,3.260134144205569,0.004965383792436761,2.0778028045011734,2.2094472384865504,1.4123852943061965
HYPOTHETICAL_R1_SENSITIVITY_ONLY,NOT_IDENTIFIABLE,Set_B_custom_consistent,shared_parallel_flat_port_assumption_in_rig_frame,assumed exactly parallel; not measured,1.0,1.47,1.33,0.005,0.005,50,50,0,3.120841920478793,3.0334016285737975,3.222852628971052,3.260341921448982,0.004965561036435045,2.0778028045011734,2.2094472384865504,1.4124989572579878
HYPOTHETICAL_R1_SENSITIVITY_ONLY,NOT_IDENTIFIABLE,Set_B_custom_consistent,shared_parallel_flat_port_assumption_in_rig_frame,assumed exactly parallel; not measured,1.0,1.47,1.33,0.005,0.008,50,50,0,3.121218618921224,3.0337565807034843,3.2231536006016195,3.260653590355785,0.004965826902432649,2.0778028045011734,2.2094472384865504,1.412669451685675
HYPOTHETICAL_R1_SENSITIVITY_ONLY,NOT_IDENTIFIABLE,Set_B_custom_consistent,shared_parallel_flat_port_assumption_in_rig_frame,assumed exactly parallel; not measured,1.0,1.47,1.33,0.005,0.01,50,50,0,3.121469751216178,3.0339932154566096,3.2233542483553324,3.2608613716543258,0.0049660041464310075,2.0778028045011734,2.2094472384865504,1.4127831146374665
HYPOTHETICAL_R1_SENSITIVITY_ONLY,NOT_IDENTIFIABLE,Set_B_custom_consistent,shared_parallel_flat_port_assumption_in_rig_frame,assumed exactly parallel; not measured,1.0,1.47,1.33,0.01,0.003,50,50,0,3.1177505491967525,3.030704817987868,3.2208361818646796,3.2580732884293115,0.004962375390391787,2.0778028045011734,2.2094472384865504,1.41109979676744
HYPOTHETICAL_R1_SENSITIVITY_ONLY,NOT_IDENTIFIABLE,Set_B_custom_consistent,shared_parallel_flat_port_assumption_in_rig_frame,assumed exactly parallel; not measured,1.0,1.47,1.33,0.01,0.005,50,50,0,3.118001681491707,3.030941452740993,3.221036829618391,3.258281050245694,0.004962552634390178,2.0778028045011734,2.2094472384865504,1.4112134597192316
HYPOTHETICAL_R1_SENSITIVITY_ONLY,NOT_IDENTIFIABLE,Set_B_custom_consistent,shared_parallel_flat_port_assumption_in_rig_frame,assumed exactly parallel; not measured,1.0,1.47,1.33,0.01,0.008,50,50,0,3.1183783799341365,3.03129640487068,3.221337801248959,3.258592696017564,0.0049628185003877355,2.0778028045011734,2.2094472384865504,1.4113839541469182
HYPOTHETICAL_R1_SENSITIVITY_ONLY,NOT_IDENTIFIABLE,Set_B_custom_consistent,shared_parallel_flat_port_assumption_in_rig_frame,assumed exactly parallel; not measured,1.0,1.47,1.33,0.01,0.01,50,50,0,3.1186295122290897,3.0315330396238047,3.221538449002671,3.2588004618965547,0.004962995744386121,2.0778028045011734,2.2094472384865504,1.4114976170987092
HYPOTHETICAL_R1_SENSITIVITY_ONLY,NOT_IDENTIFIABLE,Set_B_custom_consistent,shared_parallel_flat_port_assumption_in_rig_frame,assumed exactly parallel; not measured,1.0,1.47,1.33,0.02,0.003,50,50,0,3.1120700712225795,3.0257844663222584,3.2172045831593583,3.2539520172805245,0.004956358586302131,2.0778028045011734,2.2094472384865504,1.4085288016899271
HYPOTHETICAL_R1_SENSITIVITY_ONLY,NOT_IDENTIFIABLE,Set_B_custom_consistent,shared_parallel_flat_port_assumption_in_rig_frame,assumed exactly parallel; not measured,1.0,1.47,1.33,0.02,0.005,50,50,0,3.1123212035175314,3.0260211010753832,3.21740523091307,3.254159748156116,0.004956535830300469,2.0778028045011734,2.2094472384865504,1.4086424646417177
HYPOTHETICAL_R1_SENSITIVITY_ONLY,NOT_IDENTIFIABLE,Set_B_custom_consistent,shared_parallel_flat_port_assumption_in_rig_frame,assumed exactly parallel; not measured,1.0,1.47,1.33,0.02,0.008,50,50,0,3.1126979019599634,3.0263760532050696,3.2177062025436367,3.2544713475280638,0.004956801696298128,2.0778028045011734,2.2094472384865504,1.4088129590694054
HYPOTHETICAL_R1_SENSITIVITY_ONLY,NOT_IDENTIFIABLE,Set_B_custom_consistent,shared_parallel_flat_port_assumption_in_rig_frame,assumed exactly parallel; not measured,1.0,1.47,1.33,0.02,0.01,50,50,0,3.1129490342549158,3.0266126879581936,3.2179068502973487,3.254679082481281,0.004956978940296356,2.0778028045011734,2.2094472384865504,1.4089266220211962
HYPOTHETICAL_R1_SENSITIVITY_ONLY,NOT_IDENTIFIABLE,Set_B_custom_consistent,shared_parallel_flat_port_assumption_in_rig_frame,assumed exactly parallel; not measured,1.0,1.47,1.33,0.03,0.003,50,50,0,3.1063895932484047,3.0208641146566477,3.213572984454036,3.24983573293133,0.004950341782212483,2.0778028045011734,2.2094472384865504,1.4059578066124137
HYPOTHETICAL_R1_SENSITIVITY_ONLY,NOT_IDENTIFIABLE,Set_B_custom_consistent,shared_parallel_flat_port_assumption_in_rig_frame,assumed exactly parallel; not measured,1.0,1.47,1.33,0.03,0.005,50,50,0,3.1066407255433584,3.0211007494097726,3.2137736322077477,3.2500427171421693,0.00495051902621076,2.0778028045011734,2.2094472384865504,1.406071469564205
HYPOTHETICAL_R1_SENSITIVITY_ONLY,NOT_IDENTIFIABLE,Set_B_custom_consistent,shared_parallel_flat_port_assumption_in_rig_frame,assumed exactly parallel; not measured,1.0,1.47,1.33,0.03,0.008,50,50,0,3.1070174239857877,3.021455701539459,3.214074603838315,3.2503531965513837,0.004950784892208394,2.0778028045011734,2.2094472384865504,1.4062419639918915
HYPOTHETICAL_R1_SENSITIVITY_ONLY,NOT_IDENTIFIABLE,Set_B_custom_consistent,shared_parallel_flat_port_assumption_in_rig_frame,assumed exactly parallel; not measured,1.0,1.47,1.33,0.03,0.01,50,50,0,3.1072685562807436,3.021692336292584,3.214275251592027,3.250560184885707,0.004950962136206678,2.0778028045011734,2.2094472384865504,1.4063556269436839
HYPOTHETICAL_R1_SENSITIVITY_ONLY,NOT_IDENTIFIABLE,Set_B_custom_consistent,shared_parallel_flat_port_assumption_in_rig_frame,assumed exactly parallel; not measured,1.0,1.5,1.33,0.005,0.003,50,50,0,3.1206584535907407,3.0332297117878646,3.222708607164954,3.2601916447094945,0.004965424163554729,2.0778028045011734,2.2094472384865504,1.4124159197973702
HYPOTHETICAL_R1_SENSITIVITY_ONLY,NOT_IDENTIFIABLE,Set_B_custom_consistent,shared_parallel_flat_port_assumption_in_rig_frame,assumed exactly parallel; not measured,1.0,1.5,1.33,0.005,0.005,50,50,0,3.120954696156983,3.0335094918524543,3.222947005550405,3.260437756447754,0.004965628321631686,2.0778028045011734,2.2094472384865504,1.4125499997432869
HYPOTHETICAL_R1_SENSITIVITY_ONLY,NOT_IDENTIFIABLE,Set_B_custom_consistent,shared_parallel_flat_port_assumption_in_rig_frame,assumed exactly parallel; not measured,1.0,1.5,1.33,0.005,0.008,50,50,0,3.1213990600063486,3.03392916194934,3.2233046031285806,3.2608069283346515,0.0049659345587472195,2.0778028045011734,2.2094472384865504,1.4127511196621632
HYPOTHETICAL_R1_SENSITIVITY_ONLY,NOT_IDENTIFIABLE,Set_B_custom_consistent,shared_parallel_flat_port_assumption_in_rig_frame,assumed exactly parallel; not measured,1.0,1.5,1.33,0.005,0.01,50,50,0,3.1216953025725926,3.03420894201393,3.2235430015140305,3.261053045778171,0.004966138716824229,2.0778028045011734,2.2094472384865504,1.4128851996080807
HYPOTHETICAL_R1_SENSITIVITY_ONLY,NOT_IDENTIFIABLE,Set_B_custom_consistent,shared_parallel_flat_port_assumption_in_rig_frame,assumed exactly parallel; not measured,1.0,1.5,1.33,0.01,0.003,50,50,0,3.1178182146036537,3.0307695359550597,3.220892807812293,3.258130784624023,0.004962415761509911,2.0778028045011734,2.2094472384865504,1.4111304222586136
HYPOTHETICAL_R1_SENSITIVITY_ONLY,NOT_IDENTIFIABLE,Set_B_custom_consistent,shared_parallel_flat_port_assumption_in_rig_frame,assumed exactly parallel; not measured,1.0,1.5,1.33,0.01,0.005,50,50,0,3.118114457169897,3.03104931601965,3.221131206197743,3.258376878063961,0.0049626199195868005,2.0778028045011734,2.2094472384865504,1.4112645022045307
HYPOTHETICAL_R1_SENSITIVITY_ONLY,NOT_IDENTIFIABLE,Set_B_custom_consistent,shared_parallel_flat_port_assumption_in_rig_frame,assumed exactly parallel; not measured,1.0,1.5,1.33,0.01,0.008,50,50,0,3.1185588210192616,3.031468986116535,3.221488803775919,3.258746022511265,0.004962926156702345,2.0778028045011734,2.2094472384865504,1.4114656221234065
HYPOTHETICAL_R1_SENSITIVITY_ONLY,NOT_IDENTIFIABLE,Set_B_custom_consistent,shared_parallel_flat_port_assumption_in_rig_frame,assumed exactly parallel; not measured,1.0,1.5,1.33,0.01,0.01,50,50,0,3.1188550635855052,3.0317487661811247,3.221727202161369,3.258992121666978,0.004963130314779351,2.0778028045011734,2.2094472384865504,1.411599702069324
HYPOTHETICAL_R1_SENSITIVITY_ONLY,NOT_IDENTIFIABLE,Set_B_custom_consistent,shared_parallel_flat_port_assumption_in_rig_frame,assumed exactly parallel; not measured,1.0,1.5,1.33,0.02,0.003,50,50,0,3.112137736629479,3.0258491842894504,3.217261209106971,3.254009504832653,0.004956398957420099,2.0778028045011734,2.2094472384865504,1.4085594271811002
HYPOTHETICAL_R1_SENSITIVITY_ONLY,NOT_IDENTIFIABLE,Set_B_custom_consistent,shared_parallel_flat_port_assumption_in_rig_frame,assumed exactly parallel; not measured,1.0,1.5,1.33,0.02,0.005,50,50,0,3.112433979195722,3.0261289643540397,3.217499607492421,3.2542555615731246,0.004956603115497037,2.0778028045011734,2.2094472384865504,1.4086935071270172
HYPOTHETICAL_R1_SENSITIVITY_ONLY,NOT_IDENTIFIABLE,Set_B_custom_consistent,shared_parallel_flat_port_assumption_in_rig_frame,assumed exactly parallel; not measured,1.0,1.5,1.33,0.02,0.008,50,50,0,3.1128783430450877,3.0265486344509256,3.217857205070597,3.254624650987065,0.004956909352612644,2.0778028045011734,2.2094472384865504,1.4088946270458935
HYPOTHETICAL_R1_SENSITIVITY_ONLY,NOT_IDENTIFIABLE,Set_B_custom_consistent,shared_parallel_flat_port_assumption_in_rig_frame,assumed exactly parallel; not measured,1.0,1.5,1.33,0.02,0.01,50,50,0,3.1131745856113313,3.026828414515515,3.2180956034560473,3.254870713464421,0.004957113510689741,2.0778028045011734,2.2094472384865504,1.4090287069918108
HYPOTHETICAL_R1_SENSITIVITY_ONLY,NOT_IDENTIFIABLE,Set_B_custom_consistent,shared_parallel_flat_port_assumption_in_rig_frame,assumed exactly parallel; not measured,1.0,1.5,1.33,0.03,0.003,50,50,0,3.106457258655305,3.0209288326238384,3.213629610401649,3.249893047152887,0.004950382153330444,2.0778028045011734,2.2094472384865504,1.405988432103587
HYPOTHETICAL_R1_SENSITIVITY_ONLY,NOT_IDENTIFIABLE,Set_B_custom_consistent,shared_parallel_flat_port_assumption_in_rig_frame,assumed exactly parallel; not measured,1.0,1.5,1.33,0.03,0.005,50,50,0,3.106753501221549,3.021208612688429,3.213868008787099,3.250138241684096,0.004950586311407301,2.0778028045011734,2.2094472384865504,1.4061225120495044
HYPOTHETICAL_R1_SENSITIVITY_ONLY,NOT_IDENTIFIABLE,Set_B_custom_consistent,shared_parallel_flat_port_assumption_in_rig_frame,assumed exactly parallel; not measured,1.0,1.5,1.33,0.03,0.008,50,50,0,3.107197865070914,3.021628282785314,3.214225606365275,3.2505060378323445,0.0049508925485228904,2.0778028045011734,2.2094472384865504,1.4063236319683803
HYPOTHETICAL_R1_SENSITIVITY_ONLY,NOT_IDENTIFIABLE,Set_B_custom_consistent,shared_parallel_flat_port_assumption_in_rig_frame,assumed exactly parallel; not measured,1.0,1.5,1.33,0.03,0.01,50,50,0,3.107494107637158,3.021908062849905,3.2144640047507256,3.2507512381647015,0.004951096706599898,2.0778028045011734,2.2094472384865504,1.4064577119142978
HYPOTHETICAL_R1_SENSITIVITY_ONLY,NOT_IDENTIFIABLE,Set_B_custom_consistent,shared_parallel_flat_port_assumption_in_rig_frame,assumed exactly parallel; not measured,1.0,1.52,1.33,0.005,0.003,50,50,0,3.1207014823604564,3.033271010711756,3.2227450267293354,3.260228448779248,0.0049654485880695496,2.0778028045012613,2.2094472384865504,1.412435394699946
HYPOTHETICAL_R1_SENSITIVITY_ONLY,NOT_IDENTIFIABLE,Set_B_custom_consistent,shared_parallel_flat_port_assumption_in_rig_frame,assumed exactly parallel; not measured,1.0,1.52,1.33,0.005,0.005,50,50,0,3.121026410773159,3.0335783233922724,3.2230077048243797,3.2604990971676333,0.0049656690291566,2.0778028045012613,2.2094472384865504,1.412582457914239
HYPOTHETICAL_R1_SENSITIVITY_ONLY,NOT_IDENTIFIABLE,Set_B_custom_consistent,shared_parallel_flat_port_assumption_in_rig_frame,assumed exactly parallel; not measured,1.0,1.52,1.33,0.005,0.008,50,50,0,3.121513803392212,3.034039292413049,3.223401721966945,3.260905074934737,0.004965999690786881,2.0778028045012613,2.2094472384865504,1.412803052735678
HYPOTHETICAL_R1_SENSITIVITY_ONLY,NOT_IDENTIFIABLE,Set_B_custom_consistent,shared_parallel_flat_port_assumption_in_rig_frame,assumed exactly parallel; not measured,1.0,1.52,1.33,0.005,0.01,50,50,0,3.121838731804915,3.034346605093567,3.2236644000619896,3.26117573023482,0.004966220131873897,2.0778028045012613,2.2094472384865504,1.412950115949971
HYPOTHETICAL_R1_SENSITIVITY_ONLY,NOT_IDENTIFIABLE,Set_B_custom_consistent,shared_parallel_flat_port_assumption_in_rig_frame,assumed exactly parallel; not measured,1.0,1.52,1.33,0.01,0.003,50,50,0,3.117861243373369,3.0308108348789506,3.2209292273766743,3.2581675859294417,0.00496244018602471,2.0778028045012613,2.2094472384865504,1.411149897161189
HYPOTHETICAL_R1_SENSITIVITY_ONLY,NOT_IDENTIFIABLE,Set_B_custom_consistent,shared_parallel_flat_port_assumption_in_rig_frame,assumed exactly parallel; not measured,1.0,1.52,1.33,0.01,0.005,50,50,0,3.118186171786072,3.031118147559468,3.2211919054717186,3.2584382141777244,0.004962660627111723,2.0778028045012613,2.2094472384865504,1.4112969603754824
HYPOTHETICAL_R1_SENSITIVITY_ONLY,NOT_IDENTIFIABLE,Set_B_custom_consistent,shared_parallel_flat_port_assumption_in_rig_frame,assumed exactly parallel; not measured,1.0,1.52,1.33,0.01,0.008,50,50,0,3.1186735644051247,3.031579116580244,3.2215859226142842,3.2588441617442254,0.004962991288742069,2.0778028045012613,2.2094472384865504,1.4115175551969212
HYPOTHETICAL_R1_SENSITIVITY_ONLY,NOT_IDENTIFIABLE,Set_B_custom_consistent,shared_parallel_flat_port_assumption_in_rig_frame,assumed exactly parallel; not measured,1.0,1.52,1.33,0.01,0.01,50,50,0,3.1189984928178274,3.0318864292607617,3.221848600709328,3.259114796916938,0.00496321172982901,2.0778028045012613,2.2094472384865504,1.4116646184112143
HYPOTHETICAL_R1_SENSITIVITY_ONLY,NOT_IDENTIFIABLE,Set_B_custom_consistent,shared_parallel_flat_port_assumption_in_rig_frame,assumed exactly parallel; not measured,1.0,1.52,1.33,0.02,0.003,50,50,0,3.112180765399195,3.0258904832133404,3.217297628671353,3.2540463005939175,0.004956423381934975,2.0778028045012613,2.2094472384865504,1.408578902083676
HYPOTHETICAL_R1_SENSITIVITY_ONLY,NOT_IDENTIFIABLE,Set_B_custom_consistent,shared_parallel_flat_port_assumption_in_rig_frame,assumed exactly parallel; not measured,1.0,1.52,1.33,0.02,0.005,50,50,0,3.112505693811898,3.026197795893858,3.217560306766397,3.2543168884488587,0.004956643823021971,2.0778028045012613,2.2094472384865504,1.4087259652979691
HYPOTHETICAL_R1_SENSITIVITY_ONLY,NOT_IDENTIFIABLE,Set_B_custom_consistent,shared_parallel_flat_port_assumption_in_rig_frame,assumed exactly parallel; not measured,1.0,1.52,1.33,0.02,0.008,50,50,0,3.1129930864309507,3.026658764914634,3.2179543239089625,3.2547227754445176,0.004956974484652304,2.0778028045012613,2.2094472384865504,1.408946560119408
HYPOTHETICAL_R1_SENSITIVITY_ONLY,NOT_IDENTIFIABLE,Set_B_custom_consistent,shared_parallel_flat_port_assumption_in_rig_frame,assumed exactly parallel; not measured,1.0,1.52,1.33,0.02,0.01,50,50,0,3.113318014843653,3.0269660775951515,3.218217002004006,3.2549933702494442,0.004957194925739327,2.0778028045012613,2.2094472384865504,1.409093623333701
HYPOTHETICAL_R1_SENSITIVITY_ONLY,NOT_IDENTIFIABLE,Set_B_custom_consistent,shared_parallel_flat_port_assumption_in_rig_frame,assumed exactly parallel; not measured,1.0,1.52,1.33,0.03,0.003,50,50,0,3.1065002874250207,3.02097013154773,3.2136660299660313,3.2499297372916645,0.004950406577845257,2.0778028045012613,2.2094472384865504,1.4060079070061626
HYPOTHETICAL_R1_SENSITIVITY_ONLY,NOT_IDENTIFIABLE,Set_B_custom_consistent,shared_parallel_flat_port_assumption_in_rig_frame,assumed exactly parallel; not measured,1.0,1.52,1.33,0.03,0.005,50,50,0,3.1068252158377234,3.0212774442282484,3.213928708061075,3.250199392529054,0.004950627018932259,2.0778028045012613,2.2094472384865504,1.4061549702204557
HYPOTHETICAL_R1_SENSITIVITY_ONLY,NOT_IDENTIFIABLE,Set_B_custom_consistent,shared_parallel_flat_port_assumption_in_rig_frame,assumed exactly parallel; not measured,1.0,1.52,1.33,0.03,0.008,50,50,0,3.107312608456777,3.0217384132490235,3.214322725203641,3.2506038806566355,0.004950957680562498,2.0778028045012613,2.2094472384865504,1.406375565041895
HYPOTHETICAL_R1_SENSITIVITY_ONLY,NOT_IDENTIFIABLE,Set_B_custom_consistent,shared_parallel_flat_port_assumption_in_rig_frame,assumed exactly parallel; not measured,1.0,1.52,1.33,0.03,0.01,50,50,0,3.1076375368694795,3.0220457259295412,3.2145854032986847,3.250873542921667,0.004951178121649565,2.0778028045012613,2.2094472384865504,1.406522628256188
HYPOTHETICAL_R1_SENSITIVITY_ONLY,NOT_IDENTIFIABLE,Set_B_custom_consistent,shared_parallel_flat_port_assumption_in_rig_frame,assumed exactly parallel; not measured,1.0,1.47,1.333,0.005,0.003,50,50,0,3.130309441972143,3.0417504298201536,3.230355732911929,3.2678414998411003,0.004973761298007605,2.0730979370183755,2.2094472384865504,1.416783975396658
HYPOTHETICAL_R1_SENSITIVITY_ONLY,NOT_IDENTIFIABLE,Set_B_custom_consistent,shared_parallel_flat_port_assumption_in_rig_frame,assumed exactly parallel; not measured,1.0,1.47,1.333,0.005,0.005,50,50,0,3.130555113876955,3.041972130118438,3.2305520686325453,3.2680448425196618,0.004973934127603517,2.0730979370183755,2.2094472384865504,1.4168951669655414
HYPOTHETICAL_R1_SENSITIVITY_ONLY,NOT_IDENTIFIABLE,Set_B_custom_consistent,shared_parallel_flat_port_assumption_in_rig_frame,assumed exactly parallel; not measured,1.0,1.47,1.333,0.005,0.008,50,50,0,3.1309236217341736,3.0423046805658656,3.2308465722134705,3.268349859429647,0.004974193371997289,2.0730979370183755,2.2094472384865504,1.4170619543188663
HYPOTHETICAL_R1_SENSITIVITY_ONLY,NOT_IDENTIFIABLE,Set_B_custom_consistent,shared_parallel_flat_port_assumption_in_rig_frame,assumed exactly parallel; not measured,1.0,1.47,1.333,0.005,0.01,50,50,0,3.1311692936389863,3.042526380864151,3.231042907934088,3.2685532059639772,0.004974366201593131,2.0730979370183755,2.2094472384865504,1.41717314588775
HYPOTHETICAL_R1_SENSITIVITY_ONLY,NOT_IDENTIFIABLE,Set_B_custom_consistent,shared_parallel_flat_port_assumption_in_rig_frame,assumed exactly parallel; not measured,1.0,1.47,1.333,0.01,0.003,50,50,0,3.127444721591558,3.0394498526467557,3.228523599458129,3.2657619690611686,0.004970735681845098,2.0730979370183755,2.2094472384865504,1.41548739753289
HYPOTHETICAL_R1_SENSITIVITY_ONLY,NOT_IDENTIFIABLE,Set_B_custom_consistent,shared_parallel_flat_port_assumption_in_rig_frame,assumed exactly parallel; not measured,1.0,1.47,1.333,0.01,0.005,50,50,0,3.127690393496371,3.03967155294504,3.2287199351787454,3.265965296614659,0.004970908511440922,2.0730979370183755,2.2094472384865504,1.4155985891017737
HYPOTHETICAL_R1_SENSITIVITY_ONLY,NOT_IDENTIFIABLE,Set_B_custom_consistent,shared_parallel_flat_port_assumption_in_rig_frame,assumed exactly parallel; not measured,1.0,1.47,1.333,0.01,0.008,50,50,0,3.1280589013535884,3.0400041033924676,3.22901443875967,3.2662702908424066,0.00497116775583464,2.0730979370183755,2.2094472384865504,1.4157653764550984
HYPOTHETICAL_R1_SENSITIVITY_ONLY,NOT_IDENTIFIABLE,Set_B_custom_consistent,shared_parallel_flat_port_assumption_in_rig_frame,assumed exactly parallel; not measured,1.0,1.47,1.333,0.01,0.01,50,50,0,3.1283045732584016,3.040225803690753,3.229210774480288,3.2664736222588258,0.0049713405854304804,2.0730979370183755,2.2094472384865504,1.415876568023982
HYPOTHETICAL_R1_SENSITIVITY_ONLY,NOT_IDENTIFIABLE,Set_B_custom_consistent,shared_parallel_flat_port_assumption_in_rig_frame,assumed exactly parallel; not measured,1.0,1.47,1.333,0.02,0.003,50,50,0,3.1217152808303883,3.034502759141537,3.2248593325505293,3.261603352724901,0.00496468444951987,2.0730979370183755,2.2094472384865504,1.4128942418053543
HYPOTHETICAL_R1_SENSITIVITY_ONLY,NOT_IDENTIFIABLE,Set_B_custom_consistent,shared_parallel_flat_port_assumption_in_rig_frame,assumed exactly parallel; not measured,1.0,1.47,1.333,0.02,0.005,50,50,0,3.1219609527351997,3.0347342743702743,3.225055668271146,3.2618066499426424,0.004964857279115614,2.0730979370183755,2.2094472384865504,1.4130054333742372
HYPOTHETICAL_R1_SENSITIVITY_ONLY,NOT_IDENTIFIABLE,Set_B_custom_consistent,shared_parallel_flat_port_assumption_in_rig_frame,assumed exactly parallel; not measured,1.0,1.47,1.333,0.02,0.008,50,50,0,3.122329460592419,3.0350815472133807,3.2253501718520714,3.2621115986775497,0.004965116523509474,2.0730979370183755,2.2094472384865504,1.4131722207275625
HYPOTHETICAL_R1_SENSITIVITY_ONLY,NOT_IDENTIFIABLE,Set_B_custom_consistent,shared_parallel_flat_port_assumption_in_rig_frame,assumed exactly parallel; not measured,1.0,1.47,1.333,0.02,0.01,50,50,0,3.1225751324972304,3.035313062442117,3.2255465075726875,3.262314899772595,0.004965289353105189,2.0730979370183755,2.2094472384865504,1.4132834122964455
HYPOTHETICAL_R1_SENSITIVITY_ONLY,NOT_IDENTIFIABLE,Set_B_custom_consistent,shared_parallel_flat_port_assumption_in_rig_frame,assumed exactly parallel; not measured,1.0,1.47,1.333,0.03,0.003,50,50,0,3.115985840069218,3.029539083518263,3.2211950656429296,3.2574453319146564,0.0049586332171946135,2.0730979370183755,2.2094472384865504,1.410301086077818
HYPOTHETICAL_R1_SENSITIVITY_ONLY,NOT_IDENTIFIABLE,Set_B_custom_consistent,shared_parallel_flat_port_assumption_in_rig_frame,assumed exactly parallel; not measured,1.0,1.47,1.333,0.03,0.005,50,50,0,3.11623151197403,3.029770598747001,3.2213914013635465,3.257648598682041,0.004958806046790375,2.0730979370183755,2.2094472384865504,1.4104122776467012
HYPOTHETICAL_R1_SENSITIVITY_ONLY,NOT_IDENTIFIABLE,Set_B_custom_consistent,shared_parallel_flat_port_assumption_in_rig_frame,assumed exactly parallel; not measured,1.0,1.47,1.333,0.03,0.008,50,50,0,3.1166000198312487,3.030117871590106,3.2216859049444713,3.2579535017522483,0.00495906529118429,2.0730979370183755,2.2094472384865504,1.4105790650000265
HYPOTHETICAL_R1_SENSITIVITY_ONLY,NOT_IDENTIFIABLE,Set_B_custom_consistent,shared_parallel_flat_port_assumption_in_rig_frame,assumed exactly parallel; not measured,1.0,1.47,1.333,0.03,0.01,50,50,0,3.116845691736061,3.030349386818844,3.2218822406650887,3.258156772411385,0.004959238120779986,2.0730979370183755,2.2094472384865504,1.4106902565689097
HYPOTHETICAL_R1_SENSITIVITY_ONLY,NOT_IDENTIFIABLE,Set_B_custom_consistent,shared_parallel_flat_port_assumption_in_rig_frame,assumed exactly parallel; not measured,1.0,1.5,1.333,0.005,0.003,50,50,0,3.1303773186650954,3.0418130638017855,3.2304124945658863,3.2678991709299883,0.0049738018141774806,2.0730979370183755,2.2094472384865504,1.4168146965162984
HYPOTHETICAL_R1_SENSITIVITY_ONLY,NOT_IDENTIFIABLE,Set_B_custom_consistent,shared_parallel_flat_port_assumption_in_rig_frame,assumed exactly parallel; not measured,1.0,1.5,1.333,0.005,0.005,50,50,0,3.130668241698553,3.04207652008783,3.2306466713891364,3.2681409618071395,0.004974001654553006,2.0730979370183755,2.2094472384865504,1.4169463688316133
HYPOTHETICAL_R1_SENSITIVITY_ONLY,NOT_IDENTIFIABLE,Set_B_custom_consistent,shared_parallel_flat_port_assumption_in_rig_frame,assumed exactly parallel; not measured,1.0,1.5,1.333,0.005,0.008,50,50,0,3.1311046262487388,3.042471704516898,3.230997936624015,3.268503652223506,0.0049743014151165995,2.0730979370183755,2.2094472384865504,1.4171438773045852
HYPOTHETICAL_R1_SENSITIVITY_ONLY,NOT_IDENTIFIABLE,Set_B_custom_consistent,shared_parallel_flat_port_assumption_in_rig_frame,assumed exactly parallel; not measured,1.0,1.5,1.333,0.005,0.01,50,50,0,3.131395549282198,3.042735160802944,3.2312321134472657,3.268745448567471,0.004974501255492196,2.0730979370183755,2.2094472384865504,1.4172755496199008
HYPOTHETICAL_R1_SENSITIVITY_ONLY,NOT_IDENTIFIABLE,Set_B_custom_consistent,shared_parallel_flat_port_assumption_in_rig_frame,assumed exactly parallel; not measured,1.0,1.5,1.333,0.01,0.003,50,50,0,3.1275125982845093,3.0395124866283867,3.228580361112086,3.2658196358211207,0.00497077619801483,2.0730979370183755,2.2094472384865504,1.4155181186525299
HYPOTHETICAL_R1_SENSITIVITY_ONLY,NOT_IDENTIFIABLE,Set_B_custom_consistent,shared_parallel_flat_port_assumption_in_rig_frame,assumed exactly parallel; not measured,1.0,1.5,1.333,0.01,0.005,50,50,0,3.1278035213179685,3.0397759429144324,3.228814537935337,3.266061408688733,0.004970976038390421,2.0730979370183755,2.2094472384865504,1.4156497909678454
HYPOTHETICAL_R1_SENSITIVITY_ONLY,NOT_IDENTIFIABLE,Set_B_custom_consistent,shared_parallel_flat_port_assumption_in_rig_frame,assumed exactly parallel; not measured,1.0,1.5,1.333,0.01,0.008,50,50,0,3.1282399058681545,3.0401711273434993,3.2291658031702144,3.2664240720984017,0.004971275798953951,2.0730979370183755,2.2094472384865504,1.4158472994408176
HYPOTHETICAL_R1_SENSITIVITY_ONLY,NOT_IDENTIFIABLE,Set_B_custom_consistent,shared_parallel_flat_port_assumption_in_rig_frame,assumed exactly parallel; not measured,1.0,1.5,1.333,0.01,0.01,50,50,0,3.1285308289016123,3.040434583629545,3.2293999799934663,3.2666658504429713,0.004971475639329582,2.0730979370183755,2.2094472384865504,1.4159789717561326
HYPOTHETICAL_R1_SENSITIVITY_ONLY,NOT_IDENTIFIABLE,Set_B_custom_consistent,shared_parallel_flat_port_assumption_in_rig_frame,assumed exactly parallel; not measured,1.0,1.5,1.333,0.02,0.003,50,50,0,3.1217831575233403,3.034567665035604,3.2249160942044863,3.2616610108025483,0.004964724965689541,2.0730979370183755,2.2094472384865504,1.4129249629249943
HYPOTHETICAL_R1_SENSITIVITY_ONLY,NOT_IDENTIFIABLE,Set_B_custom_consistent,shared_parallel_flat_port_assumption_in_rig_frame,assumed exactly parallel; not measured,1.0,1.5,1.333,0.02,0.005,50,50,0,3.1220740805567977,3.034842450860376,3.2251502710277373,3.2619027475492044,0.004964924806065164,2.0730979370183755,2.2094472384865504,1.4130566352403091
HYPOTHETICAL_R1_SENSITIVITY_ONLY,NOT_IDENTIFIABLE,Set_B_custom_consistent,shared_parallel_flat_port_assumption_in_rig_frame,assumed exactly parallel; not measured,1.0,1.5,1.333,0.02,0.008,50,50,0,3.1225104651069846,3.0352546295975356,3.225501536262615,3.262265356792714,0.0049652245666286935,2.0730979370183755,2.2094472384865504,1.4132541437132817
HYPOTHETICAL_R1_SENSITIVITY_ONLY,NOT_IDENTIFIABLE,Set_B_custom_consistent,shared_parallel_flat_port_assumption_in_rig_frame,assumed exactly parallel; not measured,1.0,1.5,1.333,0.02,0.01,50,50,0,3.1228013881404415,3.0355294154223076,3.225735713085866,3.2625070990366902,0.004965424407004316,2.0730979370183755,2.2094472384865504,1.4133858160285961
HYPOTHETICAL_R1_SENSITIVITY_ONLY,NOT_IDENTIFIABLE,Set_B_custom_consistent,shared_parallel_flat_port_assumption_in_rig_frame,assumed exactly parallel; not measured,1.0,1.5,1.333,0.03,0.003,50,50,0,3.1160537167621696,3.0296039894123297,3.2212518272968866,3.257502981277293,0.004958673733364319,2.0730979370183755,2.2094472384865504,1.410331807197458
HYPOTHETICAL_R1_SENSITIVITY_ONLY,NOT_IDENTIFIABLE,Set_B_custom_consistent,shared_parallel_flat_port_assumption_in_rig_frame,assumed exactly parallel; not measured,1.0,1.5,1.333,0.03,0.005,50,50,0,3.1163446397956287,3.029878775237102,3.221486004120138,3.257744681766596,0.004958873573739898,2.0730979370183755,2.2094472384865504,1.4104634795127735
HYPOTHETICAL_R1_SENSITIVITY_ONLY,NOT_IDENTIFIABLE,Set_B_custom_consistent,shared_parallel_flat_port_assumption_in_rig_frame,assumed exactly parallel; not measured,1.0,1.5,1.333,0.03,0.008,50,50,0,3.1167810243458147,3.0302909539742613,3.221837269355015,3.2581072366394235,0.004959173334303438,2.0730979370183755,2.2094472384865504,1.4106609879857457
HYPOTHETICAL_R1_SENSITIVITY_ONLY,NOT_IDENTIFIABLE,Set_B_custom_consistent,shared_parallel_flat_port_assumption_in_rig_frame,assumed exactly parallel; not measured,1.0,1.5,1.333,0.03,0.01,50,50,0,3.117071947379272,3.0305657397990338,3.222071446178267,3.258348942646508,0.004959373174679035,2.0730979370183755,2.2094472384865504,1.4107926603010605
HYPOTHETICAL_R1_SENSITIVITY_ONLY,NOT_IDENTIFIABLE,Set_B_custom_consistent,shared_parallel_flat_port_assumption_in_rig_frame,assumed exactly parallel; not measured,1.0,1.52,1.333,0.005,0.003,50,50,0,3.1304204817919192,3.0418531124558337,3.2304490014110088,3.2679360842349348,0.004973826331777656,2.0730979370183755,2.2094472384865504,1.4168342322291554
HYPOTHETICAL_R1_SENSITIVITY_ONLY,NOT_IDENTIFIABLE,Set_B_custom_consistent,shared_parallel_flat_port_assumption_in_rig_frame,assumed exactly parallel; not measured,1.0,1.52,1.333,0.005,0.005,50,50,0,3.130740180243255,3.0421432678445717,3.230707516131016,3.268202484573001,0.004974042517220218,2.0730979370183755,2.2094472384865504,1.4169789283530396
HYPOTHETICAL_R1_SENSITIVITY_ONLY,NOT_IDENTIFIABLE,Set_B_custom_consistent,shared_parallel_flat_port_assumption_in_rig_frame,assumed exactly parallel; not measured,1.0,1.52,1.333,0.005,0.008,50,50,0,3.1312197279202567,3.0425785009276787,3.2310952882110255,3.2686020900667536,0.004974366795383744,2.0730979370183755,2.2094472384865504,1.4171959725388652
HYPOTHETICAL_R1_SENSITIVITY_ONLY,NOT_IDENTIFIABLE,Set_B_custom_consistent,shared_parallel_flat_port_assumption_in_rig_frame,assumed exactly parallel; not measured,1.0,1.52,1.333,0.005,0.01,50,50,0,3.1315394263715923,3.042868656316417,3.231353802931033,3.2688684970527424,0.004974582980826248,2.0730979370183755,2.2094472384865504,1.4173406686627492
HYPOTHETICAL_R1_SENSITIVITY_ONLY,NOT_IDENTIFIABLE,Set_B_custom_consistent,shared_parallel_flat_port_assumption_in_rig_frame,assumed exactly parallel; not measured,1.0,1.52,1.333,0.01,0.003,50,50,0,3.127555761411334,3.0395525352824353,3.228616867957209,3.2658565463490796,0.004970800715614987,2.0730979370183755,2.2094472384865504,1.4155376543653873
HYPOTHETICAL_R1_SENSITIVITY_ONLY,NOT_IDENTIFIABLE,Set_B_custom_consistent,shared_parallel_flat_port_assumption_in_rig_frame,assumed exactly parallel; not measured,1.0,1.52,1.333,0.01,0.005,50,50,0,3.1278754598626692,3.0398426906711733,3.2288753826772165,3.266122926827376,0.004971016901057395,2.0730979370183755,2.2094472384865504,1.4156823504892713
HYPOTHETICAL_R1_SENSITIVITY_ONLY,NOT_IDENTIFIABLE,Set_B_custom_consistent,shared_parallel_flat_port_assumption_in_rig_frame,assumed exactly parallel; not measured,1.0,1.52,1.333,0.01,0.008,50,50,0,3.1283550075396716,3.0402779237542803,3.2292631547572257,3.2665225025407203,0.0049713411792210675,2.0730979370183755,2.2094472384865504,1.415899394675097
HYPOTHETICAL_R1_SENSITIVITY_ONLY,NOT_IDENTIFIABLE,Set_B_custom_consistent,shared_parallel_flat_port_assumption_in_rig_frame,assumed exactly parallel; not measured,1.0,1.52,1.333,0.01,0.01,50,50,0,3.1286747059910067,3.0405680791430183,3.229521669477233,3.266788889679268,0.004971557364663587,2.0730979370183755,2.2094472384865504,1.416044090798981
HYPOTHETICAL_R1_SENSITIVITY_ONLY,NOT_IDENTIFIABLE,Set_B_custom_consistent,shared_parallel_flat_port_assumption_in_rig_frame,assumed exactly parallel; not measured,1.0,1.52,1.333,0.02,0.003,50,50,0,3.1218263206501633,3.034609083881454,3.2249526010496097,3.2616979157608745,0.00496474948328973,2.0730979370183755,2.2094472384865504,1.412944498637851
HYPOTHETICAL_R1_SENSITIVITY_ONLY,NOT_IDENTIFIABLE,Set_B_custom_consistent,shared_parallel_flat_port_assumption_in_rig_frame,assumed exactly parallel; not measured,1.0,1.52,1.333,0.02,0.005,50,50,0,3.122146019101499,3.0349114822701297,3.225211115769617,3.2619642564073192,0.004964965668732223,2.0730979370183755,2.2094472384865504,1.4130891947617352
HYPOTHETICAL_R1_SENSITIVITY_ONLY,NOT_IDENTIFIABLE,Set_B_custom_consistent,shared_parallel_flat_port_assumption_in_rig_frame,assumed exactly parallel; not measured,1.0,1.52,1.333,0.02,0.008,50,50,0,3.1226255667785017,3.035365079853143,3.225598887849626,3.262363772391449,0.004965289946895811,2.0730979370183755,2.2094472384865504,1.413306238947561
HYPOTHETICAL_R1_SENSITIVITY_ONLY,NOT_IDENTIFIABLE,Set_B_custom_consistent,shared_parallel_flat_port_assumption_in_rig_frame,assumed exactly parallel; not measured,1.0,1.52,1.333,0.02,0.01,50,50,0,3.1229452652298373,3.0356674782418187,3.2258574025696327,3.2626301197228917,0.004965506132338378,2.0730979370183755,2.2094472384865504,1.4134509350714453
HYPOTHETICAL_R1_SENSITIVITY_ONLY,NOT_IDENTIFIABLE,Set_B_custom_consistent,shared_parallel_flat_port_assumption_in_rig_frame,assumed exactly parallel; not measured,1.0,1.52,1.333,0.03,0.003,50,50,0,3.116096879888994,3.0296454082581805,3.22128833414201,3.2575398806450186,0.0049586982509644386,2.0730979370183755,2.2094472384865504,1.4103513429103152
HYPOTHETICAL_R1_SENSITIVITY_ONLY,NOT_IDENTIFIABLE,Set_B_custom_consistent,shared_parallel_flat_port_assumption_in_rig_frame,assumed exactly parallel; not measured,1.0,1.52,1.333,0.03,0.005,50,50,0,3.116416578340329,3.029947806646856,3.2215468488620167,3.257806181309249,0.004958914436406893,2.0730979370183755,2.2094472384865504,1.4104960390341992
HYPOTHETICAL_R1_SENSITIVITY_ONLY,NOT_IDENTIFIABLE,Set_B_custom_consistent,shared_parallel_flat_port_assumption_in_rig_frame,assumed exactly parallel; not measured,1.0,1.52,1.333,0.03,0.008,50,50,0,3.1168961260173313,3.030401404229869,3.2219346209420263,3.2582056373387114,0.004959238714570501,2.0730979370183755,2.2094472384865504,1.410713083220025
HYPOTHETICAL_R1_SENSITIVITY_ONLY,NOT_IDENTIFIABLE,Set_B_custom_consistent,shared_parallel_flat_port_assumption_in_rig_frame,assumed exactly parallel; not measured,1.0,1.52,1.333,0.03,0.01,50,50,0,3.1172158244686674,3.0307038026185444,3.222193135662034,3.258471944712806,0.004959454900013138,2.0730979370183755,2.2094472384865504,1.4108577793439094
HYPOTHETICAL_R1_SENSITIVITY_ONLY,NOT_IDENTIFIABLE,Set_B_custom_consistent,shared_parallel_flat_port_assumption_in_rig_frame,assumed exactly parallel; not measured,1.0,1.47,1.336,0.005,0.003,50,50,0,3.1391272167742494,3.0501023653793196,3.2380584078815833,3.2755476462277264,0.004982080441499559,2.06841440795169,2.2094472384865504,1.4207749169536723
HYPOTHETICAL_R1_SENSITIVITY_ONLY,NOT_IDENTIFIABLE,Set_B_custom_consistent,shared_parallel_flat_port_assumption_in_rig_frame,assumed exactly parallel; not measured,1.0,1.47,1.336,0.005,0.005,50,50,0,3.1393415642236593,3.05031917061115,3.2382504321717036,3.275746553364022,0.0049822488874865815,2.06841440795169,2.2094472384865504,1.4208719310147806
HYPOTHETICAL_R1_SENSITIVITY_ONLY,NOT_IDENTIFIABLE,Set_B_custom_consistent,shared_parallel_flat_port_assumption_in_rig_frame,assumed exactly parallel; not measured,1.0,1.47,1.336,0.005,0.008,50,50,0,3.1396630853977756,3.050644378458896,3.2385384686068854,3.2760449168158257,0.004982501556467211,2.06841440795169,2.2094472384865504,1.4210174521064436
HYPOTHETICAL_R1_SENSITIVITY_ONLY,NOT_IDENTIFIABLE,Set_B_custom_consistent,shared_parallel_flat_port_assumption_in_rig_frame,assumed exactly parallel; not measured,1.0,1.47,1.336,0.005,0.01,50,50,0,3.139877432847187,3.0508611836907273,3.2387304928970067,3.276243827614879,0.004982670002454213,2.06841440795169,2.2094472384865504,1.4211144661675523
HYPOTHETICAL_R1_SENSITIVITY_ONLY,NOT_IDENTIFIABLE,Set_B_custom_consistent,shared_parallel_flat_port_assumption_in_rig_frame,assumed exactly parallel; not measured,1.0,1.47,1.336,0.01,0.003,50,50,0,3.1368038205387765,3.047781672582654,3.236209942610443,3.273449442249796,0.004979037731250482,2.06841440795169,2.2094472384865504,1.4197233434220662
HYPOTHETICAL_R1_SENSITIVITY_ONLY,NOT_IDENTIFIABLE,Set_B_custom_consistent,shared_parallel_flat_port_assumption_in_rig_frame,assumed exactly parallel; not measured,1.0,1.47,1.336,0.01,0.005,50,50,0,3.1370171475917576,3.047998477814486,3.236401966900563,3.273648334565122,0.004979206177237332,2.06841440795169,2.2094472384865504,1.4198198956498203
HYPOTHETICAL_R1_SENSITIVITY_ONLY,NOT_IDENTIFIABLE,Set_B_custom_consistent,shared_parallel_flat_port_assumption_in_rig_frame,assumed exactly parallel; not measured,1.0,1.47,1.336,0.01,0.008,50,50,0,3.1373371381712287,3.0483236856622318,3.2366900033357453,3.273946675790607,0.004979458846217971,2.06841440795169,2.2094472384865504,1.4199647239914512
HYPOTHETICAL_R1_SENSITIVITY_ONLY,NOT_IDENTIFIABLE,Set_B_custom_consistent,shared_parallel_flat_port_assumption_in_rig_frame,assumed exactly parallel; not measured,1.0,1.47,1.336,0.01,0.01,50,50,0,3.1375504652242103,3.0485404908940623,3.236882027625866,3.2741455717755388,0.0049796272922050374,2.06841440795169,2.2094472384865504,1.4200612762192055
HYPOTHETICAL_R1_SENSITIVITY_ONLY,NOT_IDENTIFIABLE,Set_B_custom_consistent,shared_parallel_flat_port_assumption_in_rig_frame,assumed exactly parallel; not measured,1.0,1.47,1.336,0.02,0.003,50,50,0,3.13135369118468,3.043140286989326,3.232513012068162,3.269253484325072,0.004972952310751989,2.06841440795169,2.2094472384865504,1.4172566045657766
HYPOTHETICAL_R1_SENSITIVITY_ONLY,NOT_IDENTIFIABLE,Set_B_custom_consistent,shared_parallel_flat_port_assumption_in_rig_frame,assumed exactly parallel; not measured,1.0,1.47,1.336,0.02,0.005,50,50,0,3.1315939065476823,3.0433570922211564,3.232705036358283,3.2694523469140178,0.004973120756738895,2.06841440795169,2.2094472384865504,1.417365326493514
HYPOTHETICAL_R1_SENSITIVITY_ONLY,NOT_IDENTIFIABLE,Set_B_custom_consistent,shared_parallel_flat_port_assumption_in_rig_frame,assumed exactly parallel; not measured,1.0,1.47,1.336,0.02,0.008,50,50,0,3.131954229592189,3.043682300068903,3.232993072793465,3.2697506435602453,0.004973373425719619,2.06841440795169,2.2094472384865504,1.4175284093851215
HYPOTHETICAL_R1_SENSITIVITY_ONLY,NOT_IDENTIFIABLE,Set_B_custom_consistent,shared_parallel_flat_port_assumption_in_rig_frame,assumed exactly parallel; not measured,1.0,1.47,1.336,0.02,0.01,50,50,0,3.132194444955191,3.043899105300733,3.233185097083586,3.2699495098325437,0.004973541871706523,2.06841440795169,2.2094472384865504,1.4176371313128588
HYPOTHETICAL_R1_SENSITIVITY_ONLY,NOT_IDENTIFIABLE,Set_B_custom_consistent,shared_parallel_flat_port_assumption_in_rig_frame,assumed exactly parallel; not measured,1.0,1.47,1.336,0.03,0.003,50,50,0,3.125575322158407,3.03821010481691,3.2288160815258813,3.265058128369577,0.004966866890253578,2.06841440795169,2.2094472384865504,1.4146413038128918
HYPOTHETICAL_R1_SENSITIVITY_ONLY,NOT_IDENTIFIABLE,Set_B_custom_consistent,shared_parallel_flat_port_assumption_in_rig_frame,assumed exactly parallel; not measured,1.0,1.47,1.336,0.03,0.005,50,50,0,3.125815537521411,3.0384365028506157,3.229008105816003,3.2652569611190914,0.004967035336240488,2.06841440795169,2.2094472384865504,1.41475002574063
HYPOTHETICAL_R1_SENSITIVITY_ONLY,NOT_IDENTIFIABLE,Set_B_custom_consistent,shared_parallel_flat_port_assumption_in_rig_frame,assumed exactly parallel; not measured,1.0,1.47,1.336,0.03,0.008,50,50,0,3.126175860565915,3.038776099901174,3.229296142251184,3.265555213016533,0.004967288005221236,2.06841440795169,2.2094472384865504,1.4149131086322362
HYPOTHETICAL_R1_SENSITIVITY_ONLY,NOT_IDENTIFIABLE,Set_B_custom_consistent,shared_parallel_flat_port_assumption_in_rig_frame,assumed exactly parallel; not measured,1.0,1.47,1.336,0.03,0.01,50,50,0,3.126416075928918,3.039002497934879,3.229488166541305,3.265754049463215,0.004967456451208141,2.06841440795169,2.2094472384865504,1.415021830559974
HYPOTHETICAL_R1_SENSITIVITY_ONLY,NOT_IDENTIFIABLE,Set_B_custom_consistent,shared_parallel_flat_port_assumption_in_rig_frame,assumed exactly parallel; not measured,1.0,1.5,1.336,0.005,0.003,50,50,0,3.1391892809255495,3.0501651720110283,3.238115305222909,3.275605487803504,0.004982121101709921,2.06841440795169,2.2094472384865504,1.4208030073059645
HYPOTHETICAL_R1_SENSITIVITY_ONLY,NOT_IDENTIFIABLE,Set_B_custom_consistent,shared_parallel_flat_port_assumption_in_rig_frame,assumed exactly parallel; not measured,1.0,1.5,1.336,0.005,0.005,50,50,0,3.139445004475837,3.050423848330674,3.238345261073907,3.2758429567769083,0.004982316654503714,2.06841440795169,2.2094472384865504,1.4209187482686056
HYPOTHETICAL_R1_SENSITIVITY_ONLY,NOT_IDENTIFIABLE,Set_B_custom_consistent,shared_parallel_flat_port_assumption_in_rig_frame,assumed exactly parallel; not measured,1.0,1.5,1.336,0.005,0.008,50,50,0,3.1398285898012697,3.050811862810142,3.238690194850407,3.2761991641637924,0.004982609983694531,2.06841440795169,2.2094472384865504,1.4210923597125684
HYPOTHETICAL_R1_SENSITIVITY_ONLY,NOT_IDENTIFIABLE,Set_B_custom_consistent,shared_parallel_flat_port_assumption_in_rig_frame,assumed exactly parallel; not measured,1.0,1.5,1.336,0.005,0.01,50,50,0,3.140084313351558,3.0510705391297863,3.238920150701407,3.276436638372239,0.004982805536488338,2.06841440795169,2.2094472384865504,1.42120810067521
HYPOTHETICAL_R1_SENSITIVITY_ONLY,NOT_IDENTIFIABLE,Set_B_custom_consistent,shared_parallel_flat_port_assumption_in_rig_frame,assumed exactly parallel; not measured,1.0,1.5,1.336,0.01,0.003,50,50,0,3.1368656632869065,3.0478444792143637,3.2362668399517673,3.2735072794771343,0.004979078391460713,2.06841440795169,2.2094472384865504,1.4197513335668648
HYPOTHETICAL_R1_SENSITIVITY_ONLY,NOT_IDENTIFIABLE,Set_B_custom_consistent,shared_parallel_flat_port_assumption_in_rig_frame,assumed exactly parallel; not measured,1.0,1.5,1.336,0.01,0.005,50,50,0,3.1371202188386507,3.0481031555340086,3.236496795802768,3.273744730732074,0.004979273944254563,2.06841440795169,2.2094472384865504,1.4198665458911557
HYPOTHETICAL_R1_SENSITIVITY_ONLY,NOT_IDENTIFIABLE,Set_B_custom_consistent,shared_parallel_flat_port_assumption_in_rig_frame,assumed exactly parallel; not measured,1.0,1.5,1.336,0.01,0.008,50,50,0,3.1375020521662633,3.048491170013476,3.2368417295792664,3.2741009115486,0.004979567273445355,2.06841440795169,2.2094472384865504,1.4200393643775904
HYPOTHETICAL_R1_SENSITIVITY_ONLY,NOT_IDENTIFIABLE,Set_B_custom_consistent,shared_parallel_flat_port_assumption_in_rig_frame,assumed exactly parallel; not measured,1.0,1.5,1.336,0.01,0.01,50,50,0,3.137756607718007,3.0487498463331213,3.2370716854302666,3.27433836804836,0.004979762826239259,2.06841440795169,2.2094472384865504,1.420154576701881
HYPOTHETICAL_R1_SENSITIVITY_ONLY,NOT_IDENTIFIABLE,Set_B_custom_consistent,shared_parallel_flat_port_assumption_in_rig_frame,assumed exactly parallel; not measured,1.0,1.5,1.336,0.02,0.003,50,50,0,3.1314217790147065,3.043203093621035,3.2325699094094884,3.2693113128308267,0.004972992970962202,2.06841440795169,2.2094472384865504,1.417287421246456
HYPOTHETICAL_R1_SENSITIVITY_ONLY,NOT_IDENTIFIABLE,Set_B_custom_consistent,shared_parallel_flat_port_assumption_in_rig_frame,assumed exactly parallel; not measured,1.0,1.5,1.336,0.02,0.005,50,50,0,3.1317073862643996,3.0434617699406803,3.2327998652604872,3.26954872854794,0.004973188523755997,2.06841440795169,2.2094472384865504,1.4174166876279826
HYPOTHETICAL_R1_SENSITIVITY_ONLY,NOT_IDENTIFIABLE,Set_B_custom_consistent,shared_parallel_flat_port_assumption_in_rig_frame,assumed exactly parallel; not measured,1.0,1.5,1.336,0.02,0.008,50,50,0,3.1321357971389396,3.043849784420148,3.2331447990369857,3.2699048560724524,0.004973481852946852,2.06841440795169,2.2094472384865504,1.4176105872002727
HYPOTHETICAL_R1_SENSITIVITY_ONLY,NOT_IDENTIFIABLE,Set_B_custom_consistent,shared_parallel_flat_port_assumption_in_rig_frame,assumed exactly parallel; not measured,1.0,1.5,1.336,0.02,0.01,50,50,0,3.132421404388631,3.044108460739792,3.233374754887986,3.270142277054016,0.004973677405740703,2.06841440795169,2.2094472384865504,1.4177398535817984
HYPOTHETICAL_R1_SENSITIVITY_ONLY,NOT_IDENTIFIABLE,Set_B_custom_consistent,shared_parallel_flat_port_assumption_in_rig_frame,assumed exactly parallel; not measured,1.0,1.5,1.336,0.03,0.003,50,50,0,3.1256434099884345,3.0382751985522707,3.228872978867208,3.265115948120673,0.0049669075504638165,2.06841440795169,2.2094472384865504,1.4146721204935717
HYPOTHETICAL_R1_SENSITIVITY_ONLY,NOT_IDENTIFIABLE,Set_B_custom_consistent,shared_parallel_flat_port_assumption_in_rig_frame,assumed exactly parallel; not measured,1.0,1.5,1.336,0.03,0.005,50,50,0,3.1259290172381275,3.0385449924095487,3.2291029347182074,3.265353328164875,0.004967103103257551,2.06841440795169,2.2094472384865504,1.4148013868750982
HYPOTHETICAL_R1_SENSITIVITY_ONLY,NOT_IDENTIFIABLE,Set_B_custom_consistent,shared_parallel_flat_port_assumption_in_rig_frame,assumed exactly parallel; not measured,1.0,1.5,1.336,0.03,0.008,50,50,0,3.126357428112666,3.0389496831954657,3.229447868494706,3.265709402194812,0.004967396432448397,2.06841440795169,2.2094472384865504,1.4149952864473876
HYPOTHETICAL_R1_SENSITIVITY_ONLY,NOT_IDENTIFIABLE,Set_B_custom_consistent,shared_parallel_flat_port_assumption_in_rig_frame,assumed exactly parallel; not measured,1.0,1.5,1.336,0.03,0.01,50,50,0,3.126643035362358,3.0392194770527445,3.2296778243457056,3.2659467875231907,0.004967591985242301,2.06841440795169,2.2094472384865504,1.4151245528289138
HYPOTHETICAL_R1_SENSITIVITY_ONLY,NOT_IDENTIFIABLE,Set_B_custom_consistent,shared_parallel_flat_port_assumption_in_rig_frame,assumed exactly parallel; not measured,1.0,1.52,1.336,0.005,0.003,50,50,0,3.1392289672812,3.050205331051581,3.238151899336557,3.2756425102807634,0.0049821457117465405,2.0684144079517788,2.2094472384865504,1.420820969425611
HYPOTHETICAL_R1_SENSITIVITY_ONLY,NOT_IDENTIFIABLE,Set_B_custom_consistent,shared_parallel_flat_port_assumption_in_rig_frame,assumed exactly parallel; not measured,1.0,1.52,1.336,0.005,0.005,50,50,0,3.139511148401914,3.0504907800649224,3.238406251263336,3.2759046614840512,0.004982357671231504,2.0684144079517788,2.2094472384865504,1.4209486851346802
HYPOTHETICAL_R1_SENSITIVITY_ONLY,NOT_IDENTIFIABLE,Set_B_custom_consistent,shared_parallel_flat_port_assumption_in_rig_frame,assumed exactly parallel; not measured,1.0,1.52,1.336,0.005,0.008,50,50,0,3.1399344200829846,3.050918953584935,3.238787779153504,3.276297893082928,0.004982675610458657,2.0684144079517788,2.2094472384865504,1.4211402586982835
HYPOTHETICAL_R1_SENSITIVITY_ONLY,NOT_IDENTIFIABLE,Set_B_custom_consistent,shared_parallel_flat_port_assumption_in_rig_frame,assumed exactly parallel; not measured,1.0,1.52,1.336,0.005,0.01,50,50,0,3.1402166012037,3.0512044025982763,3.239042131080284,3.2765600506772494,0.004982887569943657,2.0684144079517788,2.2094472384865504,1.4212679744073533
HYPOTHETICAL_R1_SENSITIVITY_ONLY,NOT_IDENTIFIABLE,Set_B_custom_consistent,shared_parallel_flat_port_assumption_in_rig_frame,assumed exactly parallel; not measured,1.0,1.52,1.336,0.01,0.003,50,50,0,3.1369052194830984,3.047884638254916,3.236303434065417,3.2735442991648958,0.0049791030014972775,2.0684144079517788,2.2094472384865504,1.4197692367760941
HYPOTHETICAL_R1_SENSITIVITY_ONLY,NOT_IDENTIFIABLE,Set_B_custom_consistent,shared_parallel_flat_port_assumption_in_rig_frame,assumed exactly parallel; not measured,1.0,1.52,1.336,0.01,0.005,50,50,0,3.1371861458323065,3.0481700872682578,3.2365577859921957,3.273806430791131,0.004979314960982192,2.0684144079517788,2.2094472384865504,1.4198963845732058
HYPOTHETICAL_R1_SENSITIVITY_ONLY,NOT_IDENTIFIABLE,Set_B_custom_consistent,shared_parallel_flat_port_assumption_in_rig_frame,assumed exactly parallel; not measured,1.0,1.52,1.336,0.01,0.008,50,50,0,3.1376075353561186,3.0485982607882702,3.236939313882364,3.2741996330333807,0.004979632900209504,2.0684144079517788,2.2094472384865504,1.4200871062688734
HYPOTHETICAL_R1_SENSITIVITY_ONLY,NOT_IDENTIFIABLE,Set_B_custom_consistent,shared_parallel_flat_port_assumption_in_rig_frame,assumed exactly parallel; not measured,1.0,1.52,1.336,0.01,0.01,50,50,0,3.1378884617053266,3.0488837098016117,3.2371936658091434,3.27446177106258,0.004979844859694461,2.0684144079517788,2.2094472384865504,1.420214254065985
HYPOTHETICAL_R1_SENSITIVITY_ONLY,NOT_IDENTIFIABLE,Set_B_custom_consistent,shared_parallel_flat_port_assumption_in_rig_frame,assumed exactly parallel; not measured,1.0,1.52,1.336,0.02,0.003,50,50,0,3.13146507640392,3.043243252661588,3.2326065035231366,3.269348326923758,0.004973017580998829,2.0684144079517788,2.2094472384865504,1.4173070177267246
HYPOTHETICAL_R1_SENSITIVITY_ONLY,NOT_IDENTIFIABLE,Set_B_custom_consistent,shared_parallel_flat_port_assumption_in_rig_frame,assumed exactly parallel; not measured,1.0,1.52,1.336,0.02,0.005,50,50,0,3.1317795485797575,3.043528701674929,3.232860855449915,3.269610419284442,0.004973229540483853,2.0684144079517788,2.2094472384865504,1.4174493484284312
HYPOTHETICAL_R1_SENSITIVITY_ONLY,NOT_IDENTIFIABLE,Set_B_custom_consistent,shared_parallel_flat_port_assumption_in_rig_frame,assumed exactly parallel; not measured,1.0,1.52,1.336,0.02,0.008,50,50,0,3.1322512568435146,3.0439568751949415,3.2332423833400834,3.2700035626463295,0.00497354747971109,2.0684144079517788,2.2094472384865504,1.4176628444809913
HYPOTHETICAL_R1_SENSITIVITY_ONLY,NOT_IDENTIFIABLE,Set_B_custom_consistent,shared_parallel_flat_port_assumption_in_rig_frame,assumed exactly parallel; not measured,1.0,1.52,1.336,0.02,0.01,50,50,0,3.132565729019351,3.044242324208282,3.2334967352668627,3.2702656614339274,0.004973759439195959,2.0684144079517788,2.2094472384865504,1.4178051751826977
HYPOTHETICAL_R1_SENSITIVITY_ONLY,NOT_IDENTIFIABLE,Set_B_custom_consistent,shared_parallel_flat_port_assumption_in_rig_frame,assumed exactly parallel; not measured,1.0,1.52,1.336,0.03,0.003,50,50,0,3.125686707377647,3.0383167372654896,3.2289095729808555,3.2651529565975723,0.004966932160500374,2.0684144079517788,2.2094472384865504,1.4146917169738398
HYPOTHETICAL_R1_SENSITIVITY_ONLY,NOT_IDENTIFIABLE,Set_B_custom_consistent,shared_parallel_flat_port_assumption_in_rig_frame,assumed exactly parallel; not measured,1.0,1.52,1.336,0.03,0.005,50,50,0,3.126001179553485,3.0386142235982527,3.229163924907635,3.265415009543494,0.004967144119985295,2.0684144079517788,2.2094472384865504,1.4148340476755465
HYPOTHETICAL_R1_SENSITIVITY_ONLY,NOT_IDENTIFIABLE,Set_B_custom_consistent,shared_parallel_flat_port_assumption_in_rig_frame,assumed exactly parallel; not measured,1.0,1.52,1.336,0.03,0.008,50,50,0,3.1264728878172416,3.039060453097398,3.2295454527978023,3.265808093801292,0.0049674620592125435,2.0684144079517788,2.2094472384865504,1.4150475437281067
HYPOTHETICAL_R1_SENSITIVITY_ONLY,NOT_IDENTIFIABLE,Set_B_custom_consistent,shared_parallel_flat_port_assumption_in_rig_frame,assumed exactly parallel; not measured,1.0,1.52,1.336,0.03,0.01,50,50,0,3.126787359993079,3.039357939430163,3.2297998047245824,3.2660701531981937,0.004967674018697522,2.0684144079517788,2.2094472384865504,1.4151898744298133
HYPOTHETICAL_R1_SENSITIVITY_ONLY,NOT_IDENTIFIABLE,Set_B_custom_consistent,shared_parallel_flat_port_assumption_in_rig_frame,assumed exactly parallel; not measured,1.0,1.47,1.34,0.005,0.003,50,50,0,3.1504635040791222,3.061233024820899,3.248326979519391,3.285820646200473,0.00499308278970083,2.062202644352391,2.2094472384865504,1.4259057420339933
HYPOTHETICAL_R1_SENSITIVITY_ONLY,NOT_IDENTIFIABLE,Set_B_custom_consistent,shared_parallel_flat_port_assumption_in_rig_frame,assumed exactly parallel; not measured,1.0,1.47,1.34,0.005,0.005,50,50,0,3.1506713988848842,3.0614433063763986,3.2485132561654786,3.2860136377866014,0.004993245438279388,2.062202644352391,2.2094472384865504,1.4259998356163794
HYPOTHETICAL_R1_SENSITIVITY_ONLY,NOT_IDENTIFIABLE,Set_B_custom_consistent,shared_parallel_flat_port_assumption_in_rig_frame,assumed exactly parallel; not measured,1.0,1.47,1.34,0.005,0.008,50,50,0,3.1509832410935275,3.0617587287096484,3.2487926711346105,3.286303127727371,0.004993489411147292,2.062202644352391,2.2094472384865504,1.4261409759899584
HYPOTHETICAL_R1_SENSITIVITY_ONLY,NOT_IDENTIFIABLE,Set_B_custom_consistent,shared_parallel_flat_port_assumption_in_rig_frame,assumed exactly parallel; not measured,1.0,1.47,1.34,0.005,0.01,50,50,0,3.1511911358992895,3.061969010265148,3.2489789477806985,3.286496122728586,0.004993652059725851,2.062202644352391,2.2094472384865504,1.4262350695723445
HYPOTHETICAL_R1_SENSITIVITY_ONLY,NOT_IDENTIFIABLE,Set_B_custom_consistent,shared_parallel_flat_port_assumption_in_rig_frame,assumed exactly parallel; not measured,1.0,1.47,1.34,0.01,0.003,50,50,0,3.1480994640238196,3.0588855238717154,3.2464567420162678,3.2836975474471,0.00499001747211118,2.062202644352391,2.2094472384865504,1.4248357730326418
HYPOTHETICAL_R1_SENSITIVITY_ONLY,NOT_IDENTIFIABLE,Set_B_custom_consistent,shared_parallel_flat_port_assumption_in_rig_frame,assumed exactly parallel; not measured,1.0,1.47,1.34,0.01,0.005,50,50,0,3.148307358829582,3.0590958054272153,3.246643018662356,3.283890524620935,0.004990180120689717,2.062202644352391,2.2094472384865504,1.4249298666150279
HYPOTHETICAL_R1_SENSITIVITY_ONLY,NOT_IDENTIFIABLE,Set_B_custom_consistent,shared_parallel_flat_port_assumption_in_rig_frame,assumed exactly parallel; not measured,1.0,1.47,1.34,0.01,0.008,50,50,0,3.1486192010382243,3.059411227760464,3.2469224336314877,3.284179992948098,0.004990424093557632,2.062202644352391,2.2094472384865504,1.4250710069886066
HYPOTHETICAL_R1_SENSITIVITY_ONLY,NOT_IDENTIFIABLE,Set_B_custom_consistent,shared_parallel_flat_port_assumption_in_rig_frame,assumed exactly parallel; not measured,1.0,1.47,1.34,0.01,0.01,50,50,0,3.148827095843987,3.0596215093159636,3.2471087102775744,3.2843729735434617,0.004990586742136128,2.062202644352391,2.2094472384865504,1.4251651005709927
HYPOTHETICAL_R1_SENSITIVITY_ONLY,NOT_IDENTIFIABLE,Set_B_custom_consistent,shared_parallel_flat_port_assumption_in_rig_frame,assumed exactly parallel; not measured,1.0,1.47,1.34,0.02,0.003,50,50,0,3.1433782707382876,3.054190521973348,3.242716267010021,3.2794518063619327,0.004983886836931712,2.062202644352391,2.2094472384865504,1.422698952019995
HYPOTHETICAL_R1_SENSITIVITY_ONLY,NOT_IDENTIFIABLE,Set_B_custom_consistent,shared_parallel_flat_port_assumption_in_rig_frame,assumed exactly parallel; not measured,1.0,1.47,1.34,0.02,0.005,50,50,0,3.14358517814739,3.0544008035288472,3.242902543656108,3.279644754628353,0.004984049485510231,2.062202644352391,2.2094472384865504,1.422792598704785
HYPOTHETICAL_R1_SENSITIVITY_ONLY,NOT_IDENTIFIABLE,Set_B_custom_consistent,shared_parallel_flat_port_assumption_in_rig_frame,assumed exactly parallel; not measured,1.0,1.47,1.34,0.02,0.008,50,50,0,3.1438955392610435,3.054716225862097,3.24318195862524,3.279934179604093,0.004984293458378112,2.062202644352391,2.2094472384865504,1.4229330687319697
HYPOTHETICAL_R1_SENSITIVITY_ONLY,NOT_IDENTIFIABLE,Set_B_custom_consistent,shared_parallel_flat_port_assumption_in_rig_frame,assumed exactly parallel; not measured,1.0,1.47,1.34,0.02,0.01,50,50,0,3.1441024466701455,3.054926507417596,3.243368235271328,3.2801271313049725,0.004984456106956652,2.062202644352391,2.2094472384865504,1.4230267154167595
HYPOTHETICAL_R1_SENSITIVITY_ONLY,NOT_IDENTIFIABLE,Set_B_custom_consistent,shared_parallel_flat_port_assumption_in_rig_frame,assumed exactly parallel; not measured,1.0,1.47,1.34,0.03,0.003,50,50,0,3.1383508635968447,3.0494955200749794,3.2389757920037736,3.2752066758110225,0.0049777562017523196,2.062202644352391,2.2094472384865504,1.420423538036864
HYPOTHETICAL_R1_SENSITIVITY_ONLY,NOT_IDENTIFIABLE,Set_B_custom_consistent,shared_parallel_flat_port_assumption_in_rig_frame,assumed exactly parallel; not measured,1.0,1.47,1.34,0.03,0.005,50,50,0,3.1385838095068745,3.049705801630479,3.2391620686498617,3.27539959505913,0.0049779188503308106,2.062202644352391,2.2094472384865504,1.4205289697964336
HYPOTHETICAL_R1_SENSITIVITY_ONLY,NOT_IDENTIFIABLE,Set_B_custom_consistent,shared_parallel_flat_port_assumption_in_rig_frame,assumed exactly parallel; not measured,1.0,1.47,1.34,0.03,0.008,50,50,0,3.1389332283719193,3.0500212239637285,3.239441483618992,3.275688976517144,0.004978162823198801,2.062202644352391,2.2094472384865504,1.420687117435788
HYPOTHETICAL_R1_SENSITIVITY_ONLY,NOT_IDENTIFIABLE,Set_B_custom_consistent,shared_parallel_flat_port_assumption_in_rig_frame,assumed exactly parallel; not measured,1.0,1.47,1.34,0.03,0.01,50,50,0,3.13916617428195,3.0502315055192275,3.2396277602650803,3.2758818992127052,0.004978325471777274,2.062202644352391,2.2094472384865504,1.420792549195358
HYPOTHETICAL_R1_SENSITIVITY_ONLY,NOT_IDENTIFIABLE,Set_B_custom_consistent,shared_parallel_flat_port_assumption_in_rig_frame,assumed exactly parallel; not measured,1.0,1.5,1.34,0.005,0.003,50,50,0,3.1505257960512276,3.061296061543815,3.248384057747952,3.285878714940747,0.004993123640408588,2.062202644352391,2.2094472384865504,1.425933935498413
HYPOTHETICAL_R1_SENSITIVITY_ONLY,NOT_IDENTIFIABLE,Set_B_custom_consistent,shared_parallel_flat_port_assumption_in_rig_frame,assumed exactly parallel; not measured,1.0,1.5,1.34,0.005,0.005,50,50,0,3.150775218838403,3.061548367581259,3.2486083865463833,3.2861104197813678,0.004993313522792175,2.062202644352391,2.2094472384865504,1.4260468247237499
HYPOTHETICAL_R1_SENSITIVITY_ONLY,NOT_IDENTIFIABLE,Set_B_custom_consistent,shared_parallel_flat_port_assumption_in_rig_frame,assumed exactly parallel; not measured,1.0,1.5,1.34,0.005,0.008,50,50,0,3.151149353019166,3.0619268266374253,3.248944879744031,3.2864579807449026,0.004993598346367728,2.062202644352391,2.2094472384865504,1.4262161585617552
HYPOTHETICAL_R1_SENSITIVITY_ONLY,NOT_IDENTIFIABLE,Set_B_custom_consistent,shared_parallel_flat_port_assumption_in_rig_frame,assumed exactly parallel; not measured,1.0,1.5,1.34,0.005,0.01,50,50,0,3.1513987758063426,3.062179132674869,3.2491692085424626,3.2866896905217167,0.004993788228751236,2.062202644352391,2.2094472384865504,1.4263290477870925
HYPOTHETICAL_R1_SENSITIVITY_ONLY,NOT_IDENTIFIABLE,Set_B_custom_consistent,shared_parallel_flat_port_assumption_in_rig_frame,assumed exactly parallel; not measured,1.0,1.5,1.34,0.01,0.003,50,50,0,3.1481617559959245,3.058948560594631,3.246513820244829,3.2837556118132687,0.004990058322818862,2.062202644352391,2.2094472384865504,1.4248639664970613
HYPOTHETICAL_R1_SENSITIVITY_ONLY,NOT_IDENTIFIABLE,Set_B_custom_consistent,shared_parallel_flat_port_assumption_in_rig_frame,assumed exactly parallel; not measured,1.0,1.5,1.34,0.01,0.005,50,50,0,3.1484111787831,3.0592008666320756,3.2467381490432596,3.2839872993269617,0.004990248205202351,2.062202644352391,2.2094472384865504,1.424976855722398
HYPOTHETICAL_R1_SENSITIVITY_ONLY,NOT_IDENTIFIABLE,Set_B_custom_consistent,shared_parallel_flat_port_assumption_in_rig_frame,assumed exactly parallel; not measured,1.0,1.5,1.34,0.01,0.008,50,50,0,3.148785312963863,3.05957932568824,3.2470746422409076,3.284334834307077,0.004990533028777926,2.062202644352391,2.2094472384865504,1.4251461895604034
HYPOTHETICAL_R1_SENSITIVITY_ONLY,NOT_IDENTIFIABLE,Set_B_custom_consistent,shared_parallel_flat_port_assumption_in_rig_frame,assumed exactly parallel; not measured,1.0,1.5,1.34,0.01,0.01,50,50,0,3.1490347357510395,3.059831631725684,3.247298971039339,3.2845665267662625,0.004990722911161528,2.062202644352391,2.2094472384865504,1.4252590787857407
HYPOTHETICAL_R1_SENSITIVITY_ONLY,NOT_IDENTIFIABLE,Set_B_custom_consistent,shared_parallel_flat_port_assumption_in_rig_frame,assumed exactly parallel; not measured,1.0,1.5,1.34,0.02,0.003,50,50,0,3.1434403389630936,3.054253558696264,3.2427733452385814,3.2795098619548253,0.004983927687639333,2.062202644352391,2.2094472384865504,1.4227270442159639
HYPOTHETICAL_R1_SENSITIVITY_ONLY,NOT_IDENTIFIABLE,Set_B_custom_consistent,shared_parallel_flat_port_assumption_in_rig_frame,assumed exactly parallel; not measured,1.0,1.5,1.34,0.02,0.005,50,50,0,3.1436886251887257,3.0545058647337076,3.2429976740370123,3.2797415147151243,0.004984117570022929,2.062202644352391,2.2094472384865504,1.422839419031396
HYPOTHETICAL_R1_SENSITIVITY_ONLY,NOT_IDENTIFIABLE,Set_B_custom_consistent,shared_parallel_flat_port_assumption_in_rig_frame,assumed exactly parallel; not measured,1.0,1.5,1.34,0.02,0.008,50,50,0,3.144061054527175,3.054884323789874,3.24333416723466,3.2800889975791576,0.004984402393598441,2.062202644352391,2.2094472384865504,1.4230079812545449
HYPOTHETICAL_R1_SENSITIVITY_ONLY,NOT_IDENTIFIABLE,Set_B_custom_consistent,shared_parallel_flat_port_assumption_in_rig_frame,assumed exactly parallel; not measured,1.0,1.5,1.34,0.02,0.01,50,50,0,3.1443093407528075,3.055136629827317,3.2435584960330894,3.2803206553036226,0.004984592275982091,2.062202644352391,2.2094472384865504,1.4231203560699772
HYPOTHETICAL_R1_SENSITIVITY_ONLY,NOT_IDENTIFIABLE,Set_B_custom_consistent,shared_parallel_flat_port_assumption_in_rig_frame,assumed exactly parallel; not measured,1.0,1.5,1.34,0.03,0.003,50,50,0,3.1384192327131957,3.0495585567978964,3.2390328702323328,3.2752647225970746,0.004977797052459921,2.062202644352391,2.2094472384865504,1.420454482028266
HYPOTHETICAL_R1_SENSITIVITY_ONLY,NOT_IDENTIFIABLE,Set_B_custom_consistent,shared_parallel_flat_port_assumption_in_rig_frame,assumed exactly parallel; not measured,1.0,1.5,1.34,0.03,0.005,50,50,0,3.1386977580341187,3.04981086283534,3.2392571990307646,3.2754963404707196,0.004977986934843455,2.062202644352391,2.2094472384865504,1.4205805431154335
HYPOTHETICAL_R1_SENSITIVITY_ONLY,NOT_IDENTIFIABLE,Set_B_custom_consistent,shared_parallel_flat_port_assumption_in_rig_frame,assumed exactly parallel; not measured,1.0,1.5,1.34,0.03,0.008,50,50,0,3.1391155460155,3.0501893218915055,3.239593692228412,3.275843771018845,0.004978271758418964,2.062202644352391,2.2094472384865504,1.4207696347461833
HYPOTHETICAL_R1_SENSITIVITY_ONLY,NOT_IDENTIFIABLE,Set_B_custom_consistent,shared_parallel_flat_port_assumption_in_rig_frame,assumed exactly parallel; not measured,1.0,1.5,1.34,0.03,0.01,50,50,0,3.139394071336422,3.050441627928949,3.2398180210268435,3.276075393875418,0.004978461640802723,2.062202644352391,2.2094472384865504,1.4208956958333505
HYPOTHETICAL_R1_SENSITIVITY_ONLY,NOT_IDENTIFIABLE,Set_B_custom_consistent,shared_parallel_flat_port_assumption_in_rig_frame,assumed exactly parallel; not measured,1.0,1.52,1.34,0.005,0.003,50,50,0,3.15056562796129,3.0613363676967618,3.2484207682007886,3.285915882884068,0.004993148372694542,2.062202644352391,2.2094472384865504,1.4259519634962619
HYPOTHETICAL_R1_SENSITIVITY_ONLY,NOT_IDENTIFIABLE,Set_B_custom_consistent,shared_parallel_flat_port_assumption_in_rig_frame,assumed exactly parallel; not measured,1.0,1.52,1.34,0.005,0.005,50,50,0,3.1508416053551738,3.061615544502822,3.248669570634473,3.286172366915334,0.004993354743268908,2.062202644352391,2.2094472384865504,1.4260768713868313
HYPOTHETICAL_R1_SENSITIVITY_ONLY,NOT_IDENTIFIABLE,Set_B_custom_consistent,shared_parallel_flat_port_assumption_in_rig_frame,assumed exactly parallel; not measured,1.0,1.52,1.34,0.005,0.008,50,50,0,3.1512555714459998,3.062034309711914,3.249042774285001,3.2865570975071154,0.004993664299130318,2.062202644352391,2.2094472384865504,1.4262642332226856
HYPOTHETICAL_R1_SENSITIVITY_ONLY,NOT_IDENTIFIABLE,Set_B_custom_consistent,shared_parallel_flat_port_assumption_in_rig_frame,assumed exactly parallel; not measured,1.0,1.52,1.34,0.005,0.01,50,50,0,3.1515315488398836,3.062313486517976,3.2492915767186874,3.2868135875973987,0.004993870669704647,2.062202644352391,2.2094472384865504,1.426389141113255
HYPOTHETICAL_R1_SENSITIVITY_ONLY,NOT_IDENTIFIABLE,Set_B_custom_consistent,shared_parallel_flat_port_assumption_in_rig_frame,assumed exactly parallel; not measured,1.0,1.52,1.34,0.01,0.003,50,50,0,3.1482015879059873,3.058988866747578,3.2465505306976636,3.283792776950631,0.004990083055104729,2.062202644352391,2.2094472384865504,1.42488199449491
HYPOTHETICAL_R1_SENSITIVITY_ONLY,NOT_IDENTIFIABLE,Set_B_custom_consistent,shared_parallel_flat_port_assumption_in_rig_frame,assumed exactly parallel; not measured,1.0,1.52,1.34,0.01,0.005,50,50,0,3.148477565299871,3.059268043553639,3.2467993331313494,3.2840492417853815,0.004990289425679191,2.062202644352391,2.2094472384865504,1.4250069023854794
HYPOTHETICAL_R1_SENSITIVITY_ONLY,NOT_IDENTIFIABLE,Set_B_custom_consistent,shared_parallel_flat_port_assumption_in_rig_frame,assumed exactly parallel; not measured,1.0,1.52,1.34,0.01,0.008,50,50,0,3.148891531390697,3.0596868087627307,3.247172536781878,3.2844339435909484,0.004990598981540539,2.062202644352391,2.2094472384865504,1.4251942642213338
HYPOTHETICAL_R1_SENSITIVITY_ONLY,NOT_IDENTIFIABLE,Set_B_custom_consistent,shared_parallel_flat_port_assumption_in_rig_frame,assumed exactly parallel; not measured,1.0,1.52,1.34,0.01,0.01,50,50,0,3.1491675087845814,3.059965985568792,3.247421339215563,3.2846904144961258,0.004990805352115031,2.062202644352391,2.2094472384865504,1.4253191721119034
HYPOTHETICAL_R1_SENSITIVITY_ONLY,NOT_IDENTIFIABLE,Set_B_custom_consistent,shared_parallel_flat_port_assumption_in_rig_frame,assumed exactly parallel; not measured,1.0,1.52,1.34,0.02,0.003,50,50,0,3.1434800392665485,3.0542938648492104,3.242810055691417,3.2795470214641966,0.004983952419925353,2.062202644352391,2.2094472384865504,1.4227450126484131
HYPOTHETICAL_R1_SENSITIVITY_ONLY,NOT_IDENTIFIABLE,Set_B_custom_consistent,shared_parallel_flat_port_assumption_in_rig_frame,assumed exactly parallel; not measured,1.0,1.52,1.34,0.02,0.005,50,50,0,3.14375479236116,3.0545730416552717,3.2430588581251025,3.279803447795679,0.004984158790499708,2.062202644352391,2.2094472384865504,1.4228693664188157
HYPOTHETICAL_R1_SENSITIVITY_ONLY,NOT_IDENTIFIABLE,Set_B_custom_consistent,shared_parallel_flat_port_assumption_in_rig_frame,assumed exactly parallel; not measured,1.0,1.52,1.34,0.02,0.008,50,50,0,3.1441669220030777,3.054991806864363,3.2434320617756307,3.280188091863525,0.004984468346361119,2.062202644352391,2.2094472384865504,1.4230558970744198
HYPOTHETICAL_R1_SENSITIVITY_ONLY,NOT_IDENTIFIABLE,Set_B_custom_consistent,shared_parallel_flat_port_assumption_in_rig_frame,assumed exactly parallel; not measured,1.0,1.52,1.34,0.02,0.01,50,50,0,3.144441675097689,3.0552709836704244,3.2436808642093165,3.280444524288338,0.004984674716935393,2.062202644352391,2.2094472384865504,1.4231802508448224
HYPOTHETICAL_R1_SENSITIVITY_ONLY,NOT_IDENTIFIABLE,Set_B_custom_consistent,shared_parallel_flat_port_assumption_in_rig_frame,assumed exactly parallel; not measured,1.0,1.52,1.34,0.03,0.003,50,50,0,3.1384627089728045,3.049598862950842,3.2390695806851695,3.2753018764569397,0.004977821784745778,2.062202644352391,2.2094472384865504,1.4204741594656138
HYPOTHETICAL_R1_SENSITIVITY_ONLY,NOT_IDENTIFIABLE,Set_B_custom_consistent,shared_parallel_flat_port_assumption_in_rig_frame,assumed exactly parallel; not measured,1.0,1.52,1.34,0.03,0.005,50,50,0,3.138770218466817,3.049878039756904,3.2393183831188552,3.2755582641375574,0.004978028155320284,2.062202644352391,2.2094472384865504,1.4206133388443545
HYPOTHETICAL_R1_SENSITIVITY_ONLY,NOT_IDENTIFIABLE,Set_B_custom_consistent,shared_parallel_flat_port_assumption_in_rig_frame,assumed exactly parallel; not measured,1.0,1.52,1.34,0.03,0.008,50,50,0,3.1392314827078356,3.0502968049659946,3.2396915867693834,3.275942850246375,0.004978337711181587,2.062202644352391,2.2094472384865504,1.420822107912465
HYPOTHETICAL_R1_SENSITIVITY_ONLY,NOT_IDENTIFIABLE,Set_B_custom_consistent,shared_parallel_flat_port_assumption_in_rig_frame,assumed exactly parallel; not measured,1.0,1.52,1.34,0.03,0.01,50,50,0,3.1395389922018486,3.050575981772057,3.2399403892030696,3.276199244043343,0.0049785440817560166,2.062202644352391,2.2094472384865504,1.4209612872912059
